-- phpMyAdmin SQL Dump
-- version 4.9.7
-- https://www.phpmyadmin.net/
--
-- Host: localhost:3306
-- Generation Time: Jun 29, 2021 at 10:08 AM
-- Server version: 10.2.39-MariaDB
-- PHP Version: 7.3.28

SET SQL_MODE = "NO_AUTO_VALUE_ON_ZERO";
SET AUTOCOMMIT = 0;
START TRANSACTION;
SET time_zone = "+00:00";


/*!40101 SET @OLD_CHARACTER_SET_CLIENT=@@CHARACTER_SET_CLIENT */;
/*!40101 SET @OLD_CHARACTER_SET_RESULTS=@@CHARACTER_SET_RESULTS */;
/*!40101 SET @OLD_COLLATION_CONNECTION=@@COLLATION_CONNECTION */;
/*!40101 SET NAMES utf8mb4 */;

--
-- Database: `kplaocom_KPleave`
--

DELIMITER $$
--
-- Procedures
--
CREATE DEFINER=`kplaocom`@`localhost` PROCEDURE `add_sunday_data` ()  NO SQL
BEGIN
DECLARE _now DATETIME;
DECLARE _endYear DATETIME;  
SET _endYear = DATE_FORMAT(NOW() + INTERVAL 1 YEAR ,'%Y-01-01');
SELECT '2021-01-01' into _now from dual;    
while _now < _endYear DO
 if DAYOFWEEK(_now) = 7 THEN -- Saturday
     -- insert into tbl_hold_test values (_now,'sat');
    SET _now = _now + INTERVAL 1 DAY;
  ELSEIF DAYOFWEEK(_now) = 1 THEN -- Sunday
   insert into tbl_all_sunday values (_now,'2021');
    SET _now = _now + INTERVAL 6 DAY;
  ELSE
    SET _now = _now + INTERVAL 1 DAY;
  END IF;
END WHILE; 
END$$

DELIMITER ;

-- --------------------------------------------------------

--
-- Stand-in structure for view `all_holiday`
-- (See below for the actual view)
--
CREATE TABLE `all_holiday` (
`hd_date` date
,`hd_year` year(4)
);

-- --------------------------------------------------------

--
-- Stand-in structure for view `calculator_leave_used`
-- (See below for the actual view)
--
CREATE TABLE `calculator_leave_used` (
`user_ids` int(11)
,`leave_type` int(11)
,`cal_leave` bigint(16)
,`date_request` date
);

-- --------------------------------------------------------

--
-- Stand-in structure for view `calculator_total_leave`
-- (See below for the actual view)
--
CREATE TABLE `calculator_total_leave` (
`lt_id` int(11)
,`leave_name` varchar(50)
,`max_minus` int(11)
);

-- --------------------------------------------------------

--
-- Stand-in structure for view `detail_leave_request`
-- (See below for the actual view)
--
CREATE TABLE `detail_leave_request` (
`lr_id` int(11)
,`leave_name` varchar(50)
,`date_leave` int(11)
,`hours_leave` int(11)
,`minus_leave` int(11)
,`date_from` date
,`time_from` time
,`date_to` date
,`time_to` time
,`reason` text
,`attatch_status` varchar(15)
,`attatch_file` varchar(100)
,`date_request` date
,`staff_code` int(11)
,`staff_first_name` varchar(30)
,`staff_last_name` varchar(30)
,`staff_gender` varchar(4)
,`staff_position` varchar(50)
,`staff_depart` varchar(50)
,`staff_unit` varchar(50)
,`approve_status` int(11)
,`approve_level` varchar(11)
,`approve_date` date
,`approve_reason` varchar(150)
,`approve_by` int(11)
);

-- --------------------------------------------------------

--
-- Stand-in structure for view `full_view_doc`
-- (See below for the actual view)
--
CREATE TABLE `full_view_doc` (
`user_ids` int(11)
,`lr_id` int(11)
,`depart_id` int(11)
,`date_from` varchar(10)
,`date_to` varchar(10)
,`time_from` time
,`time_to` time
,`date_leave` int(11)
,`hours_leave` int(11)
,`minus_leave` int(11)
,`reason` text
,`requester_full_name` varchar(66)
,`staff_code` int(11)
,`depart_name` varchar(50)
,`position_name` varchar(50)
,`unit_name` varchar(50)
,`leave_name` varchar(50)
,`attatch_file` varchar(15)
);

-- --------------------------------------------------------

--
-- Stand-in structure for view `leave_history_view`
-- (See below for the actual view)
--
CREATE TABLE `leave_history_view` (
`user_ids` int(11)
,`lr_id` int(11)
,`depart_id` int(11)
,`reason` text
,`date_from` date
,`date_to` date
,`requester_full_name` varchar(66)
);

-- --------------------------------------------------------

--
-- Stand-in structure for view `line_group_single`
-- (See below for the actual view)
--
CREATE TABLE `line_group_single` (
`line_token` text
,`staff_depart` int(11)
,`role_level` int(11)
);

-- --------------------------------------------------------

--
-- Stand-in structure for view `list_leave_view`
-- (See below for the actual view)
--
CREATE TABLE `list_leave_view` (
`lr_id` int(11)
,`user_ids` int(11)
,`staff_gender` varchar(4)
,`depart_id` int(11)
,`full_name` varchar(61)
,`leave_name` varchar(50)
,`date_leave` int(11)
,`hours_leave` int(11)
,`minus_leave` int(11)
,`date_from` date
,`time_from` time
,`date_to` date
,`time_to` time
,`reason` text
,`attatch_file` varchar(12)
,`approve_by` int(11)
,`staff_id` int(11)
,`approve_status` int(11)
);

-- --------------------------------------------------------

--
-- Stand-in structure for view `pre_count_leave`
-- (See below for the actual view)
--
CREATE TABLE `pre_count_leave` (
`user_ids` int(11)
,`sick_leave` int(1)
,`anual_leave` int(1)
,`pagneg_leave` int(1)
,`mission_leave` int(1)
,`married_leave` int(1)
,`mong_leave` int(1)
,`learn_leave` int(1)
,`nopayment_leave` int(1)
,`other_leave` int(1)
,`date_from` date
,`date_to` date
);

-- --------------------------------------------------------

--
-- Stand-in structure for view `pre_email_leave_id`
-- (See below for the actual view)
--
CREATE TABLE `pre_email_leave_id` (
`user_ids` int(11)
,`lr_id` int(11)
,`Full_name` varchar(66)
,`reason` text
,`leave_name` varchar(50)
,`staff_email` varchar(50)
,`depart_name` varchar(50)
,`position_name` varchar(50)
,`start_date` varchar(21)
,`to_date` varchar(21)
,`approve_by` int(11)
,`app_email` varchar(50)
,`line_token` text
,`approval_name` varchar(66)
,`depart_email` varchar(50)
);

-- --------------------------------------------------------

--
-- Stand-in structure for view `profile_leave_view`
-- (See below for the actual view)
--
CREATE TABLE `profile_leave_view` (
`user_ids` int(11)
,`staff_id` int(11)
,`staff_code` int(11)
,`staff_first_name` varchar(30)
,`staff_last_name` varchar(30)
,`staff_gender` varchar(4)
,`staff_position` varchar(50)
,`depart_id` int(11)
,`staff_depart` varchar(50)
,`staff_unit` varchar(50)
);

-- --------------------------------------------------------

--
-- Stand-in structure for view `staff_email_leave`
-- (See below for the actual view)
--
CREATE TABLE `staff_email_leave` (
`user_ids` int(11)
,`lr_id` int(11)
,`Full_name` varchar(66)
,`depart_name` varchar(50)
,`position_name` varchar(50)
,`reason` text
,`leave_name` varchar(50)
,`staff_email` varchar(50)
,`line_token` text
,`start_date` varchar(21)
,`to_date` varchar(21)
);

-- --------------------------------------------------------

--
-- Stand-in structure for view `staff_info_view`
-- (See below for the actual view)
--
CREATE TABLE `staff_info_view` (
`staff_id` int(11)
,`staff_code` int(11)
,`staff_first_name` varchar(30)
,`staff_last_name` varchar(30)
,`staff_gender` int(11)
,`gender_name` varchar(5)
,`depart_name` varchar(50)
,`staff_unit` int(11)
,`unit_name` varchar(50)
,`staff_position` int(11)
,`position_name` varchar(50)
,`staff_depart` int(11)
);

-- --------------------------------------------------------

--
-- Table structure for table `tbl_activity_type`
--

CREATE TABLE `tbl_activity_type` (
  `at_id` int(11) NOT NULL,
  `act_name` varchar(150) CHARACTER SET utf8 DEFAULT NULL
) ENGINE=MyISAM DEFAULT CHARSET=latin1;

--
-- Dumping data for table `tbl_activity_type`
--

INSERT INTO `tbl_activity_type` (`at_id`, `act_name`) VALUES
(1, 'ໄປເຮັດວຽກ'),
(2, 'ໄປຕະຫຼາດ'),
(3, 'ໄປໂຮງໝໍ'),
(4, 'ໄປພົວພັນວຽກ'),
(5, 'ບໍ່ສະບາຍ'),
(6, 'ຢູ່ບ້ານ'),
(7, 'ເຮັດວຽກຢູ່ບ້ານ'),
(8, 'ອື່ນໆ');

-- --------------------------------------------------------

--
-- Table structure for table `tbl_all_sunday`
--

CREATE TABLE `tbl_all_sunday` (
  `sun_date` date DEFAULT NULL,
  `sun_year` year(4) DEFAULT NULL
) ENGINE=MyISAM DEFAULT CHARSET=latin1;

--
-- Dumping data for table `tbl_all_sunday`
--

INSERT INTO `tbl_all_sunday` (`sun_date`, `sun_year`) VALUES
('2020-01-05', 2020),
('2020-01-12', 2020),
('2020-01-19', 2020),
('2020-01-26', 2020),
('2020-02-02', 2020),
('2020-02-09', 2020),
('2020-02-16', 2020),
('2020-02-23', 2020),
('2020-03-01', 2020),
('2020-03-08', 2020),
('2020-03-15', 2020),
('2020-03-22', 2020),
('2020-03-29', 2020),
('2020-04-05', 2020),
('2020-04-12', 2020),
('2020-04-19', 2020),
('2020-04-26', 2020),
('2020-05-03', 2020),
('2020-05-10', 2020),
('2020-05-17', 2020),
('2020-05-24', 2020),
('2020-05-31', 2020),
('2020-06-07', 2020),
('2020-06-14', 2020),
('2020-06-21', 2020),
('2020-06-28', 2020),
('2020-07-05', 2020),
('2020-07-12', 2020),
('2020-07-19', 2020),
('2020-07-26', 2020),
('2020-08-02', 2020),
('2020-08-09', 2020),
('2020-08-16', 2020),
('2020-08-23', 2020),
('2020-08-30', 2020),
('2020-09-06', 2020),
('2020-09-13', 2020),
('2020-09-20', 2020),
('2020-09-27', 2020),
('2020-10-04', 2020),
('2020-10-11', 2020),
('2020-10-18', 2020),
('2020-10-25', 2020),
('2020-11-01', 2020),
('2020-11-08', 2020),
('2020-11-15', 2020),
('2020-11-22', 2020),
('2020-11-29', 2020),
('2020-12-06', 2020),
('2020-12-13', 2020),
('2020-12-20', 2020),
('2020-12-27', 2020),
('2021-01-03', 2021),
('2021-01-10', 2021),
('2021-01-17', 2021),
('2021-01-24', 2021),
('2021-01-31', 2021),
('2021-02-07', 2021),
('2021-02-14', 2021),
('2021-02-21', 2021),
('2021-02-28', 2021),
('2021-03-07', 2021),
('2021-03-14', 2021),
('2021-03-21', 2021),
('2021-03-28', 2021),
('2021-04-04', 2021),
('2021-04-11', 2021),
('2021-04-18', 2021),
('2021-04-25', 2021),
('2021-05-02', 2021),
('2021-05-09', 2021),
('2021-05-16', 2021),
('2021-05-23', 2021),
('2021-05-30', 2021),
('2021-06-06', 2021),
('2021-06-13', 2021),
('2021-06-20', 2021),
('2021-06-27', 2021),
('2021-07-04', 2021),
('2021-07-11', 2021),
('2021-07-18', 2021),
('2021-07-25', 2021),
('2021-08-01', 2021),
('2021-08-08', 2021),
('2021-08-15', 2021),
('2021-08-22', 2021),
('2021-08-29', 2021),
('2021-09-05', 2021),
('2021-09-12', 2021),
('2021-09-19', 2021),
('2021-09-26', 2021),
('2021-10-03', 2021),
('2021-10-10', 2021),
('2021-10-17', 2021),
('2021-10-24', 2021),
('2021-10-31', 2021),
('2021-11-07', 2021),
('2021-11-14', 2021),
('2021-11-21', 2021),
('2021-11-28', 2021),
('2021-12-05', 2021),
('2021-12-12', 2021),
('2021-12-19', 2021),
('2021-12-26', 2021);

-- --------------------------------------------------------

--
-- Table structure for table `tbl_approval`
--

CREATE TABLE `tbl_approval` (
  `la_id` int(11) NOT NULL,
  `lr_id` int(11) DEFAULT NULL,
  `approve_status` int(11) DEFAULT NULL,
  `approve_reason` varchar(150) DEFAULT NULL,
  `approve_by` int(11) DEFAULT NULL,
  `approve_level` int(11) DEFAULT NULL,
  `approve_date` date DEFAULT NULL
) ENGINE=InnoDB DEFAULT CHARSET=utf8mb4;

--
-- Dumping data for table `tbl_approval`
--

INSERT INTO `tbl_approval` (`la_id`, `lr_id`, `approve_status`, `approve_reason`, `approve_by`, `approve_level`, `approve_date`) VALUES
(7, 4, 0, NULL, 4, 1, '2020-11-20'),
(8, 5, 1, 'Approved', 2, 2, '2020-11-20'),
(9, 5, 1, 'K', 4, 3, '2020-11-20'),
(34, 19, 1, 'ໄປ​ກວດ​ຕາ​ຢູ່​ໂຮງ​ໝໍ', 3, 2, '2020-11-25'),
(35, 19, 1, 'ອະນຸຍາດ', 4, 3, '2020-11-25'),
(36, 20, 1, '', 108, 2, '2020-11-26'),
(37, 21, 1, 'ໃຊ້​ສິດ​ການ​ລາ​ຕາມ​ລະ​ບຽບ', 3, 2, '2020-11-26'),
(38, 22, 1, 'ມັດ​ແຂນ', 3, 2, '2020-11-26'),
(39, 22, 1, 'ອະນຸຍາດ', 4, 3, '2020-11-26'),
(40, 23, 1, 'ເຫັນດີຕາມຮ້ອງຂໍ', 167, 1, '2020-11-30'),
(41, 23, 0, NULL, 166, 2, '2020-11-30'),
(42, 24, 1, 'ເຫັນດີຕາມການຂໍລາພັກ', 167, 1, '2020-11-30'),
(43, 25, 1, 'ເຫັນວ່າມີເຫດຜົນພຽງພໍ', 167, 1, '2020-11-30'),
(44, 25, 0, NULL, 166, 2, '2020-11-30'),
(47, 24, 0, NULL, 166, 2, '2020-12-01'),
(48, 27, 1, 'ໃຊ້​ສິດ​ການ​ລາ​ຕາມ​ລະ​ບຽບ', 3, 1, '2020-12-03'),
(50, 27, 1, 'ອະນຸຍາດ', 0, 3, '2020-12-03'),
(51, 21, 1, '', 4, 3, '2020-12-03'),
(53, 28, 1, 'ເຫັນວ່າມີເຫດຜົນພຽງພໍ', 167, 1, '2020-12-03'),
(54, 28, 0, NULL, 166, 2, '2020-12-03'),
(55, 29, 1, 'Approved', 2, 2, '2020-12-03'),
(63, 30, 1, 'ອະນຸຍາດ', 4, 1, '2020-12-04'),
(64, 30, 1, 'ອະນຸຍາດ', 0, 3, '2020-12-04'),
(65, 31, 1, 'ໃຊ້​ສິດ​ການ​ລາ​ຕາມ​ລະ​ບຽບ', 3, 1, '2020-12-04'),
(66, 31, 1, '', 4, 3, '2020-12-04'),
(67, 32, 1, 'ໃຊ້​ສິດ​ການ​ລາ​ຕາມ​ລະ​ບຽບ', 3, 1, '2020-12-04'),
(68, 33, 1, 'ໃຊ້​ສິດ​ການ​ລາ​ຕາມ​ລະ​ບຽບ', 3, 1, '2020-12-04'),
(69, 34, 1, '', 108, 1, '2020-12-05'),
(70, 35, 0, NULL, 5, 1, '2020-12-05'),
(71, 36, 1, '', 108, 2, '2020-12-07'),
(72, 20, 1, 'ອະນຸຍາດ', 4, 3, '2020-12-07'),
(73, 37, 1, '', 108, 2, '2020-12-07'),
(74, 34, 1, 'ອະນຸຍາດ', 0, 2, '2020-12-07'),
(75, 36, 1, 'ອະນຸຍາດ', 4, 3, '2020-12-07'),
(76, 37, 1, 'ອະນຸຍາດ', 0, 3, '2020-12-07'),
(77, 34, 1, 'ອະນຸຍາດ', 0, 3, '2020-12-07'),
(80, 32, 1, 'ອະນຸຍາດ', 0, 3, '2020-12-07'),
(81, 33, 1, 'ອະນຸຍາດ', 0, 3, '2020-12-07'),
(82, 38, 1, '', 109, 1, '2020-12-08'),
(83, 38, 1, '', 108, 2, '2020-12-08'),
(84, 39, 1, '', 108, 1, '2020-12-08'),
(85, 38, 1, 'ອະນຸຍາດ', 0, 3, '2020-12-08'),
(86, 39, 1, 'ອະນຸຍາດ', 0, 2, '2020-12-08'),
(87, 40, 1, '', 128, 1, '2020-12-08'),
(88, 34, 1, 'ອານຸຍາດ', 0, 3, '2020-12-10'),
(89, 39, 1, 'ອານຸຍາດ', 0, 3, '2020-12-10'),
(90, 41, 1, '', 167, 1, '2020-12-10'),
(91, 29, 1, 'ອະນຸຍາດ', 0, 3, '2020-12-10'),
(92, 42, 1, '', 143, 2, '2020-12-10'),
(93, 43, 1, 'Approved', 2, 2, '2020-12-10'),
(94, 43, 1, 'ອະນຸຍາດ', 0, 3, '2020-12-10'),
(95, 44, 1, 'ອະນຸຍາດ', 4, 1, '2020-12-11'),
(96, 44, 1, 'ອະນຸຍາດ', 0, 3, '2020-12-11'),
(97, 45, 0, NULL, 5, 1, '2020-12-11'),
(98, 46, 1, '', 61, 1, '2020-12-11'),
(99, 47, 1, '', 64, 1, '2020-12-11'),
(100, 48, 1, '', 45, 2, '2020-12-11'),
(102, 49, 1, '', 45, 2, '2020-12-11'),
(103, 50, 1, '', 45, 2, '2020-12-11'),
(104, 51, 1, '', 45, 2, '2020-12-11'),
(105, 52, 1, '', 45, 2, '2020-12-11'),
(106, 53, 1, '', 108, 2, '2020-12-15'),
(107, 53, 1, 'ອະນຸຍາດ', 0, 3, '2020-12-15'),
(108, 54, 1, 'ມັດ​ແຂນ', 3, 1, '2020-12-15'),
(109, 55, 1, '', 108, 1, '2020-12-16'),
(110, 56, 0, NULL, 5, 1, '2020-12-16'),
(111, 55, 1, 'ອະນຸຍາດ', 0, 2, '2020-12-16'),
(112, 55, 1, 'ອານຸຍາດ', 0, 3, '2020-12-16'),
(113, 54, 1, 'ອະນຸຍາດ', 0, 3, '2020-12-16'),
(114, 57, 1, 'ອະນຸຍາດ', 4, 1, '2020-12-18'),
(115, 58, 1, '', 108, 2, '2020-12-18'),
(116, 57, 1, 'ອະນຸຍາດ', 0, 3, '2020-12-18'),
(117, 59, 1, 'Approved', 2, 2, '2020-12-18'),
(118, 60, 1, 'ໃຊ້​ສິດ​ການ​ລາ​ຕາມ​ລະ​ບຽບ', 3, 1, '2020-12-18'),
(119, 61, 1, 'ໃຊ້​ສິດ​ການ​ລາ​ຕາມ​ລະ​ບຽບ', 3, 1, '2020-12-18'),
(120, 62, 1, 'ໃຊ້​ສິດ​ການ​ລາ​ຕາມ​ລະ​ບຽບ', 3, 1, '2020-12-18'),
(121, 63, 1, 'ໃຊ້​ສິດ​ການ​ລາ​ຕາມ​ລະ​ບຽບ', 3, 1, '2020-12-18'),
(122, 64, 1, 'ໃຊ້​ສິດ​ການ​ລາ​ຕາມ​ລະ​ບຽບ', 3, 1, '2020-12-18'),
(123, 65, 1, 'ໃຊ້​ສິດ​ການ​ລາ​ຕາມ​ລະ​ບຽບ', 3, 1, '2020-12-18'),
(124, 60, 1, 'ອະນຸຍາດ', 0, 3, '2020-12-18'),
(125, 61, 1, 'ອະນຸຍາດ', 0, 3, '2020-12-18'),
(126, 62, 1, 'ອະນຸຍາດ', 0, 3, '2020-12-18'),
(127, 63, 1, 'ອະນຸຍາດ', 0, 3, '2020-12-18'),
(128, 64, 1, 'ອະນຸຍາດ', 0, 3, '2020-12-18'),
(129, 65, 1, 'ອານຸຍາດ', 0, 3, '2020-12-18'),
(130, 66, 1, '', 100, 1, '2020-12-18'),
(131, 59, 1, 'ອະນຸຍາດ', 0, 3, '2020-12-18'),
(133, 67, 1, '', 100, 2, '2020-12-18'),
(134, 68, 1, '', 100, 2, '2020-12-18'),
(135, 69, 1, '', 100, 2, '2020-12-18'),
(136, 70, 1, '', 100, 2, '2020-12-18'),
(137, 66, 1, 'ອະນຸຍາດ', 0, 2, '2020-12-18'),
(138, 71, 1, '', 100, 2, '2020-12-18'),
(139, 67, 1, 'ອານຸຍາດ', 0, 3, '2020-12-18'),
(140, 68, 1, 'ອະນຸຍາດ', 0, 3, '2020-12-18'),
(141, 69, 1, 'ອະນຸຍາດ', 0, 3, '2020-12-18'),
(142, 70, 1, 'ອະນຸຍາດ', 0, 3, '2020-12-18'),
(143, 71, 1, 'ອະນຸຍາດ', 0, 3, '2020-12-18'),
(144, 72, 0, NULL, 5, 1, '2020-12-18'),
(145, 73, 0, NULL, 5, 1, '2020-12-18'),
(146, 74, 0, NULL, 5, 1, '2020-12-18'),
(147, 75, 0, NULL, 5, 1, '2020-12-18'),
(148, 76, 0, NULL, 5, 1, '2020-12-18'),
(149, 77, 1, '', 108, 1, '2020-12-18'),
(150, 58, 1, 'ອະນຸຍາດ', 0, 3, '2020-12-19'),
(151, 77, 1, 'ອະນຸຍາດ', 0, 2, '2020-12-19'),
(152, 78, 1, '', 60, 1, '2020-12-19'),
(153, 46, 1, 'ອະນຸຍາດ', 0, 2, '2020-12-19'),
(154, 79, 1, '', 110, 1, '2020-12-19'),
(155, 80, 1, '', 108, 2, '2020-12-21'),
(156, 81, 1, '', 45, 2, '2020-12-21'),
(157, 82, 1, '', 2, 2, '2020-12-21'),
(158, 82, 1, '', 0, 3, '2020-12-21'),
(159, 80, 1, 'ອານຸຍາດ', 0, 3, '2020-12-21'),
(160, 83, 1, '', 58, 2, '2020-12-22'),
(161, 84, 1, '', 100, 1, '2020-12-22'),
(162, 84, 1, 'ອະນຸຍາດ', 0, 2, '2020-12-22'),
(163, 85, 1, '', 108, 2, '2020-12-22'),
(164, 79, 1, '', 108, 2, '2020-12-22'),
(165, 86, 1, '', 100, 1, '2020-12-22'),
(167, 87, 1, '', 108, 2, '2020-12-22'),
(168, 85, 1, 'ອານຸຍາດ', 0, 3, '2020-12-22'),
(169, 79, 1, 'ອະນຸຍາດ', 0, 3, '2020-12-22'),
(170, 87, 1, 'ອານຸຍາດ', 0, 3, '2020-12-22'),
(171, 88, 1, 'Approved', 2, 2, '2020-12-23'),
(172, 88, 1, 'ອະນຸຍາດ', 0, 3, '2020-12-23'),
(173, 84, 1, 'ອານຸຍາດ', 0, 3, '2020-12-23'),
(174, 46, 1, 'ອານຸຍາດ', 0, 3, '2020-12-23'),
(175, 89, 1, '', 45, 2, '2020-12-23'),
(176, 90, 1, 'ໃຊ້​ສິດ​ການ​ລາ​ຕາມ​ລະ​ບຽບ', 3, 1, '2020-12-23'),
(178, 91, 1, '', 100, 1, '2020-12-24'),
(179, 91, 1, 'ອະນຸຍາດ', 0, 2, '2020-12-24'),
(180, 92, 1, '', 61, 1, '2020-12-25'),
(181, 93, 1, '', 45, 2, '2020-12-25'),
(182, 94, 1, '', 167, 1, '2020-12-25'),
(183, 95, 2, 'ໃຫ້ຂຽນໃບລົງເວລາສົ່ງໃຫ້ຝ່າຍບຸກຄົນ', 101, 1, '2020-12-26'),
(184, 96, 1, '', 100, 2, '2020-12-26'),
(185, 96, 1, 'ອານຸຍາດ', 0, 3, '2020-12-26'),
(186, 97, 1, '', 110, 1, '2021-01-04'),
(187, 98, 1, '', 100, 1, '2021-01-04'),
(188, 97, 1, '', 108, 2, '2021-01-04'),
(189, 98, 1, 'ອະນຸຍາດ', 0, 2, '2021-01-04'),
(190, 99, 1, '', 60, 1, '2021-01-04'),
(191, 100, 1, '', 108, 1, '2021-01-05'),
(192, 97, 1, 'ອະນຸຍາດ', 0, 3, '2021-01-05'),
(193, 100, 1, 'ອະນຸຍາດ', 0, 2, '2021-01-05'),
(194, 101, 1, 'Approved', 2, 2, '2021-01-05'),
(195, 102, 1, 'Approved', 2, 2, '2021-01-05'),
(196, 103, 1, '', 45, 2, '2021-01-06'),
(197, 104, 2, 'ອອກແລ້ວ', 59, 2, '2021-01-06'),
(198, 100, 1, 'ອານຸຍາດ', 0, 3, '2021-01-06'),
(199, 105, 1, '', 64, 1, '2021-01-07'),
(200, 106, 0, NULL, 5, 1, '2021-01-08'),
(201, 107, 1, '', 90, 1, '2021-01-08'),
(202, 107, 0, NULL, 89, 2, '2021-01-08'),
(203, 108, 1, '', 108, 1, '2021-01-09'),
(204, 108, 1, 'ອະນຸຍາດ', 0, 2, '2021-01-09'),
(205, 109, 1, '', 108, 1, '2021-01-09'),
(206, 109, 1, 'ອະນຸຍາດ', 0, 2, '2021-01-09'),
(207, 110, 0, NULL, 5, 1, '2021-01-09'),
(208, 111, 1, '', 60, 1, '2021-01-09'),
(209, 112, 1, '', 45, 2, '2021-01-09'),
(210, 113, 0, NULL, 5, 1, '2021-01-11'),
(211, 114, 0, NULL, 5, 1, '2021-01-11'),
(212, 115, 1, '', 167, 1, '2021-01-11'),
(213, 116, 1, '', 58, 2, '2021-01-11'),
(214, 109, 1, 'ອານຸຍາດ', 0, 3, '2021-01-12'),
(215, 108, 1, 'ອານຸຍາດ', 0, 3, '2021-01-12'),
(216, 117, 1, '', 109, 1, '2021-01-12'),
(217, 118, 1, '', 109, 1, '2021-01-12'),
(218, 117, 1, '', 108, 2, '2021-01-12'),
(219, 118, 1, '', 108, 2, '2021-01-12'),
(220, 117, 1, 'ອະນຸຍາດ', 0, 3, '2021-01-12'),
(221, 118, 1, 'ອະນຸຍາດ', 0, 3, '2021-01-12'),
(222, 119, 1, '', 100, 2, '2021-01-12'),
(223, 120, 1, 'Approved', 2, 2, '2021-01-12'),
(224, 121, 0, NULL, 5, 1, '2021-01-12'),
(225, 122, 0, NULL, 5, 1, '2021-01-12'),
(226, 98, 1, 'ອານຸຍາດ', 0, 3, '2021-01-12'),
(227, 77, 1, 'ອານຸຍາດ', 0, 3, '2021-01-12'),
(228, 91, 1, 'ອານຸຍາດ', 0, 3, '2021-01-12'),
(229, 123, 1, 'ໃຊ້​ສິດ​ການ​ລາ​ຕາມ​ລະ​ບຽບ', 3, 1, '2021-01-12'),
(230, 90, 1, 'ອະນຸຍາດ', 0, 3, '2021-01-13'),
(231, 123, 1, 'ອະນຸຍາດ', 0, 3, '2021-01-13'),
(232, 101, 1, 'ອະນຸຍາດ', 0, 3, '2021-01-13'),
(233, 102, 1, '', 0, 3, '2021-01-13'),
(234, 120, 1, '', 0, 3, '2021-01-13'),
(235, 41, 1, '', 0, 2, '2021-01-13'),
(236, 41, 1, 'ອານຸຍາດ', 0, 3, '2021-01-13'),
(237, 124, 0, NULL, 166, 2, '2021-01-13'),
(238, 94, 0, NULL, 166, 2, '2021-01-13'),
(239, 115, 1, 'ອະນຸຍາດ', 0, 2, '2021-01-13'),
(244, 128, 1, '', 167, 1, '2021-01-14'),
(245, 129, 1, 'Approved', 2, 2, '2021-01-14'),
(246, 130, 1, 'Approved', 2, 2, '2021-01-14'),
(247, 129, 1, 'ອະນຸຍາດ', 0, 3, '2021-01-14'),
(248, 130, 1, '', 0, 3, '2021-01-14'),
(250, 115, 1, 'ອານຸຍາດ', 0, 3, '2021-01-14'),
(251, 128, 0, NULL, 166, 2, '2021-01-14'),
(252, 131, 1, '', 167, 1, '2021-01-14'),
(253, 132, 1, '', 167, 1, '2021-01-14'),
(254, 133, 1, '', 167, 1, '2021-01-14'),
(255, 131, 0, NULL, 166, 2, '2021-01-14'),
(256, 133, 0, NULL, 166, 2, '2021-01-14'),
(257, 132, 0, NULL, 166, 2, '2021-01-14'),
(258, 134, 1, '', 167, 1, '2021-01-14'),
(259, 135, 1, '', 60, 1, '2021-01-15'),
(260, 136, 0, NULL, 89, 2, '2021-01-15'),
(261, 137, 1, '', 90, 1, '2021-01-15'),
(262, 138, 1, '', 90, 1, '2021-01-15'),
(263, 139, 1, 'Approved', 2, 2, '2021-01-18'),
(264, 140, 1, '', 167, 1, '2021-01-18'),
(265, 134, 0, NULL, 166, 2, '2021-01-18'),
(266, 139, 1, 'ອານຸຍາດ', 0, 3, '2021-01-18'),
(267, 141, 1, '', 108, 2, '2021-01-18'),
(268, 142, 1, '', 167, 1, '2021-01-18'),
(269, 143, 0, NULL, 166, 2, '2021-01-18'),
(270, 144, 1, '', 167, 1, '2021-01-18'),
(271, 145, 1, '', 167, 1, '2021-01-18'),
(272, 144, 0, NULL, 166, 2, '2021-01-18'),
(273, 145, 0, NULL, 166, 2, '2021-01-18'),
(274, 146, 1, '', 45, 2, '2021-01-19'),
(275, 141, 1, 'ອະນຸຍາດ', 0, 3, '2021-01-19'),
(276, 147, 0, NULL, 5, 1, '2021-01-19'),
(277, 148, 1, 'ອະນຸຍາດ', 4, 1, '2021-01-19'),
(278, 148, 1, 'ອະນຸຍາດ', 0, 3, '2021-01-19'),
(279, 149, 1, 'ໃຊ້​ສິດ​ການ​ລາ​ຕາມ​ລະ​ບຽບ', 3, 1, '2021-01-20'),
(280, 150, 1, '', 60, 1, '2021-01-20'),
(281, 151, 1, '', 108, 2, '2021-01-20'),
(282, 152, 1, 'ອະນຸຍາດ', 4, 1, '2021-01-20'),
(283, 153, 1, '', 90, 1, '2021-01-20'),
(284, 154, 1, '', 90, 1, '2021-01-20'),
(285, 155, 1, '', 90, 1, '2021-01-20'),
(286, 156, 1, '', 90, 1, '2021-01-20'),
(287, 149, 1, 'ອະນຸຍາດ', 0, 3, '2021-01-20'),
(288, 99, 1, 'ອະນຸຍາດ', 0, 2, '2021-01-20'),
(291, 150, 1, '', 0, 3, '2021-01-20'),
(292, 137, 0, NULL, 89, 2, '2021-01-20'),
(293, 138, 0, NULL, 89, 2, '2021-01-20'),
(294, 153, 0, NULL, 89, 2, '2021-01-20'),
(295, 154, 0, NULL, 89, 2, '2021-01-20'),
(296, 155, 0, NULL, 89, 2, '2021-01-20'),
(297, 156, 0, NULL, 89, 2, '2021-01-20'),
(298, 157, 1, 'ອະນຸຍາດ', 4, 1, '2021-01-20'),
(299, 158, 1, 'ໃຊ້​ສິດ​ການ​ລາ​ຕາມ​ລະ​ບຽບ', 3, 1, '2021-01-20'),
(300, 151, 1, 'ອະນຸຍາດ', 0, 3, '2021-01-20'),
(301, 47, 1, '', 61, 2, '2021-01-20'),
(302, 105, 1, '', 61, 2, '2021-01-20'),
(303, 159, 1, '', 61, 2, '2021-01-20'),
(304, 160, 1, '', 61, 2, '2021-01-20'),
(305, 161, 1, '', 128, 1, '2021-01-20'),
(306, 92, 1, 'ອະນຸຍາດ', 0, 2, '2021-01-20'),
(307, 47, 1, 'ອະນຸຍາດ', 0, 3, '2021-01-20'),
(308, 159, 1, '', 0, 3, '2021-01-20'),
(309, 160, 1, 'ອະນຸຍາດ', 0, 3, '2021-01-20'),
(310, 162, 0, NULL, 89, 2, '2021-01-20'),
(311, 157, 1, 'ອະນຸຍາດ', 0, 3, '2021-01-20'),
(312, 92, 1, 'ອານຸຍາດ', 0, 3, '2021-01-20'),
(313, 163, 1, '', 147, 1, '2021-01-20'),
(314, 163, 1, '', 143, 2, '2021-01-20'),
(315, 164, 1, '', 128, 1, '2021-01-20'),
(316, 165, 1, '', 64, 1, '2021-01-20'),
(317, 166, 1, '', 64, 1, '2021-01-20'),
(318, 167, 1, '', 64, 1, '2021-01-20'),
(319, 168, 1, '', 64, 1, '2021-01-20'),
(320, 169, 1, '', 64, 1, '2021-01-20'),
(321, 165, 1, '', 61, 2, '2021-01-21'),
(322, 166, 1, '', 61, 2, '2021-01-21'),
(323, 167, 1, '', 61, 2, '2021-01-21'),
(324, 168, 1, '', 61, 2, '2021-01-21'),
(325, 169, 1, '', 61, 2, '2021-01-21'),
(326, 170, 1, 'Approved', 2, 2, '2021-01-21'),
(327, 165, 1, 'ອະນຸຍາດ', 0, 3, '2021-01-21'),
(328, 166, 1, '', 0, 3, '2021-01-21'),
(329, 167, 1, 'ອະນຸຍາດ', 0, 3, '2021-01-21'),
(330, 168, 1, '', 0, 3, '2021-01-21'),
(331, 169, 1, '', 0, 3, '2021-01-21'),
(332, 171, 1, 'ໃຊ້​ສິດ​ການ​ລາ​ຕາມ​ລະ​ບຽບ', 3, 1, '2021-01-21'),
(333, 170, 1, 'ອະນຸຍາດ', 0, 3, '2021-01-21'),
(334, 172, 1, 'Approved', 2, 2, '2021-01-22'),
(335, 173, 1, '', 145, 1, '2021-01-22'),
(336, 174, 1, '', 145, 1, '2021-01-22'),
(337, 172, 1, 'ອະນຸຍາດ', 0, 3, '2021-01-22'),
(338, 175, 1, '', 167, 1, '2021-01-25'),
(339, 175, 0, NULL, 166, 2, '2021-01-25'),
(340, 176, 1, '', 108, 1, '2021-01-25'),
(341, 177, 1, 'Approved', 2, 2, '2021-01-25'),
(342, 178, 1, '', 147, 1, '2021-01-25'),
(343, 176, 1, 'ອະນຸຍາດ', 0, 2, '2021-01-25'),
(344, 179, 1, '', 100, 1, '2021-01-26'),
(345, 179, 1, 'ອະນຸຍາດ', 0, 2, '2021-01-26'),
(346, 119, 1, 'ອະນຸຍາດ', 0, 3, '2021-01-26'),
(347, 180, 0, NULL, 89, 2, '2021-01-26'),
(348, 181, 1, '', 108, 1, '2021-01-26'),
(349, 182, 1, '', 108, 1, '2021-01-26'),
(350, 183, 1, '', 108, 1, '2021-01-26'),
(351, 184, 1, '', 108, 1, '2021-01-26'),
(352, 181, 1, 'ອະນຸຍາດ', 0, 2, '2021-01-26'),
(353, 182, 1, 'ອະນຸຍາດ', 0, 2, '2021-01-26'),
(355, 184, 1, '', 0, 2, '2021-01-26'),
(356, 178, 1, '', 143, 2, '2021-01-26'),
(357, 185, 1, '', 108, 1, '2021-01-27'),
(358, 186, 1, '', 167, 1, '2021-01-27'),
(359, 186, 0, NULL, 166, 2, '2021-01-27'),
(360, 187, 1, 'ໃຊ້​ສິດ​ການ​ລາ​ຕາມ​ລະ​ບຽບ', 3, 1, '2021-01-27'),
(361, 188, 1, 'ໃຊ້​ສິດ​ການ​ລາ​ຕາມ​ລະ​ບຽບ', 3, 1, '2021-01-27'),
(362, 158, 1, '', 0, 3, '2021-01-27'),
(363, 171, 1, '', 0, 3, '2021-01-27'),
(364, 187, 1, '', 0, 3, '2021-01-27'),
(365, 188, 1, 'ອະນຸຍາດ', 0, 3, '2021-01-27'),
(366, 189, 1, '', 146, 1, '2021-01-27'),
(367, 190, 1, '', 146, 1, '2021-01-27'),
(368, 189, 1, '', 143, 2, '2021-01-28'),
(369, 190, 1, '', 143, 2, '2021-01-28'),
(370, 164, 1, '', 126, 2, '2021-01-28'),
(371, 40, 1, '', 126, 2, '2021-01-28'),
(372, 161, 1, '', 126, 2, '2021-01-28'),
(373, 164, 1, 'ຕາມລະບຽບບໍລິສັດ', 0, 3, '2021-01-28'),
(374, 40, 1, 'ອະນຸຍາດ', 0, 3, '2021-01-28'),
(375, 161, 1, 'ອານຸຍາດ', 0, 3, '2021-01-28'),
(376, 191, 1, '', 45, 2, '2021-01-28'),
(377, 152, 1, '', 0, 3, '2021-01-28'),
(378, 176, 1, 'ອານຸຍາດ', 0, 3, '2021-01-28'),
(379, 179, 1, 'ອານຸຍາດ', 0, 3, '2021-01-28'),
(380, 192, 1, 'ໃຊ້​ສິດ​ການ​ລາ​ຕາມ​ລະ​ບຽບ', 3, 1, '2021-01-29'),
(381, 193, 1, '', 143, 2, '2021-01-29'),
(382, 191, 1, '', 0, 3, '2021-01-29'),
(383, 194, 1, '', 45, 2, '2021-01-29'),
(384, 195, 0, NULL, 166, 2, '2021-01-30'),
(385, 196, 1, '', 167, 1, '2021-01-30'),
(386, 197, 1, '', 2, 2, '2021-01-31'),
(387, 198, 0, NULL, 89, 2, '2021-02-01'),
(388, 199, 1, '', 90, 1, '2021-02-01'),
(389, 199, 0, NULL, 89, 2, '2021-02-01'),
(390, 200, 1, '', 61, 1, '2021-02-01'),
(391, 201, 0, NULL, 60, 1, '2021-02-01'),
(392, 202, 1, '', 128, 1, '2021-02-02'),
(393, 203, 0, NULL, 60, 1, '2021-02-02'),
(394, 196, 0, NULL, 166, 2, '2021-02-02'),
(395, 204, 1, '', 108, 1, '2021-02-02'),
(396, 185, 1, 'ອະນຸຍາດ', 0, 2, '2021-02-02'),
(397, 204, 1, 'ອະນຸຍາດ', 0, 2, '2021-02-02'),
(398, 205, 1, '', 108, 2, '2021-02-03'),
(399, 206, 1, '', 167, 1, '2021-02-03'),
(400, 207, 1, 'Approved', 2, 2, '2021-02-04'),
(401, 208, 1, '', 167, 1, '2021-02-04'),
(402, 209, 1, 'ໃຊ້​ສິດ​ການ​ລາ​ຕາມ​ລະ​ບຽບ', 3, 1, '2021-02-05'),
(403, 210, 1, '', 109, 1, '2021-02-05'),
(404, 211, 1, '', 108, 2, '2021-02-05'),
(405, 212, 1, '', 109, 1, '2021-02-05'),
(406, 210, 1, '', 108, 2, '2021-02-05'),
(407, 212, 1, '', 108, 2, '2021-02-05'),
(408, 213, 1, '', 108, 2, '2021-02-05'),
(409, 214, 1, '', 59, 2, '2021-02-05'),
(410, 205, 1, 'ອະນຸຍາດ', 0, 3, '2021-02-08'),
(411, 211, 1, 'ອະນຸຍາດ', 0, 3, '2021-02-08'),
(412, 210, 1, 'ອະນຸຍາດ', 0, 3, '2021-02-08'),
(413, 212, 1, 'ອະນຸຍາດ', 0, 3, '2021-02-08'),
(414, 213, 1, 'ອະນຸຍາດ', 0, 3, '2021-02-08'),
(415, 215, 1, '', 143, 2, '2021-02-08'),
(416, 216, 0, NULL, 89, 2, '2021-02-08'),
(417, 217, 1, 'ໃຊ້​ສິດ​ການ​ລາ​ຕາມ​ລະ​ບຽບ', 3, 1, '2021-02-08'),
(418, 218, 1, '', 108, 1, '2021-02-08'),
(419, 219, 1, '', 45, 2, '2021-02-08'),
(420, 220, 1, '', 45, 2, '2021-02-08'),
(421, 221, 1, '', 45, 2, '2021-02-08'),
(422, 222, 1, '', 45, 2, '2021-02-08'),
(424, 224, 1, '', 45, 2, '2021-02-08'),
(425, 225, 1, '', 100, 1, '2021-02-09'),
(426, 226, 1, '', 100, 1, '2021-02-09'),
(427, 227, 1, '', 108, 1, '2021-02-09'),
(428, 228, 1, '', 145, 1, '2021-02-09'),
(429, 206, 0, NULL, 166, 2, '2021-02-09'),
(430, 208, 0, NULL, 166, 2, '2021-02-09'),
(431, 229, 1, '', 167, 1, '2021-02-09'),
(432, 230, 1, 'ໃຊ້​ສິດ​ການ​ລາ​ຕາມ​ລະ​ບຽບ', 3, 1, '2021-02-09'),
(433, 231, 1, 'ໃຊ້​ສິດ​ການ​ລາ​ຕາມ​ລະ​ບຽບ', 3, 1, '2021-02-09'),
(434, 232, 1, '', 146, 1, '2021-02-09'),
(435, 233, 0, NULL, 60, 1, '2021-02-10'),
(436, 234, 1, '', 167, 1, '2021-02-10'),
(437, 235, 1, '', 146, 1, '2021-02-10'),
(438, 236, 1, '', 146, 1, '2021-02-10'),
(439, 237, 1, '', 146, 1, '2021-02-10'),
(440, 238, 1, 'Approved', 2, 2, '2021-02-10'),
(441, 232, 1, '', 145, 2, '2021-02-10'),
(442, 235, 1, '', 145, 2, '2021-02-10'),
(443, 239, 1, '', 145, 2, '2021-02-10'),
(444, 177, 1, 'ອະນຸຍາດ', 0, 3, '2021-02-10'),
(445, 197, 1, 'ອະນຸຍາດ', 0, 3, '2021-02-10'),
(446, 207, 1, '', 0, 3, '2021-02-10'),
(447, 218, 1, 'ອະນຸຍາດ', 0, 2, '2021-02-10'),
(448, 238, 1, '', 0, 3, '2021-02-10'),
(449, 227, 1, 'ອະນຸຍາດ', 0, 2, '2021-02-10'),
(450, 192, 1, '', 0, 3, '2021-02-10'),
(451, 209, 1, '', 0, 3, '2021-02-10'),
(452, 217, 1, 'ອະນຸຍາດ', 0, 3, '2021-02-10'),
(453, 230, 1, 'ຕາມລະບຽບບໍລິສັດ', 0, 3, '2021-02-10'),
(454, 231, 1, 'ອະນຸຍາດ', 0, 3, '2021-02-10'),
(455, 240, 1, '', 45, 2, '2021-02-10'),
(456, 204, 1, 'ອານຸຍາດ', 0, 3, '2021-02-10'),
(457, 241, 1, '', 167, 1, '2021-02-10'),
(458, 242, 1, '', 167, 1, '2021-02-10'),
(459, 243, 1, '', 167, 1, '2021-02-11'),
(460, 218, 1, 'ອານຸຍາດ', 0, 3, '2021-02-11'),
(461, 227, 1, 'ອານຸຍາດ', 0, 3, '2021-02-11'),
(462, 185, 1, 'ອານຸຍາດ', 0, 3, '2021-02-11'),
(463, 244, 1, '', 90, 1, '2021-02-11'),
(464, 245, 1, '', 167, 1, '2021-02-11'),
(465, 181, 1, 'ອານຸຍາດ', 0, 3, '2021-02-11'),
(466, 182, 1, 'ອານຸຍາດ', 0, 3, '2021-02-11'),
(467, 246, 1, 'Approved', 2, 2, '2021-02-11'),
(468, 247, 1, '', 90, 1, '2021-02-11'),
(469, 248, 1, '', 145, 1, '2021-02-11'),
(470, 249, 0, NULL, 60, 1, '2021-02-11'),
(471, 250, 1, 'Approved', 2, 2, '2021-02-12'),
(472, 251, 0, NULL, 65, 1, '2021-02-13'),
(473, 252, 1, '', 64, 1, '2021-02-13'),
(474, 253, 1, 'ລາໄດ້ຕາມລະບຽບ', 3, 1, '2021-02-13'),
(475, 252, 1, '', 61, 2, '2021-02-13'),
(476, 254, 1, '', 108, 1, '2021-02-13'),
(477, 255, 1, '', 45, 2, '2021-02-13'),
(478, 253, 1, 'ອະນຸຍາດ', 0, 3, '2021-02-13'),
(479, 254, 1, '', 0, 2, '2021-02-15'),
(480, 254, 1, 'ອານຸຍາດ', 0, 3, '2021-02-15'),
(481, 256, 0, NULL, 89, 2, '2021-02-15'),
(482, 184, 1, 'ອານຸຍາດ', 0, 3, '2021-02-15'),
(483, 257, 1, '', 61, 1, '2021-02-15'),
(484, 258, 1, '', 146, 1, '2021-02-15'),
(485, 259, 1, 'ລາໄດ້ຕາມລະບຽບ', 3, 1, '2021-02-15'),
(486, 260, 1, '', 147, 1, '2021-02-15'),
(488, 262, 1, '', 167, 1, '2021-02-15'),
(489, 259, 1, 'ອະນຸຍາດ', 0, 3, '2021-02-15'),
(490, 105, 1, 'ອານຸຍາດ', 0, 3, '2021-02-16'),
(491, 200, 1, 'ອະນຸຍາດ', 0, 2, '2021-02-16'),
(492, 252, 1, 'ອະນຸຍາດ', 0, 3, '2021-02-16'),
(493, 257, 1, 'ອະນຸຍາດ', 0, 2, '2021-02-16'),
(494, 263, 1, '', 143, 1, '2021-02-16'),
(495, 264, 1, '', 90, 1, '2021-02-16'),
(496, 247, 0, NULL, 89, 2, '2021-02-16'),
(497, 244, 0, NULL, 89, 2, '2021-02-16'),
(498, 264, 0, NULL, 89, 2, '2021-02-16'),
(499, 265, 1, '', 90, 1, '2021-02-16'),
(500, 266, 1, '', 145, 1, '2021-02-16'),
(501, 267, 1, '', 90, 1, '2021-02-16'),
(502, 268, 1, '', 90, 1, '2021-02-16'),
(503, 269, 1, '', 108, 1, '2021-02-16'),
(504, 270, 1, '', 108, 1, '2021-02-16'),
(505, 260, 1, '', 143, 2, '2021-02-16'),
(506, 260, 1, '', 143, 2, '2021-02-16'),
(507, 257, 1, 'ອານຸຍາດ', 0, 3, '2021-02-16'),
(508, 271, 1, '', 110, 1, '2021-02-17'),
(509, 269, 1, 'ຕາມລະບຽບບໍລິສັດ', 0, 2, '2021-02-17'),
(510, 270, 1, '', 0, 2, '2021-02-17'),
(511, 272, 1, '', 108, 1, '2021-02-17'),
(512, 270, 1, 'ອານຸຍາດ', 0, 3, '2021-02-17'),
(513, 269, 1, 'ອານຸຍາດ', 0, 3, '2021-02-17'),
(514, 272, 1, '', 0, 2, '2021-02-17'),
(515, 200, 1, 'ອານຸຍາດ', 0, 3, '2021-02-17'),
(516, 272, 1, 'ອານຸຍາດ', 0, 3, '2021-02-17'),
(517, 271, 1, '', 108, 2, '2021-02-18'),
(518, 271, 1, 'ອະນຸຍາດ', 0, 3, '2021-02-18'),
(519, 273, 1, 'Approved', 2, 2, '2021-02-18'),
(520, 274, 1, 'ອະນຸຍາດ', 4, 1, '2021-02-18'),
(521, 275, 1, 'ອະນຸຍາດ', 4, 1, '2021-02-18'),
(522, 274, 1, 'ອະນຸຍາດ', 0, 3, '2021-02-18'),
(523, 275, 1, 'ອະນຸຍາດ', 0, 3, '2021-02-18'),
(524, 276, 1, 'ອະນຸຍາດ', 4, 1, '2021-02-18'),
(525, 276, 1, 'ອະນຸຍາດ', 0, 3, '2021-02-18'),
(526, 277, 1, 'Approved', 2, 2, '2021-02-18'),
(527, 278, 0, NULL, 65, 1, '2021-02-18'),
(528, 279, 1, '', 59, 2, '2021-02-18'),
(529, 280, 1, 'ອະນຸຍາດ', 4, 1, '2021-02-19'),
(530, 281, 1, '', 146, 1, '2021-02-19'),
(531, 66, 1, 'ອານຸຍາດ', 0, 3, '2021-02-19'),
(532, 258, 1, '', 143, 2, '2021-02-19'),
(533, 281, 1, '', 143, 2, '2021-02-19'),
(534, 280, 1, 'ອະນຸຍາດ', 0, 3, '2021-02-19'),
(535, 246, 1, '', 0, 3, '2021-02-19'),
(536, 250, 1, 'ອະນຸຍາດ', 0, 3, '2021-02-19'),
(537, 273, 1, 'ອະນຸຍາດ', 0, 3, '2021-02-19'),
(538, 277, 1, 'ອະນຸຍາດ', 0, 3, '2021-02-19'),
(539, 282, 1, '', 108, 1, '2021-02-21'),
(540, 283, 1, '', 167, 1, '2021-02-22'),
(541, 284, 0, NULL, 64, 1, '2021-02-22'),
(542, 285, 1, '', 90, 1, '2021-02-22'),
(543, 286, 1, '', 90, 1, '2021-02-22'),
(544, 282, 1, 'ອະນຸຍາດ', 0, 2, '2021-02-22'),
(545, 245, 0, NULL, 166, 2, '2021-02-22'),
(546, 262, 0, NULL, 166, 2, '2021-02-22'),
(547, 283, 0, NULL, 166, 2, '2021-02-22'),
(548, 287, 1, '', 167, 1, '2021-02-22'),
(549, 288, 1, 'Approved', 2, 2, '2021-02-23'),
(550, 282, 1, 'ອານຸຍາດ', 0, 3, '2021-02-23'),
(551, 289, 1, '', 108, 1, '2021-02-23'),
(552, 290, 1, '', 108, 1, '2021-02-23'),
(553, 291, 1, '', 90, 1, '2021-02-23'),
(554, 292, 1, '', 108, 1, '2021-02-23'),
(555, 265, 0, NULL, 89, 2, '2021-02-23'),
(556, 267, 0, NULL, 89, 2, '2021-02-23'),
(557, 268, 0, NULL, 89, 2, '2021-02-23'),
(558, 285, 0, NULL, 89, 2, '2021-02-23'),
(559, 286, 0, NULL, 89, 2, '2021-02-23'),
(560, 291, 0, NULL, 89, 2, '2021-02-23'),
(561, 293, 1, '', 108, 1, '2021-02-23'),
(562, 294, 1, '', 108, 1, '2021-02-24'),
(563, 289, 1, 'ອະນຸຍາດ', 0, 2, '2021-02-24'),
(564, 290, 1, 'ອະນຸຍາດ', 0, 2, '2021-02-24'),
(565, 295, 1, '', 108, 1, '2021-02-24'),
(569, 295, 1, 'ອະນຸຍາດ', 0, 2, '2021-02-24'),
(570, 296, 1, '', 147, 1, '2021-02-24'),
(571, 296, 1, '', 143, 2, '2021-02-24'),
(572, 297, 1, '', 143, 2, '2021-02-24'),
(573, 288, 1, 'ອະນຸຍາດ', 0, 3, '2021-02-25'),
(574, 298, 1, 'ລາໄດ້ຕາມລະບຽບ', 3, 1, '2021-02-25'),
(575, 299, 1, 'ລາໄດ້ຕາມລະບຽບ', 3, 1, '2021-02-25'),
(576, 300, 1, '', 167, 1, '2021-02-25'),
(577, 300, 0, NULL, 166, 2, '2021-02-25'),
(578, 287, 0, NULL, 166, 2, '2021-02-25'),
(579, 301, 1, '', 108, 2, '2021-02-25'),
(580, 298, 1, 'ອະນຸຍາດ', 0, 3, '2021-02-25'),
(581, 299, 1, 'ຕາມລະບຽບບໍລິສັດ', 0, 3, '2021-02-25'),
(582, 302, 1, '', 90, 1, '2021-02-25'),
(583, 302, 0, NULL, 89, 2, '2021-02-25'),
(584, 301, 1, 'ຕາມລະບຽບບໍລິສັດ', 0, 3, '2021-02-25'),
(585, 303, 1, '', 167, 1, '2021-02-25'),
(586, 303, 0, NULL, 166, 2, '2021-02-26'),
(587, 304, 1, 'Approved', 2, 2, '2021-02-26'),
(588, 305, 1, '', 45, 2, '2021-02-26'),
(589, 306, 1, '', 108, 1, '2021-02-26'),
(590, 304, 1, 'ອະນຸຍາດ', 0, 3, '2021-02-26'),
(591, 307, 1, '', 108, 1, '2021-02-26'),
(594, 289, 1, 'ອານຸຍາດ', 0, 3, '2021-02-27'),
(595, 308, 1, 'ລາໄດ້ຕາມລະບຽບ', 3, 1, '2021-02-27'),
(596, 290, 1, 'ອານຸຍາດ', 0, 3, '2021-02-27'),
(597, 293, 1, 'ອະນຸຍາດ', 0, 3, '2021-02-27'),
(598, 294, 1, 'ອະນຸຍາດ', 0, 3, '2021-02-27'),
(599, 295, 1, 'ອານຸຍາດ', 0, 3, '2021-02-27'),
(600, 306, 1, 'ອະນຸຍາດ', 0, 3, '2021-02-27'),
(601, 307, 1, 'ອະນຸຍາດ', 0, 3, '2021-02-27'),
(602, 309, 1, '', 145, 2, '2021-03-01'),
(603, 310, 1, 'Approved', 2, 2, '2021-03-01'),
(604, 311, 1, '', 100, 1, '2021-03-01'),
(605, 312, 1, '', 108, 2, '2021-03-01'),
(606, 313, 0, NULL, 61, 1, '2021-03-01'),
(607, 314, 1, '', 90, 1, '2021-03-01'),
(608, 308, 1, 'ອະນຸຍາດ', 0, 3, '2021-03-01'),
(609, 315, 1, '', 108, 2, '2021-03-01'),
(610, 316, 1, '', 45, 2, '2021-03-02'),
(611, 317, 1, '', 146, 1, '2021-03-02'),
(612, 312, 1, 'ອະນຸຍາດ', 0, 3, '2021-03-02'),
(613, 315, 1, 'ອະນຸຍາດ', 0, 3, '2021-03-02'),
(614, 310, 1, 'ອະນຸຍາດ', 0, 3, '2021-03-02'),
(615, 317, 1, '', 145, 2, '2021-03-03'),
(616, 318, 1, 'ອະນຸຍາດ', 46, 1, '2021-03-03'),
(617, 319, 1, '', 147, 1, '2021-03-03'),
(618, 320, 0, NULL, 61, 2, '2021-03-03'),
(619, 321, 1, '', 90, 1, '2021-03-04'),
(620, 322, 1, 'ລາໄດ້ຕາມລະບຽບ', 3, 1, '2021-03-04'),
(621, 323, 1, 'ລາໄດ້ຕາມລະບຽບ', 3, 1, '2021-03-04'),
(622, 322, 1, 'ອະນຸຍາດ', 0, 3, '2021-03-04'),
(623, 323, 1, 'ອະນຸຍາດ', 0, 3, '2021-03-04'),
(624, 324, 1, '', 145, 2, '2021-03-04'),
(625, 319, 1, '', 143, 2, '2021-03-05'),
(626, 325, 1, 'Approved', 2, 2, '2021-03-05'),
(627, 326, 1, 'ລາໄດ້ຕາມລະບຽບ', 3, 1, '2021-03-05'),
(628, 327, 1, 'ລາໄດ້ຕາມລະບຽບ', 3, 1, '2021-03-05'),
(629, 326, 1, 'ອະນຸຍາດ', 0, 3, '2021-03-05'),
(630, 327, 1, 'ອະນຸຍາດ', 0, 3, '2021-03-05'),
(631, 328, 1, '', 108, 1, '2021-03-05'),
(632, 329, 1, '', 45, 2, '2021-03-09'),
(633, 330, 1, '', 45, 2, '2021-03-09'),
(634, 331, 1, '', 45, 2, '2021-03-09'),
(635, 332, 1, '', 147, 1, '2021-03-11'),
(636, 333, 1, '', 90, 1, '2021-03-11'),
(637, 334, 1, 'ລາໄດ້ຕາມລະບຽບ', 3, 1, '2021-03-11'),
(638, 48, 1, 'ອະນຸຍາດ', 0, 3, '2021-03-11'),
(639, 49, 1, 'ອະນຸຍາດ', 0, 3, '2021-03-11'),
(640, 50, 1, 'ອະນຸຍາດ', 0, 3, '2021-03-11'),
(641, 51, 1, 'ອະນຸຍາດ', 0, 3, '2021-03-11'),
(642, 52, 1, 'ອະນຸຍາດ', 0, 3, '2021-03-11'),
(643, 334, 1, 'ອະນຸຍາດ', 0, 3, '2021-03-11'),
(644, 99, 1, 'ອານຸຍາດ', 0, 3, '2021-03-12'),
(646, 328, 1, 'ອະນຸຍາດ', 0, 3, '2021-03-12'),
(647, 335, 1, '', 108, 1, '2021-03-13'),
(649, 336, 0, NULL, 74, 1, '2021-03-15'),
(650, 337, 1, '', 167, 1, '2021-03-15'),
(651, 338, 1, '', 108, 1, '2021-03-15'),
(652, 339, 0, NULL, 61, 1, '2021-03-15'),
(653, 340, 1, '', 108, 2, '2021-03-15'),
(654, 341, 1, '', 59, 2, '2021-03-15'),
(656, 340, 1, 'ອະນຸຍາດ', 0, 3, '2021-03-15'),
(657, 342, 1, '', 145, 1, '2021-03-16'),
(658, 343, 1, '', 108, 2, '2021-03-16'),
(659, 338, 1, 'ອະນຸຍາດ', 0, 3, '2021-03-16'),
(660, 335, 1, 'ອະນຸຍາດ', 0, 3, '2021-03-16'),
(661, 344, 1, '', 146, 1, '2021-03-17'),
(662, 343, 1, 'ອະນຸຍາດ', 0, 3, '2021-03-17'),
(663, 344, 1, '', 145, 2, '2021-03-17'),
(664, 345, 1, '', 90, 1, '2021-03-18'),
(665, 346, 1, '', 143, 1, '2021-03-18'),
(666, 341, 1, 'ອະນຸຍາດ', 0, 3, '2021-03-18'),
(667, 347, 1, '', 146, 1, '2021-03-19'),
(668, 348, 1, '', 146, 1, '2021-03-19'),
(669, 348, 1, '', 145, 2, '2021-03-19'),
(670, 349, 1, 'ລາໄດ້ຕາມລະບຽບ', 3, 1, '2021-03-19'),
(671, 349, 1, 'ອະນຸຍາດ', 0, 3, '2021-03-19'),
(672, 350, 1, '', 59, 1, '2021-03-19'),
(674, 279, 1, '', 0, 3, '2021-03-22'),
(675, 214, 1, 'ອະນຸຍາດ', 0, 3, '2021-03-22'),
(676, 350, 1, 'ອະນຸຍາດ', 0, 3, '2021-03-22'),
(678, 351, 1, '', 59, 1, '2021-03-23'),
(680, 352, 1, '', 143, 2, '2021-03-23'),
(681, 353, 1, '', 143, 2, '2021-03-23'),
(682, 351, 1, 'ອະນຸຍາດ', 0, 3, '2021-03-23'),
(683, 325, 1, 'ອະນຸຍາດ', 0, 3, '2021-03-23'),
(684, 325, 1, 'ອະນຸຍາດ', 0, 3, '2021-03-23'),
(685, 354, 1, 'ລາໄດ້ຕາມລະບຽບ', 3, 1, '2021-03-23'),
(686, 354, 1, 'ອະນຸຍາດ', 0, 3, '2021-03-23'),
(687, 355, 1, '', 108, 1, '2021-03-24'),
(688, 356, 1, 'ລາໄດ້ຕາມລະບຽບ', 3, 1, '2021-03-24'),
(689, 357, 1, '', 108, 1, '2021-03-25'),
(692, 356, 1, 'ອະນຸຍາດ', 0, 3, '2021-03-25'),
(693, 358, 1, '', 108, 2, '2021-03-25'),
(694, 359, 1, '', 45, 2, '2021-03-25'),
(695, 360, 1, '', 45, 2, '2021-03-25'),
(696, 361, 1, '', 45, 2, '2021-03-25'),
(697, 361, 1, 'ອະນຸຍາດ', 0, 3, '2021-03-25'),
(698, 357, 1, 'ອະນຸຍາດ', 0, 3, '2021-03-25'),
(699, 355, 1, 'ອະນຸຍາດ', 0, 3, '2021-03-25'),
(700, 229, 0, NULL, 166, 2, '2021-03-25'),
(701, 362, 1, '', 167, 1, '2021-03-25'),
(702, 363, 0, NULL, 89, 2, '2021-03-26'),
(703, 364, 1, '', 108, 2, '2021-03-26'),
(704, 358, 1, 'ອະນຸຍາດ', 0, 3, '2021-03-26'),
(705, 364, 1, '', 0, 3, '2021-03-26'),
(706, 314, 0, NULL, 89, 2, '2021-03-26'),
(707, 321, 0, NULL, 89, 2, '2021-03-26'),
(708, 333, 0, NULL, 89, 2, '2021-03-26'),
(709, 345, 0, NULL, 89, 2, '2021-03-26'),
(710, 365, 1, 'Approved', 2, 2, '2021-03-26'),
(711, 365, 1, 'ອະນຸຍາດ', 0, 3, '2021-03-26'),
(713, 318, 1, '', 45, 2, '2021-03-27'),
(714, 367, 1, '', 45, 2, '2021-03-27'),
(715, 368, 1, '', 108, 2, '2021-03-29'),
(716, 368, 1, 'ອະນຸຍາດ', 0, 3, '2021-03-29'),
(717, 369, 1, '', 108, 1, '2021-03-29'),
(718, 370, 0, NULL, 105, 1, '2021-03-30'),
(719, 371, 1, '', 167, 1, '2021-03-30'),
(720, 372, 1, '', 90, 1, '2021-03-30'),
(721, 362, 0, NULL, 166, 2, '2021-03-30'),
(722, 371, 0, NULL, 166, 2, '2021-03-30'),
(723, 337, 0, NULL, 166, 2, '2021-03-30'),
(724, 373, 1, '', 90, 1, '2021-03-30'),
(725, 373, 0, NULL, 89, 2, '2021-03-30'),
(726, 374, 1, 'Approved', 2, 2, '2021-03-31'),
(727, 375, 1, '', 167, 1, '2021-03-31'),
(728, 374, 1, 'ອະນຸຍາດ', 0, 3, '2021-04-01'),
(729, 376, 1, 'ໃຊ້​ສິດ​ການ​ລາ​ຕາມ​ລະ​ບຽບ', 3, 1, '2021-04-01'),
(730, 377, 1, '', 108, 2, '2021-04-01'),
(731, 378, 1, '', 108, 1, '2021-04-01'),
(732, 379, 1, '', 2, 2, '2021-04-02'),
(733, 380, 1, '', 2, 2, '2021-04-02'),
(734, 381, 1, '', 108, 1, '2021-04-02'),
(735, 382, 1, '', 146, 1, '2021-04-02'),
(736, 379, 1, 'ອະນຸຍາດ', 0, 3, '2021-04-02'),
(737, 380, 1, 'ອະນຸຍາດ', 0, 3, '2021-04-02'),
(738, 380, 1, 'ອະນຸຍາດ', 0, 3, '2021-04-02'),
(739, 380, 1, 'ອະນຸຍາດ', 0, 3, '2021-04-02'),
(740, 380, 1, 'ອະນຸຍາດ', 0, 3, '2021-04-02'),
(741, 382, 1, '', 145, 2, '2021-04-02'),
(742, 347, 1, '', 145, 2, '2021-04-02'),
(743, 375, 0, NULL, 166, 2, '2021-04-03'),
(745, 377, 1, 'ອະນຸຍາດ', 0, 3, '2021-04-03'),
(748, 378, 1, 'ອະນຸຍາດ', 0, 3, '2021-04-03'),
(749, 381, 1, 'ອະນຸຍາດ', 0, 3, '2021-04-03'),
(750, 383, 1, 'ໃຊ້​ສິດ​ການ​ລາ​ຕາມ​ລະ​ບຽບ', 3, 1, '2021-04-03'),
(751, 384, 1, 'ໃຊ້​ສິດ​ການ​ລາ​ຕາມ​ລະ​ບຽບ', 3, 1, '2021-04-03'),
(752, 385, 1, 'Approved', 2, 2, '2021-04-03'),
(753, 385, 1, 'ອະນຸຍາດ', 0, 3, '2021-04-03'),
(754, 386, 1, 'ໃຊ້​ສິດ​ການ​ລາ​ຕາມ​ລະ​ບຽບ', 3, 1, '2021-04-03'),
(755, 387, 1, 'Approved', 2, 2, '2021-04-05'),
(756, 387, 1, 'ອະນຸຍາດ', 0, 3, '2021-04-05'),
(757, 388, 1, '', 45, 2, '2021-04-05'),
(758, 389, 1, '', 147, 1, '2021-04-05'),
(759, 173, 1, 'ອະນຸຍາດ', 0, 2, '2021-04-05'),
(761, 332, 1, '', 143, 2, '2021-04-05'),
(762, 389, 1, '', 143, 2, '2021-04-05'),
(763, 173, 1, 'ອານຸຍາດ', 0, 3, '2021-04-05'),
(764, 390, 1, '', 45, 2, '2021-04-05'),
(765, 391, 1, '', 45, 2, '2021-04-05'),
(766, 392, 1, '', 146, 1, '2021-04-05'),
(767, 392, 1, '', 145, 2, '2021-04-05'),
(768, 393, 0, NULL, 105, 1, '2021-04-05'),
(769, 394, 1, '', 146, 1, '2021-04-05'),
(770, 228, 1, 'ອະນຸຍາດ', 0, 2, '2021-04-06'),
(771, 232, 1, 'ອະນຸຍາດ', 0, 3, '2021-04-06'),
(772, 235, 1, 'ອະນຸຍາດ', 0, 3, '2021-04-06'),
(773, 239, 1, 'ອະນຸຍາດ', 0, 3, '2021-04-06'),
(774, 248, 1, 'ອະນຸຍາດ', 0, 2, '2021-04-06'),
(775, 266, 1, 'ອະນຸຍາດ', 0, 2, '2021-04-06'),
(776, 309, 1, 'ອະນຸຍາດ', 0, 3, '2021-04-06'),
(777, 317, 1, 'ອະນຸຍາດ', 0, 3, '2021-04-06'),
(778, 324, 1, 'ອະນຸຍາດ', 0, 3, '2021-04-06'),
(779, 228, 1, 'ອານຸຍາດ', 0, 3, '2021-04-06'),
(780, 342, 1, '', 0, 3, '2021-04-06'),
(781, 344, 1, 'ຕາມລະບຽບບໍລິສັດ', 0, 3, '2021-04-06'),
(782, 348, 1, 'ຕາມລະບຽບບໍລິສັດ', 0, 3, '2021-04-06'),
(783, 248, 1, 'ອານຸຍາດ', 0, 3, '2021-04-06'),
(784, 266, 1, 'ອານຸຍາດ', 0, 3, '2021-04-06'),
(785, 382, 1, 'ອະນຸຍາດ', 0, 3, '2021-04-06'),
(786, 347, 1, 'ອະນຸຍາດ', 0, 3, '2021-04-06'),
(787, 392, 1, '', NULL, 3, '2021-04-06'),
(788, 395, 1, '', 146, 1, '2021-04-06'),
(789, 395, 1, '', 145, 2, '2021-04-06'),
(791, 395, 1, 'ອະນຸຍາດ', 0, 3, '2021-04-07'),
(792, 396, 1, '', 145, 1, '2021-04-08'),
(793, 397, 1, '', 147, 1, '2021-04-08'),
(795, 396, 1, 'ອະນຸຍາດ', 0, 3, '2021-04-08'),
(796, 398, 1, '', 108, 2, '2021-04-08'),
(797, 399, 1, 'ໃຊ້​ສິດ​ການ​ລາ​ຕາມ​ລະ​ບຽບ', 3, 1, '2021-04-08'),
(798, 400, 1, '', 100, 1, '2021-04-09'),
(799, 401, 1, '', 59, 1, '2021-04-09'),
(800, 402, 1, '', 167, 1, '2021-04-09'),
(802, 403, 1, 'Approved', 2, 2, '2021-04-09'),
(803, 404, 1, '', 108, 2, '2021-04-10'),
(804, 405, 1, '', 108, 1, '2021-04-10'),
(805, 398, 1, '', 0, 3, '2021-04-10'),
(806, 404, 1, 'ຕາມລະບຽບບໍລິສັດ', 0, 3, '2021-04-10'),
(808, 403, 1, 'ຕາມລະບຽບບໍລິສັດ', 0, 3, '2021-04-10'),
(811, 226, 1, 'ອະນຸຍາດ', 0, 2, '2021-04-10'),
(812, 225, 1, 'ອະນຸຍາດ', 0, 2, '2021-04-10'),
(813, 406, 0, NULL, 61, 2, '2021-04-10'),
(814, 407, 0, NULL, 61, 2, '2021-04-10'),
(815, 397, 1, '', 143, 2, '2021-04-19'),
(816, 408, 1, '', 167, 1, '2021-04-19'),
(817, 409, 0, NULL, 89, 2, '2021-04-20'),
(818, 410, 1, '', 146, 1, '2021-04-20'),
(819, 411, 1, '', 146, 1, '2021-04-20'),
(820, 410, 1, '', 145, 2, '2021-04-20'),
(821, 411, 1, '', 145, 2, '2021-04-20'),
(822, 401, 1, 'ຕາມລະບຽບບໍລິສັດ', 0, 3, '2021-04-20'),
(823, 405, 1, 'ຕາມລະບຽບບໍລິສັດ', 0, 3, '2021-04-20'),
(825, 400, 1, 'ຕາມລະບຽບບໍລິສັດ', 0, 3, '2021-04-20'),
(826, 311, 1, 'ຕາມລະບຽບບໍລິສັດ', 0, 3, '2021-04-20'),
(827, 226, 1, 'ອານຸຍາດ', 0, 3, '2021-04-20'),
(828, 225, 1, 'ອານຸຍາດ', 0, 3, '2021-04-20'),
(829, 410, 1, 'ຕາມລະບຽບບໍລິສັດ', 0, 3, '2021-04-20'),
(830, 411, 1, 'ຕາມລະບຽບບໍລິສັດ', 0, 3, '2021-04-20'),
(831, 412, 1, 'ອະນຸຍາດ', 4, 1, '2021-04-20'),
(832, 413, 1, '', 59, 1, '2021-04-20'),
(834, 414, 1, '', 100, 1, '2021-04-21'),
(835, 412, 1, 'ຕາມລະບຽບບໍລິສັດ', 0, 3, '2021-04-21'),
(836, 415, 1, '', 90, 1, '2021-04-21'),
(837, 399, 1, 'ຕາມລະບຽບບໍລິສັດ', 0, 3, '2021-04-21'),
(838, 399, 1, 'ຕາມລະບຽບບໍລິສັດ', 0, 3, '2021-04-21'),
(839, 386, 1, 'ຕາມລະບຽບບໍລິສັດ', 0, 3, '2021-04-21'),
(840, 384, 1, 'ຕາມລະບຽບບໍລິສັດ', 0, 3, '2021-04-21'),
(841, 383, 1, 'ຕາມລະບຽບບໍລິສັດ', 0, 3, '2021-04-21'),
(842, 376, 1, 'ຕາມລະບຽບບໍລິສັດ', 0, 3, '2021-04-21'),
(843, 416, 1, 'ລາໄດ້ຕາມລະບຽບ', 3, 1, '2021-04-21'),
(844, 415, 0, NULL, 89, 2, '2021-04-21'),
(845, 372, 0, NULL, 89, 2, '2021-04-21'),
(846, 417, 1, 'ລາໄດ້ຕາມລະບຽບ', 3, 1, '2021-04-21'),
(847, 418, 1, '', 108, 1, '2021-04-22'),
(848, 419, 1, 'ລາໄດ້ຕາມລະບຽບ', 3, 1, '2021-04-22'),
(849, 419, 1, 'ອະນຸຍາດ', 0, 3, '2021-04-22'),
(850, 417, 1, 'ຕາມລະບຽບບໍລິສັດ', 0, 3, '2021-04-22'),
(851, 416, 1, 'ຕາມລະບຽບບໍລິສັດ', 0, 3, '2021-04-22'),
(852, 420, 1, '', 59, 1, '2021-04-23'),
(854, 421, 1, '', 108, 2, '2021-04-24'),
(855, 408, 0, NULL, 166, 2, '2021-04-24'),
(856, 402, 0, NULL, 166, 2, '2021-04-24'),
(857, 422, 1, '', 167, 1, '2021-04-24'),
(858, 423, 1, '', 100, 1, '2021-04-26'),
(859, 424, 1, '', 145, 1, '2021-04-28'),
(860, 425, 1, '', 59, 1, '2021-05-13'),
(862, 420, 1, 'ອະນຸຍາດ', 0, 3, '2021-05-13'),
(863, 425, 1, 'ຕາມລະບຽບບໍລິສັດ', 0, 3, '2021-05-13'),
(864, 413, 1, 'ຕາມລະບຽບບໍລິສັດ', 0, 3, '2021-05-13'),
(865, 369, 1, 'ຕາມລະບຽບບໍລິສັດ', 0, 3, '2021-05-13'),
(866, 292, 1, 'ຕາມລະບຽບບໍລິສັດ', 0, 3, '2021-05-13'),
(867, 426, 1, '', 59, 1, '2021-05-14'),
(869, 426, 1, 'ຕາມລະບຽບບໍລິສັດ', 0, 3, '2021-05-17'),
(870, 427, 1, '', 146, 1, '2021-05-18'),
(871, 427, 1, '', 145, 2, '2021-05-18'),
(872, 394, 0, NULL, 145, 2, '2021-05-18'),
(873, 428, 1, '', 59, 2, '2021-05-18'),
(874, 429, 1, '', 59, 1, '2021-05-18'),
(876, 428, 1, 'ຕາມລະບຽບບໍລິສັດ', 0, 3, '2021-05-18'),
(877, 428, 1, 'ຕາມລະບຽບບໍລິສັດ', 0, 3, '2021-05-18'),
(879, 430, 1, '', 145, 1, '2021-05-19'),
(880, 427, 1, '', 0, 3, '2021-05-19'),
(882, 431, 1, '', 59, 2, '2021-05-19'),
(883, 432, 0, NULL, 64, 1, '2021-05-19'),
(884, 433, 1, '', 45, 2, '2021-05-20'),
(885, 434, 1, 'ໃຊ້​ສິດ​ການ​ລາ​ຕາມ​ລະ​ບຽບ', 3, 2, '2021-05-20'),
(886, 431, 1, 'ຕາມລະບຽບບໍລິສັດ', 0, 3, '2021-05-20'),
(887, 430, 1, 'ຕາມລະບຽບບໍລິສັດ', 0, 3, '2021-05-21'),
(888, 429, 1, 'ຕາມລະບຽບບໍລິສັດ', 0, 3, '2021-05-21'),
(889, 435, 1, '', 45, 2, '2021-05-24'),
(890, 435, 1, 'ຕາມລະບຽບບໍລິສັດ', 0, 3, '2021-05-24'),
(891, 433, 1, 'ຕາມລະບຽບບໍລິສັດ', 0, 3, '2021-05-24'),
(892, 424, 1, 'ຕາມລະບຽບບໍລິສັດ', 0, 3, '2021-05-24'),
(893, 436, 1, '', 45, 2, '2021-05-25'),
(894, 437, 0, NULL, 68, 1, '2021-05-25'),
(895, 438, 2, 'ຜິດເວລາ', 147, 1, '2021-05-25'),
(896, 439, 1, '', 147, 1, '2021-05-25'),
(897, 440, 1, '', 59, 2, '2021-05-25'),
(898, 440, 1, 'ຕາມລະບຽບບໍລິສັດ', 0, 3, '2021-05-25'),
(899, 441, 1, '', 58, 1, '2021-05-27'),
(900, 442, 1, 'ຕາມລະບຽບບໍລິສັດ', 4, 1, '2021-05-27'),
(901, 434, 1, '', 0, 3, '2021-05-27'),
(902, 442, 1, '', 0, 3, '2021-05-27'),
(903, 443, 1, '', 146, 1, '2021-05-28'),
(904, 444, 0, NULL, 49, 1, '2021-05-28'),
(905, 445, 0, NULL, 127, 1, '2021-05-28'),
(906, 446, 1, '', 59, 1, '2021-05-28'),
(907, 447, 1, '', 90, 1, '2021-05-28'),
(909, 448, 1, 'ໃຊ້​ສິດ​ການ​ລາ​ຕາມ​ລະ​ບຽບ', 3, 1, '2021-05-28'),
(910, 446, 1, 'ຕາມລະບຽບບໍລິສັດ', 0, 3, '2021-05-28'),
(911, 447, 1, 'ຕາມລະບຽບບໍລິສັດ', 0, 3, '2021-05-28'),
(912, 449, 1, 'ໃຊ້​ສິດ​ການ​ລາ​ຕາມ​ລະ​ບຽບ', 3, 1, '2021-05-28'),
(913, 439, 1, 'ຕາມລະບຽບບໍລິສັດ', 0, 3, '2021-05-29'),
(914, 441, 1, 'ອະນຸຍາດ', 0, 3, '2021-05-29'),
(915, 116, 1, 'ອານຸຍາດ', 0, 3, '2021-05-29'),
(916, 83, 1, 'ອານຸຍາດ', 0, 3, '2021-05-29'),
(917, 448, 1, 'ອະນຸຍາດ', 0, 3, '2021-05-29'),
(918, 237, 1, 'ອານຸຍາດ', 0, 3, '2021-05-29'),
(919, 443, 1, 'ອານຸຍາດ', 0, 3, '2021-05-29'),
(920, 236, 1, 'ອານຸຍາດ', 0, 3, '2021-05-29'),
(922, 436, 1, '', 0, 3, '2021-05-29'),
(923, 449, 1, 'ອະນຸຍາດ', 0, 3, '2021-05-29'),
(924, 450, 1, 'ອະນຸຍາດ', 4, 1, '2021-05-31'),
(925, 451, 1, 'ລາໄດ້ຕາມລະບຽບ', 3, 1, '2021-05-31'),
(926, 450, 1, 'ອະນຸຍາດ', 0, 3, '2021-06-03'),
(927, 452, 1, 'Approved', 2, 2, '2021-06-03'),
(928, 453, 1, '', 146, 1, '2021-06-03'),
(929, 454, 1, '', 146, 1, '2021-06-03'),
(930, 455, 1, '', 146, 1, '2021-06-03'),
(931, 456, 1, '', 146, 1, '2021-06-03'),
(932, 456, 1, 'ຕາມລະບຽບບໍລິສັດ', 0, 3, '2021-06-03'),
(933, 455, 1, 'ຕາມລະບຽບບໍລິສັດ', 0, 3, '2021-06-03'),
(934, 454, 1, 'ຕາມລະບຽບບໍລິສັດ', 0, 3, '2021-06-03'),
(935, 453, 1, 'ຕາມລະບຽບບໍລິສັດ', 0, 3, '2021-06-03'),
(936, 452, 1, 'ຕາມລະບຽບບໍລິສັດ', 0, 3, '2021-06-03'),
(937, 457, 1, 'ລາໄດ້ຕາມລະບຽບ', 3, 1, '2021-06-03'),
(938, 451, 1, 'ອະນຸຍາດ', 0, 3, '2021-06-04'),
(939, 457, 1, 'ອະນຸຍາດ', 0, 3, '2021-06-04'),
(940, 458, 1, '', 45, 2, '2021-06-04'),
(941, 458, 1, 'ຕາມລະບຽບບໍລິສັດ', 0, 3, '2021-06-04'),
(942, 459, 1, 'ລາໄດ້ຕາມລະບຽບ', 3, 1, '2021-06-05'),
(943, 460, 1, 'Approved', 2, 2, '2021-06-05'),
(944, 461, 1, '', 59, 2, '2021-06-05'),
(945, 462, 1, '', 90, 1, '2021-06-05'),
(946, 462, 1, 'ຕາມລະບຽບບໍລິສັດ', 0, 3, '2021-06-05'),
(947, 463, 0, NULL, 89, 2, '2021-06-05'),
(948, 459, 1, 'ອະນຸຍາດ', 0, 3, '2021-06-05'),
(949, 464, 1, '', 145, 2, '2021-06-05'),
(950, 461, 1, 'ຕາມລະບຽບບໍລິສັດ', 0, 3, '2021-06-05'),
(951, 465, 1, '', 108, 2, '2021-06-07'),
(952, 465, 1, 'ອະນຸຍາດ', 0, 3, '2021-06-07'),
(953, 421, 1, 'ອະນຸຍາດ', 0, 3, '2021-06-07'),
(954, 418, 1, 'ອະນຸຍາດ', 0, 3, '2021-06-07'),
(955, 464, 1, 'ຕາມລະບຽບບໍລິສັດ', 0, 3, '2021-06-07'),
(956, 466, 1, '', 167, 1, '2021-06-07'),
(957, 466, 1, 'ຕາມລະບຽບບໍລິສັດ', 0, 3, '2021-06-07'),
(958, 467, 0, NULL, 4, 1, '2021-06-07'),
(959, 468, 1, '', 167, 1, '2021-06-08'),
(960, 202, 1, 'ອະນຸຍາດ', 0, 3, '2021-06-08'),
(961, 469, 1, '', 143, 2, '2021-06-08'),
(962, 469, 1, 'ອະນຸຍາດ', 0, 3, '2021-06-08'),
(963, 470, 1, '', 143, 2, '2021-06-08'),
(964, 470, 1, 'ອະນຸຍາດ', 0, 3, '2021-06-08'),
(965, 352, 1, 'ອະນຸຍາດ', 0, 3, '2021-06-08'),
(966, 215, 1, '', 0, 3, '2021-06-08'),
(967, 42, 1, '', 0, 3, '2021-06-08'),
(968, 397, 1, 'ອະນຸຍາດ', 0, 3, '2021-06-08'),
(969, 389, 1, 'ອະນຸຍາດ', 0, 3, '2021-06-08'),
(970, 353, 1, 'ອະນຸຍາດ', 0, 3, '2021-06-08'),
(971, 346, 1, 'ອະນຸຍາດ', 0, 3, '2021-06-08'),
(972, 297, 1, 'ອະນຸຍາດ', 0, 3, '2021-06-08'),
(973, 332, 1, 'ອະນຸຍາດ', 0, 3, '2021-06-08'),
(974, 460, 1, 'ອະນຸຍາດ', 0, 3, '2021-06-08'),
(975, 319, 1, 'ອະນຸຍາດ', 0, 3, '2021-06-08'),
(976, 296, 1, 'ອະນຸຍາດ', 0, 3, '2021-06-08'),
(977, 281, 1, 'ອະນຸຍາດ', 0, 3, '2021-06-08'),
(978, 263, 1, 'ອະນຸຍາດ', 0, 3, '2021-06-08'),
(979, 260, 1, 'ອະນຸຍາດ', 0, 3, '2021-06-08'),
(980, 258, 1, 'ອະນຸຍາດ', 0, 3, '2021-06-08'),
(981, 193, 1, '', 0, 3, '2021-06-08'),
(982, 190, 1, '', 0, 3, '2021-06-08'),
(983, 189, 1, '', 0, 3, '2021-06-08'),
(984, 178, 1, '', 0, 3, '2021-06-08'),
(985, 163, 1, '', 0, 3, '2021-06-08'),
(986, 471, 1, 'Approved', 2, 2, '2021-06-08'),
(987, 471, 1, 'ອະນຸຍາດ', 0, 3, '2021-06-08'),
(988, 472, 0, NULL, 49, 1, '2021-06-09'),
(989, 473, 1, 'ຄັ້ງໜ້າຢາກໃຫ້ມີເອກະສານຄົນເຈັບຕິດຂັດມາດ້ວຍ', 46, 1, '2021-06-09'),
(990, 473, 1, 'ອະນຸຍາດ', 0, 3, '2021-06-09'),
(991, 474, 1, '', 90, 1, '2021-06-09'),
(992, 474, 1, 'ຕາມລະບຽບບໍລິສັດ', 0, 3, '2021-06-09'),
(993, 475, 1, '', 62, 1, '2021-06-09'),
(994, 475, 1, 'ອະນຸຍາດ', 0, 3, '2021-06-09'),
(995, 476, 1, '', 58, 1, '2021-06-09'),
(996, 477, 2, 'ປ່ຽນແຜນມາເຄິ່ງມື້', 62, 1, '2021-06-10'),
(997, 478, 1, '', 90, 1, '2021-06-10'),
(998, 479, 1, '', 45, 2, '2021-06-10'),
(999, 480, 1, '', 45, 2, '2021-06-10'),
(1000, 481, 1, '', 126, 1, '2021-06-10'),
(1001, 482, 1, 'ລາໄດ້ຕາມລະບຽບ', 3, 1, '2021-06-10'),
(1002, 479, 1, '', 0, 3, '2021-06-10'),
(1003, 480, 1, '', 0, 3, '2021-06-10'),
(1004, 391, 1, '', 0, 3, '2021-06-10'),
(1005, 481, 1, 'ອະນຸຍາດ', 0, 3, '2021-06-10'),
(1006, 483, 1, '', 126, 1, '2021-06-10'),
(1007, 484, 1, '', 145, 1, '2021-06-10'),
(1008, 483, 1, 'ອະນຸຍາດ', 0, 3, '2021-06-10'),
(1009, 484, 1, 'ອະນຸຍາດ', 0, 3, '2021-06-10'),
(1010, 485, 0, NULL, 112, 1, '2021-06-10'),
(1011, 486, 1, '', 146, 1, '2021-06-10'),
(1012, 486, 1, 'ອະນຸຍາດ', 0, 3, '2021-06-10'),
(1013, 487, 1, 'ລາໄດ້ຕາມລະບຽບ', 3, 1, '2021-06-10'),
(1014, 488, 1, '', 2, 2, '2021-06-10'),
(1015, 487, 1, 'ອະນຸຍາດ', 0, 3, '2021-06-10'),
(1016, 482, 1, 'ອະນຸຍາດ', 0, 3, '2021-06-10'),
(1017, 489, 1, 'ລາໄດ້ຕາມລະບຽບ', 3, 1, '2021-06-10'),
(1018, 489, 1, 'ອະນຸຍາດ', 0, 3, '2021-06-10'),
(1019, 488, 1, 'ອະນຸຍາດ', 0, 3, '2021-06-10'),
(1020, 490, 1, 'ລາໄດ້ຕາມລະບຽບ', 3, 1, '2021-06-10'),
(1021, 490, 1, 'ອະນຸຍາດ', 0, 3, '2021-06-10'),
(1022, 491, 1, '', 59, 1, '2021-06-10'),
(1023, 492, 1, '', 100, 2, '2021-06-11'),
(1024, 493, 1, '', 146, 2, '2021-06-11'),
(1025, 494, 1, '', 108, 2, '2021-06-11'),
(1026, 491, 1, 'ຕາມລະບຽບບໍລິສັດ', 0, 3, '2021-06-11'),
(1027, 491, 1, 'ຕາມລະບຽບບໍລິສັດ', 0, 3, '2021-06-11'),
(1028, 495, 1, '', 100, 2, '2021-06-11'),
(1029, 496, 1, '', 59, 2, '2021-06-11'),
(1030, 497, 1, '', 128, 1, '2021-06-11'),
(1031, 498, 1, '', 59, 1, '2021-06-11'),
(1032, 499, 1, 'ໄປສັກວັກຊີນ', 62, 1, '2021-06-11'),
(1033, 500, 2, 'ອະນຸມັດໄປແລ້ວອັນຫນຶ່ງ ຊໍ້າຊ້ອນ', 62, 1, '2021-06-11'),
(1034, 501, 2, 'ອະນຸມັດໄປແລ້ວອັນຫນຶ່ງ ຊໍ້າຊ້ອນ', 62, 1, '2021-06-11'),
(1035, 502, 1, '', 62, 1, '2021-06-11'),
(1036, 468, 1, 'ອະນຸຍາດ', 0, 3, '2021-06-11'),
(1037, 503, 1, '', 62, 1, '2021-06-11'),
(1038, 498, 1, 'ຕາມລະບຽບບໍລິສັດ', 0, 3, '2021-06-11'),
(1039, 422, 1, 'ອະນຸຍາດ', 0, 3, '2021-06-11'),
(1040, 496, 1, 'ອະນຸຍາດ', 0, 3, '2021-06-11'),
(1041, 243, 1, 'ອະນຸຍາດ', 0, 3, '2021-06-11'),
(1042, 242, 1, 'ອະນຸຍາດ', 0, 3, '2021-06-11'),
(1043, 241, 1, 'ອະນຸຍາດ', 0, 3, '2021-06-11'),
(1044, 234, 1, 'ອະນຸຍາດ', 0, 3, '2021-06-11'),
(1045, 142, 1, 'ອະນຸຍາດ', 0, 3, '2021-06-11'),
(1046, 140, 1, 'ອະນຸຍາດ', 0, 3, '2021-06-11'),
(1047, 504, 1, 'ລາໄດ້ຕາມລະບຽບ', 3, 1, '2021-06-11'),
(1048, 504, 1, 'ອະນຸຍາດ', 0, 3, '2021-06-11'),
(1049, 505, 1, '', 90, 1, '2021-06-11'),
(1050, 505, 1, 'ອະນຸຍາດ', 0, 3, '2021-06-11'),
(1051, 478, 1, 'ອະນຸຍາດ', 0, 3, '2021-06-11'),
(1052, 493, 1, 'ອະນຸຍາດ', 0, 3, '2021-06-13'),
(1053, 495, 1, 'ອະນຸຍາດ', 0, 3, '2021-06-14'),
(1054, 492, 1, 'ອະນຸຍາດ', 0, 3, '2021-06-14'),
(1055, 423, 1, 'ອະນຸຍາດ', 0, 3, '2021-06-14'),
(1056, 414, 1, 'ອະນຸຍາດ', 0, 3, '2021-06-14'),
(1057, 506, 1, '', 90, 1, '2021-06-14'),
(1058, 507, 1, '', 167, 1, '2021-06-14'),
(1059, 507, 1, 'ອະນຸຍາດ', 0, 3, '2021-06-14'),
(1060, 508, 2, 'ທົດລອງ', 167, 1, '2021-06-14'),
(1061, 509, 1, '', 167, 1, '2021-06-14'),
(1062, 510, 1, '', 46, 1, '2021-06-14'),
(1063, 510, 1, '', 45, 2, '2021-06-14'),
(1064, 510, 1, 'ອະນຸຍາດ', 0, 3, '2021-06-14'),
(1065, 390, 1, 'ອະນຸຍາດ', 0, 3, '2021-06-14'),
(1066, 388, 1, 'ອະນຸຍາດ', 0, 3, '2021-06-14'),
(1067, 367, 1, '', 0, 3, '2021-06-14'),
(1068, 360, 1, '', 0, 3, '2021-06-14'),
(1069, 359, 1, '', 0, 3, '2021-06-14'),
(1070, 331, 1, '', 0, 3, '2021-06-14'),
(1071, 330, 1, '', 0, 3, '2021-06-14'),
(1072, 329, 1, '', 0, 3, '2021-06-14'),
(1073, 318, 1, '', 0, 3, '2021-06-14'),
(1074, 316, 1, '', 0, 3, '2021-06-14'),
(1075, 305, 1, '', 0, 3, '2021-06-14'),
(1076, 255, 1, '', 0, 3, '2021-06-14'),
(1077, 240, 1, '', 0, 3, '2021-06-14'),
(1078, 224, 1, '', 0, 3, '2021-06-14'),
(1079, 222, 1, '', 0, 3, '2021-06-14'),
(1080, 221, 1, '', 0, 3, '2021-06-14'),
(1081, 220, 1, '', 0, 3, '2021-06-14'),
(1082, 219, 1, '', 0, 3, '2021-06-14'),
(1083, 194, 1, '', 0, 3, '2021-06-14'),
(1084, 146, 1, '', 0, 3, '2021-06-14'),
(1085, 112, 1, '', 0, 3, '2021-06-14'),
(1086, 103, 1, '', 0, 3, '2021-06-14'),
(1087, 93, 1, '', 0, 3, '2021-06-14'),
(1088, 89, 1, '', 0, 3, '2021-06-14'),
(1089, 81, 1, '', 0, 3, '2021-06-14'),
(1090, 509, 0, NULL, 166, 2, '2021-06-14'),
(1091, 511, 1, '', 100, 2, '2021-06-15'),
(1092, 503, 1, '', 58, 2, '2021-06-15'),
(1093, 502, 1, '', 58, 2, '2021-06-15'),
(1094, 499, 1, '', 58, 2, '2021-06-15'),
(1095, 512, 1, '', 146, 1, '2021-06-15'),
(1096, 513, 1, 'ຜູ້ກຽວບໍ່ສະບາຍຈີງ', 128, 1, '2021-06-15'),
(1097, 514, 1, '', 90, 1, '2021-06-15'),
(1098, 515, 1, '', 90, 1, '2021-06-15'),
(1099, 511, 1, 'ອະນຸຍາດ', 0, 3, '2021-06-15'),
(1100, 516, 1, '', 143, 2, '2021-06-16'),
(1103, 518, 1, '', 58, 1, '2021-06-16'),
(1106, 519, 1, 'ຜູ້ກຽວບໍສະບາຍຈີງ', 128, 1, '2021-06-16'),
(1107, 518, 1, 'ອະນຸຍາດ', 0, 3, '2021-06-16'),
(1108, 476, 1, 'ຕາມລະບຽບບໍລິສັດ', 0, 3, '2021-06-16'),
(1109, 503, 1, 'ອະນຸຍາດ', 0, 3, '2021-06-16'),
(1110, 502, 1, 'ອະນຸຍາດ', 0, 3, '2021-06-16'),
(1111, 499, 1, 'ອະນຸຍາດ', 0, 3, '2021-06-16'),
(1112, 520, 1, '', 145, 1, '2021-06-17'),
(1113, 521, 1, 'Approved', 2, 2, '2021-06-17'),
(1115, 522, 0, NULL, 4, 1, '2021-06-17'),
(1116, 523, 1, '', 59, 2, '2021-06-17'),
(1117, 523, 1, 'ອະນຸຍາດ', 0, 3, '2021-06-17'),
(1118, 494, 1, 'ຕາມລະບຽບບໍລິສັດ', 0, 3, '2021-06-17'),
(1119, 521, 1, 'ອະນຸຍາດ', 0, 3, '2021-06-17'),
(1120, 524, 1, '', 45, 2, '2021-06-18'),
(1121, 525, 1, '', 100, 2, '2021-06-18'),
(1122, 520, 1, 'ອະນຸຍາດ', 0, 3, '2021-06-18'),
(1123, 526, 1, '', 62, 1, '2021-06-18'),
(1124, 525, 1, 'ຕາມລະບຽບບໍລິສັດ', 0, 3, '2021-06-18'),
(1125, 527, 1, '', 62, 1, '2021-06-18'),
(1126, 528, 1, '', 143, 2, '2021-06-18'),
(1127, 528, 1, 'ອະນຸຍາດ', 0, 3, '2021-06-18'),
(1128, 516, 1, 'ອະນຸຍາດ', 0, 3, '2021-06-18'),
(1129, 524, 1, 'ອະນຸຍາດ', 0, 3, '2021-06-18'),
(1130, 497, 1, '', 126, 2, '2021-06-18'),
(1131, 519, 1, '', 126, 2, '2021-06-18'),
(1132, 513, 1, '', 126, 2, '2021-06-18'),
(1133, 529, 1, 'ລາໄດ້ຕາມລະບຽບ', 3, 1, '2021-06-18'),
(1134, 519, 1, 'ອະນຸຍາດ', 0, 3, '2021-06-19'),
(1135, 513, 1, 'ອະນຸຍາດ', 0, 3, '2021-06-19'),
(1136, 497, 1, '', 0, 3, '2021-06-19'),
(1137, 530, 1, '', 108, 2, '2021-06-19'),
(1138, 531, 1, 'Approved', 2, 2, '2021-06-19'),
(1139, 532, 1, 'Approved', 2, 2, '2021-06-19'),
(1140, 532, 1, 'ອະນຸຍາດ', 0, 3, '2021-06-19'),
(1141, 531, 1, 'ອະນຸຍາດ', 0, 3, '2021-06-19'),
(1142, 527, 0, NULL, 58, 2, '2021-06-20'),
(1143, 526, 0, NULL, 58, 2, '2021-06-20'),
(1144, 533, 1, '', 46, 1, '2021-06-21'),
(1145, 534, 1, '', 146, 1, '2021-06-21'),
(1146, 533, 1, '', 45, 2, '2021-06-21'),
(1147, 535, 1, '', 146, 1, '2021-06-21'),
(1148, 536, 1, '', 146, 1, '2021-06-21'),
(1149, 537, 0, NULL, 96, 1, '2021-06-21'),
(1150, 538, 1, '', 146, 1, '2021-06-21'),
(1151, 539, 1, '', 126, 2, '2021-06-21'),
(1152, 540, 1, '', 126, 2, '2021-06-21'),
(1153, 541, 1, '', 126, 2, '2021-06-21'),
(1154, 541, 1, 'ຕາມລະບຽບບໍລິສັດ', 0, 3, '2021-06-21'),
(1155, 540, 1, 'ອະນຸຍາດ', 0, 3, '2021-06-21'),
(1156, 539, 1, 'ຕາມລະບຽບບໍລິສັດ', 0, 3, '2021-06-21'),
(1157, 542, 1, '', 128, 1, '2021-06-21'),
(1158, 535, 1, '', 145, 2, '2021-06-21'),
(1159, 538, 1, '', 145, 2, '2021-06-21'),
(1160, 536, 1, '', 145, 2, '2021-06-21'),
(1161, 534, 1, '', 145, 2, '2021-06-21'),
(1162, 512, 0, NULL, 145, 2, '2021-06-21'),
(1163, 542, 1, '', 126, 2, '2021-06-21'),
(1164, 543, 2, 'ລາພັກໃຫມ່  ວິນທີ່ ບໍ່ຖືກຕ້ອງ', 3, 1, '2021-06-21'),
(1165, 529, 1, 'ອະນຸຍາດ', 0, 3, '2021-06-21'),
(1166, 544, 1, 'ລາໄດ້ຕາມລະບຽບ', 3, 1, '2021-06-21'),
(1167, 545, 1, 'ລາໄດ້ຕາມລະບຽບ', 3, 1, '2021-06-21'),
(1168, 546, 1, 'ລາໄດ້ຕາມລະບຽບ', 3, 1, '2021-06-21'),
(1169, 538, 1, 'ຕາມລະບຽບບໍລິສັດ', 0, 3, '2021-06-21'),
(1170, 536, 1, 'ຕາມລະບຽບບໍລິສັດ', 0, 3, '2021-06-21'),
(1171, 535, 1, 'ອະນຸຍາດ', 0, 3, '2021-06-21'),
(1172, 534, 1, 'ຕາມລະບຽບບໍລິສັດ', 0, 3, '2021-06-21'),
(1173, 515, 0, NULL, 89, 2, '2021-06-21'),
(1174, 514, 0, NULL, 89, 2, '2021-06-21'),
(1175, 506, 0, NULL, 89, 2, '2021-06-21'),
(1176, 544, 1, 'ອະນຸຍາດ', 0, 3, '2021-06-21'),
(1177, 547, 0, NULL, 89, 2, '2021-06-21'),
(1178, 546, 2, 'ບໍ່ອະນຸຍາດ', 0, 3, '2021-06-21'),
(1179, 548, 0, NULL, 89, 2, '2021-06-21'),
(1180, 545, 2, 'ຂໍ້ມູນຜິດ', 0, 3, '2021-06-21'),
(1181, 549, 1, '', 90, 1, '2021-06-21'),
(1182, 550, 1, '', 90, 1, '2021-06-21'),
(1183, 551, 1, 'ລາໄດ້ຕາມລະບຽບ', 3, 1, '2021-06-21'),
(1184, 552, 1, 'ລາໄດ້ຕາມລະບຽບ', 3, 1, '2021-06-21'),
(1185, 533, 1, 'ຕາມລະບຽບບໍລິສັດ', 0, 3, '2021-06-21'),
(1186, 553, 0, NULL, 90, 1, '2021-06-21'),
(1187, 542, 1, 'ອະນຸຍາດ', 0, 3, '2021-06-22'),
(1188, 554, 0, NULL, 166, 2, '2021-06-22'),
(1189, 555, 1, '', 108, 2, '2021-06-22'),
(1190, 555, 1, 'ອະນຸຍາດ', 0, 3, '2021-06-22'),
(1191, 530, 1, 'ຕາມລະບຽບບໍລິສັດ', 0, 3, '2021-06-22'),
(1192, 556, 1, '', 146, 1, '2021-06-22'),
(1193, 557, 1, '', 108, 2, '2021-06-22'),
(1194, 558, 1, '', 59, 2, '2021-06-22'),
(1195, 557, 1, 'ອະນຸຍາດ', 0, 3, '2021-06-22'),
(1196, 559, 1, '', 59, 1, '2021-06-22'),
(1197, 559, 1, 'ອະນຸຍາດ', 0, 2, '2021-06-22'),
(1198, 558, 1, 'ອະນຸຍາດ', 0, 3, '2021-06-22'),
(1199, 556, 1, '', 145, 2, '2021-06-22'),
(1200, 560, 1, '', 59, 1, '2021-06-22'),
(1201, 559, 0, NULL, 0, 3, '2021-06-22'),
(1202, 560, 1, 'ອະນຸຍາດ', 0, 2, '2021-06-22'),
(1203, 560, 0, NULL, 0, 3, '2021-06-22'),
(1204, 561, 1, '', 90, 1, '2021-06-22'),
(1205, 562, 1, '', 90, 1, '2021-06-22'),
(1206, 562, 2, 'ຂໍ້ມູນຜິດ', 0, 2, '2021-06-22'),
(1207, 561, 1, 'ອະນຸຍາດ', 0, 2, '2021-06-22'),
(1208, 550, 1, 'ຕາມລະບຽບບໍລິສັດ', 0, 2, '2021-06-22'),
(1209, 549, 2, 'ຂໍມູນຊ້ຳ', 0, 2, '2021-06-22'),
(1210, 561, 0, NULL, 0, 3, '2021-06-22'),
(1211, 550, 0, NULL, 0, 3, '2021-06-22'),
(1212, 563, 1, '', 90, 1, '2021-06-22'),
(1213, 563, 1, 'ຕາມລະບຽບບໍລິສັດ', 0, 2, '2021-06-22'),
(1214, 563, 0, NULL, 0, 3, '2021-06-22'),
(1215, 556, 1, 'ອະນຸຍາດ', 0, 3, '2021-06-23'),
(1216, 564, 1, '', 145, 1, '2021-06-23'),
(1217, 564, 1, 'ອະນຸຍາດ', 0, 2, '2021-06-23'),
(1218, 564, 0, NULL, 0, 3, '2021-06-23'),
(1219, 565, 1, '', 90, 1, '2021-06-23'),
(1220, 565, 1, 'ອະນຸຍາດ', 0, 2, '2021-06-23'),
(1221, 566, 0, NULL, 90, 1, '2021-06-23'),
(1222, 567, 0, NULL, 45, 2, '2021-06-24'),
(1223, 568, 1, 'ຜູ້ມີຄວາມຈຳເປັນແທ້', 128, 1, '2021-06-25'),
(1224, 569, 1, 'ລາໄດ້ຕາມລະບຽບ', 3, 1, '2021-06-25'),
(1225, 569, 1, 'ອະນຸຍາດ', 0, 3, '2021-06-25'),
(1226, 552, 1, 'ອະນຸຍາດ', 0, 3, '2021-06-25'),
(1227, 551, 1, 'ອະນຸຍາດ', 0, 3, '2021-06-25'),
(1228, 568, 1, '', 126, 2, '2021-06-25'),
(1229, 568, 1, 'ອະນຸຍາດ', 0, 3, '2021-06-25'),
(1230, 570, 0, NULL, 100, 2, '2021-06-28'),
(1231, 565, 0, NULL, 0, 3, '2021-06-28'),
(1232, 571, 0, NULL, 167, 1, '2021-06-29');

-- --------------------------------------------------------

--
-- Table structure for table `tbl_depart`
--

CREATE TABLE `tbl_depart` (
  `depart_id` int(11) NOT NULL,
  `depart_name` varchar(50) DEFAULT NULL,
  `depart_email` varchar(50) DEFAULT NULL
) ENGINE=InnoDB DEFAULT CHARSET=utf8mb4;

--
-- Dumping data for table `tbl_depart`
--

INSERT INTO `tbl_depart` (`depart_id`, `depart_name`, `depart_email`) VALUES
(5, 'PSS (TOTO)', 'santhaluck@kplaocompany.com'),
(11, 'ICT', 'ict.team@kplaocompany.com'),
(12, 'HR', 'hrm@kplaocompany.com'),
(14, 'Management', NULL),
(19, 'Account & Finance', 'mina@kplaocompany.com'),
(20, 'Aumotive 1', 'anousone@kplaocompany.com'),
(21, 'Automotive 2', 'sengphet@kplaocompany.com'),
(22, 'FMCG', NULL),
(24, 'BSD', NULL);

-- --------------------------------------------------------

--
-- Table structure for table `tbl_depart_unit`
--

CREATE TABLE `tbl_depart_unit` (
  `unit_id` int(11) NOT NULL,
  `depart_id` int(11) DEFAULT NULL,
  `unit_name` varchar(50) DEFAULT NULL
) ENGINE=InnoDB DEFAULT CHARSET=utf8mb4;

--
-- Dumping data for table `tbl_depart_unit`
--

INSERT INTO `tbl_depart_unit` (`unit_id`, `depart_id`, `unit_name`) VALUES
(6, 5, 'PSS'),
(13, 11, 'General'),
(14, 12, 'General'),
(16, 14, 'General'),
(28, 19, 'Account & Finance'),
(31, 19, 'Management'),
(32, 20, 'Tyres Center'),
(33, 20, 'Bridgestone'),
(34, 20, 'Modern Trade'),
(35, 21, 'Shell'),
(36, 21, 'Fertilizer'),
(37, 21, 'Kubota Tractor'),
(38, 21, 'Kubota RT & NC'),
(39, 21, 'Yamaha'),
(40, 22, 'Phubia'),
(41, 22, 'Fitne & Hotta'),
(42, 22, 'Unilever'),
(43, 22, 'Unicharm'),
(44, 24, 'ການຕະຫຼາດ'),
(45, 22, 'Management'),
(46, 22, 'UI/Catering/Fitne & Hotta');

-- --------------------------------------------------------

--
-- Table structure for table `tbl_district`
--

CREATE TABLE `tbl_district` (
  `dt_id` int(11) NOT NULL,
  `dt_name` varchar(150) CHARACTER SET utf8 DEFAULT NULL
) ENGINE=MyISAM DEFAULT CHARSET=latin1;

--
-- Dumping data for table `tbl_district`
--

INSERT INTO `tbl_district` (`dt_id`, `dt_name`) VALUES
(1, 'ຈັນທະບູລີ'),
(2, 'ຫາດຊາຍຟອງ'),
(3, 'ປາກງື່ມ'),
(4, 'ນາຊາຍທອງ'),
(5, 'ສັງທອງ'),
(6, 'ສີໂຄດຕະບອງ'),
(7, 'ສີສັດຕະນາກ'),
(8, 'ໄຊເສດຖາ'),
(9, 'ໄຊທະນີ');

-- --------------------------------------------------------

--
-- Table structure for table `tbl_holiday`
--

CREATE TABLE `tbl_holiday` (
  `hd_id` int(11) NOT NULL,
  `hd_date` date DEFAULT NULL,
  `hd_year` year(4) DEFAULT NULL,
  `add_by` int(11) DEFAULT NULL
) ENGINE=MyISAM DEFAULT CHARSET=latin1;

-- --------------------------------------------------------

--
-- Table structure for table `tbl_leave_request`
--

CREATE TABLE `tbl_leave_request` (
  `lr_id` int(11) NOT NULL,
  `user_ids` int(11) DEFAULT NULL,
  `depart_id` int(11) DEFAULT NULL,
  `leave_type` int(11) DEFAULT NULL,
  `date_leave` int(11) DEFAULT NULL,
  `hours_leave` int(11) DEFAULT NULL,
  `minus_leave` int(11) DEFAULT NULL,
  `date_from` date DEFAULT NULL,
  `time_from` time DEFAULT NULL,
  `date_to` date DEFAULT NULL,
  `time_to` time DEFAULT NULL,
  `reason` text COLLATE utf8mb4_unicode_ci DEFAULT NULL,
  `attatch_file` varchar(100) COLLATE utf8mb4_unicode_ci DEFAULT NULL,
  `date_request` date DEFAULT NULL
) ENGINE=InnoDB DEFAULT CHARSET=utf8mb4 COLLATE=utf8mb4_unicode_ci;

--
-- Dumping data for table `tbl_leave_request`
--

INSERT INTO `tbl_leave_request` (`lr_id`, `user_ids`, `depart_id`, `leave_type`, `date_leave`, `hours_leave`, `minus_leave`, `date_from`, `time_from`, `date_to`, `time_to`, `reason`, `attatch_file`, `date_request`) VALUES
(4, 35, 12, 2, 1, 0, 0, '2020-11-20', '08:00:00', '2020-11-20', '17:00:00', 'ວຽກສ່ວນຕົວ', NULL, '2020-11-20'),
(5, 78, 12, 2, 1, 0, 0, '2020-11-21', '08:00:00', '2020-11-21', '17:00:00', 'ລາພັກ', NULL, '2020-11-20'),
(19, 100, 12, 2, 0, 1, 0, '2020-11-25', '10:00:00', '2020-11-25', '11:00:00', 'ກວດຕາ', NULL, '2020-11-25'),
(20, 5, 16, 2, 1, 0, 0, '2020-11-25', '08:00:00', '2020-11-25', '17:00:00', 'ຄາວງກຄອບຄົວ', NULL, '2020-11-26'),
(21, 100, 12, 2, 0, 0, 30, '2020-11-26', '07:30:00', '2020-11-26', '07:40:00', 'ມາຊ້າ', NULL, '2020-11-26'),
(22, 101, 12, 2, 0, 3, 0, '2020-11-21', '13:00:00', '2020-11-21', '17:00:00', 'ໄປວຽກຄອບຄົວ', NULL, '2020-11-26'),
(23, 70, 19, 2, 1, 0, 0, '2020-12-01', '08:00:00', '2020-12-01', '17:00:00', '   ພາລູກໄປສັກຢາ', NULL, '2020-11-30'),
(24, 11, 19, 2, 2, 0, 0, '2020-12-04', '08:00:00', '2020-12-05', '17:00:00', 'ຊ່ວຍວຽກເຮືອນບຸນພີ່ນ້ອງ', NULL, '2020-11-30'),
(25, 33, 19, 2, 0, 1, 0, '2020-11-27', '16:00:00', '2020-11-27', '17:00:00', 'ໄປຮ່ວມງານກິລາສີຂອງລູກສາວ', NULL, '2020-11-30'),
(27, 21, 12, 2, 0, 2, 0, '2020-12-04', '08:00:00', '2020-12-04', '10:00:00', 'ມີວຽກທາງບ້ານຊ່ວຍວຽກຄອບຄົວ', NULL, '2020-12-03'),
(28, 11, 19, 2, 0, 2, 30, '2020-12-03', '08:00:00', '2020-12-03', '10:30:00', 'ມີວຽກທາງຄອບຄົວ', NULL, '2020-12-03'),
(29, 78, 12, 2, 1, 0, 0, '2020-12-05', '08:00:00', '2020-12-05', '17:00:00', 'ມີວຽກສ່ວນຕົວ', NULL, '2020-12-03'),
(30, 35, 12, 2, 0, 0, 30, '2020-12-16', '08:00:00', '2020-12-16', '08:25:00', 'ລົດຢາງຮົ່ວ', NULL, '2020-12-04'),
(31, 102, 12, 2, 0, 1, 0, '2020-12-04', '04:00:00', '2020-12-04', '05:00:00', 'ລາພັກໄປຮັບຫລານຢູ່່ໂຮງຮຽນ', NULL, '2020-12-04'),
(32, 100, 12, 4, 1, 0, 0, '2020-12-03', '08:00:00', '2020-12-03', '17:00:00', 'ໄປສົງສະການ', NULL, '2020-12-04'),
(33, 103, 12, 2, 0, 4, 0, '2020-12-05', '13:00:00', '2020-12-05', '17:00:00', 'ຄາວຽກທາງບ້ານ', NULL, '2020-12-04'),
(34, 41, 16, 1, 1, 0, 0, '2020-11-26', '08:00:00', '2020-11-26', '17:00:00', 'ບໍ່ສະບາຍ', NULL, '2020-12-05'),
(35, 21, 12, 2, 0, 4, 0, '2020-12-05', '13:00:00', '2020-12-05', '17:00:00', 'ຄາວຽກທາງບ້ານ', NULL, '2020-12-05'),
(36, 5, 16, 1, 1, 0, 0, '2020-12-05', '08:00:00', '2020-12-05', '17:00:00', 'ຖອກທ້ອງ', '1.jpg', '2020-12-07'),
(37, 5, 16, 1, 0, 4, 0, '2020-12-04', '13:00:00', '2020-12-04', '17:00:00', 'ຖອກທ້ອງ', '2.jpg', '2020-12-07'),
(38, 85, 16, 2, 0, 4, 0, '2020-11-30', '08:00:00', '2020-11-30', '12:00:00', 'ຄາວຽກຄອບຄົວ', NULL, '2020-12-08'),
(39, 41, 16, 2, 1, 0, 0, '2020-11-26', '08:00:00', '2020-11-26', '17:00:00', 'ບໍ່ສະບາຍ', NULL, '2020-12-08'),
(40, 105, 1, 9, 1, 0, 0, '2020-12-03', '08:00:00', '2020-12-03', '17:00:00', 'ລາໄປໂຮງໝໍ103ກວດຫູບໍ່ໄກ້ຍິນຂ້າງຂວາ', NULL, '2020-12-08'),
(41, 11, 19, 2, 1, 0, 0, '2020-12-11', '08:00:00', '2020-12-11', '17:00:00', 'ມີວຽກທາງຄອບຄົວ (ດອງພີ່ນ້ອງ)', NULL, '2020-12-10'),
(42, 37, 2, 2, 0, 4, 0, '2020-12-01', '08:00:00', '2020-12-01', '12:00:00', 'ພາລູກໄປສັກຢາຢູ່ໂຮງໝໍ', NULL, '2020-12-10'),
(43, 78, 12, 4, 0, 0, 30, '2020-12-09', '08:00:00', '2020-12-09', '08:20:00', 'ສົ່ງລູກໄປໂຮງຮຽນ', NULL, '2020-12-10'),
(44, 35, 12, 1, 1, 0, 0, '2020-12-20', '08:00:00', '2020-12-20', '17:00:00', 'ຖອກທ້ອງ', NULL, '2020-12-11'),
(45, 21, 12, 2, 1, 0, 0, '2020-12-10', '08:00:00', '2020-12-10', '17:00:00', 'ລູກບໍ່ສະບາຍ', NULL, '2020-12-11'),
(46, 53, 10, 2, 0, 1, 0, '2020-12-04', '08:00:00', '2020-12-04', '09:00:00', 'ເນື່ອງຈາກໄປຖ້າເອົາລົດຈັກທີ່ໄປແປງຢູ່ຢາມາຮາເຄພີ', NULL, '2020-12-11'),
(47, 106, 10, 1, 1, 0, 0, '2020-12-08', '08:00:00', '2020-12-08', '17:00:00', 'ອະນຸຍາດລາພັກ.ເນື່ອງຈາກວ່າ ເປັນໄຂ້.ແລະໄອ', NULL, '2020-12-11'),
(48, 9, 11, 2, 0, 0, 30, '2020-12-07', '08:00:00', '2020-12-07', '08:30:00', 'ເຂົ້້າຫ້ອງການຊ້າ', NULL, '2020-12-11'),
(49, 9, 11, 2, 0, 0, 30, '2020-12-04', '08:00:00', '2020-12-04', '08:30:00', 'ເຂົ້້າຫ້ອງການຊ້າ', NULL, '2020-12-11'),
(50, 9, 11, 2, 0, 0, 30, '2020-12-09', '08:00:00', '2020-12-09', '08:30:00', 'ເຂົ້້າຫ້ອງການຊ້າ', NULL, '2020-12-11'),
(51, 9, 11, 2, 0, 0, 30, '2020-12-10', '08:00:00', '2020-12-10', '08:30:00', 'ເຂົ້້າຫ້ອງການຊ້າ', NULL, '2020-12-11'),
(52, 9, 11, 2, 0, 0, 30, '2020-12-11', '08:00:00', '2020-12-11', '08:30:00', 'ເຂົ້້າຫ້ອງການຊ້າ', NULL, '2020-12-11'),
(53, 5, 16, 1, 1, 0, 0, '2020-12-14', '08:00:00', '2020-12-14', '17:00:00', 'ລົດລົ້ມ', NULL, '2020-12-15'),
(54, 100, 12, 2, 6, 0, 0, '2020-12-21', '08:00:00', '2020-12-26', '17:00:00', 'ໄປດອງລູກ', NULL, '2020-12-15'),
(55, 41, 16, 1, 1, 0, 0, '2020-12-15', '08:00:00', '2020-12-15', '17:00:00', 'ຖອກທ້ອງ', '3.jpg', '2020-12-16'),
(56, 21, 12, 2, 1, 0, 0, '2020-12-15', '08:00:00', '2020-12-15', '17:00:00', 'ຄອບລາພັກ ລູກສາວບ່ສະບາຍເປັນໄຂ້ຄໍແດງ', NULL, '2020-12-16'),
(57, 35, 12, 4, 1, 0, 0, '2020-12-19', '08:00:00', '2020-12-19', '17:00:00', 'ງານສູ່ຂັວນພີ່ນ້ອງ', NULL, '2020-12-18'),
(58, 5, 16, 1, 0, 1, 0, '2020-12-17', '08:00:00', '2020-12-17', '09:00:00', 'ລ້າງບາດຢູ່ໂຮງຫມໍ', NULL, '2020-12-18'),
(59, 25, 12, 4, 0, 2, 0, '2020-12-18', '15:00:00', '2020-12-18', '17:00:00', 'ວຽກທາງບ້ານ', NULL, '2020-12-18'),
(60, 107, 12, 2, 0, 0, 30, '2020-11-26', '07:30:00', '2020-11-26', '07:32:00', 'ມາຊ້າ', NULL, '2020-12-18'),
(61, 107, 12, 2, 0, 0, 30, '2020-12-27', '07:30:00', '2020-12-27', '07:31:00', 'ມາຊ້າ', NULL, '2020-12-18'),
(62, 107, 12, 2, 0, 0, 30, '2020-12-07', '07:30:00', '2020-12-07', '07:35:00', 'ມາຊ້າ', NULL, '2020-12-18'),
(63, 107, 12, 2, 0, 0, 30, '2020-12-10', '07:30:00', '2020-12-10', '07:35:00', 'ມາຊ້າ', NULL, '2020-12-18'),
(64, 107, 12, 2, 0, 0, 30, '2020-12-11', '07:30:00', '2020-12-11', '07:37:00', 'ມາຊ້າ', NULL, '2020-12-18'),
(65, 107, 12, 2, 0, 0, 30, '2020-12-17', '07:30:00', '2020-12-17', '07:36:00', 'ມາຊ້າ', NULL, '2020-12-18'),
(66, 2, 4, 2, 2, 0, 0, '2020-12-04', '08:00:00', '2020-12-05', '17:00:00', 'ວຽກຄອບຄົວ', NULL, '2020-12-18'),
(67, 84, 4, 4, 1, 0, 0, '2020-12-03', '08:00:00', '2020-12-03', '17:00:00', 'ຊ່ວຍວຽກພໍ່ຕູ້ເສຍຊີວິດ', NULL, '2020-12-18'),
(68, 84, 4, 4, 1, 0, 0, '2020-12-05', '08:00:00', '2020-12-05', '17:00:00', 'ຊ່ວຍວຽກພໍ່ຕູ້ເສຍຊີວິດ', NULL, '2020-12-18'),
(69, 84, 4, 4, 1, 0, 0, '2020-12-11', '08:00:00', '2020-12-11', '17:00:00', 'ວຽກຄອບຄົວ', NULL, '2020-12-18'),
(70, 84, 4, 2, 0, 0, 30, '2020-12-07', '08:00:00', '2020-12-07', '08:30:00', 'ວຽກຄອບຄົວ', NULL, '2020-12-18'),
(71, 84, 4, 2, 0, 0, 30, '2020-12-14', '08:00:00', '2020-12-14', '08:30:00', 'ວຽກຄອບຄົວ', NULL, '2020-12-18'),
(72, 100, 12, 2, 0, 0, 30, '2020-12-18', '07:30:00', '2020-12-18', '08:00:00', 'ມາວຽກຊ້າ', NULL, '2020-12-18'),
(73, 100, 12, 2, 0, 0, 30, '2020-12-18', '07:30:00', '2020-12-18', '08:00:00', 'ມາວຽກຊ້າ', NULL, '2020-12-18'),
(74, 100, 12, 2, 0, 0, 30, '2020-11-26', '07:30:00', '2020-11-26', '08:00:00', 'ມາວຽກຊ້າ', NULL, '2020-12-18'),
(75, 100, 12, 2, 0, 0, 30, '2020-11-30', '07:30:00', '2020-11-30', '08:00:00', 'ມາວຽກຊັາ', NULL, '2020-12-18'),
(76, 100, 12, 2, 0, 0, 30, '2020-12-14', '07:30:00', '2020-12-14', '07:02:00', 'ມາວຽກຊັາ', NULL, '2020-12-18'),
(77, 41, 16, 2, 0, 1, 30, '2020-12-18', '08:00:00', '2020-12-18', '09:30:00', 'ຄາວຽກຄອບຄົວ', NULL, '2020-12-18'),
(78, 14, 10, 2, 1, 0, 0, '2020-12-05', '08:00:00', '2020-12-05', '17:00:00', 'ຄາວຽກສ່ວນຕົວ', NULL, '2020-12-19'),
(79, 88, 16, 2, 0, 4, 0, '2020-12-15', '08:00:00', '2020-12-15', '12:00:00', 'ພາເມຍໄປຝາກທ້ອງ', NULL, '2020-12-19'),
(80, 5, 16, 2, 0, 1, 0, '2020-12-21', '08:00:00', '2020-12-21', '09:00:00', 'ຄາວງກຄອບຄົວ', NULL, '2020-12-21'),
(81, 9, 11, 2, 0, 0, 30, '2020-12-21', '08:00:00', '2020-12-21', '08:30:00', 'ເຂົ້າຫ້ອງການຊ້າ', NULL, '2020-12-21'),
(82, 78, 12, 2, 0, 0, 30, '2020-12-21', '08:00:00', '2020-12-21', '08:15:00', 'ມາຊ້າໄປສົ່ງລູກ', NULL, '2020-12-21'),
(83, 16, 10, 4, 1, 0, 0, '2020-12-19', '08:00:00', '2020-12-19', '17:00:00', 'ລາວຽກຄອບຄົວ', NULL, '2020-12-22'),
(84, 61, 4, 4, 1, 0, 0, '2020-11-30', '08:00:00', '2020-11-30', '17:00:00', 'ໄປເຝົ້າແມ່ນອນໂຮງຫມໍ', NULL, '2020-12-22'),
(85, 38, 16, 2, 1, 0, 0, '2020-11-27', '08:00:00', '2020-11-27', '17:00:00', 'ຄາວຽກຄອບຄົວ', NULL, '2020-12-22'),
(86, 61, 4, 9, 0, 0, 30, '2020-12-22', '08:00:00', '2020-12-22', '08:30:00', 'ໄປສົ່ງອຸປະກອນເຄື່ອງມືໃຫ້ຮ້ານມິດກະເສດ', NULL, '2020-12-22'),
(87, 38, 16, 1, 1, 0, 0, '2020-12-03', '08:00:00', '2020-12-03', '17:00:00', 'ເຈັບຂາ(ລົດຈັກລົ້ມ)', NULL, '2020-12-22'),
(88, 78, 12, 2, 0, 0, 30, '2020-12-23', '08:00:00', '2020-12-23', '08:30:00', 'ໄປສົ່ງລູກໄປ ຮຮ', NULL, '2020-12-23'),
(89, 9, 11, 2, 0, 0, 30, '2020-12-23', '08:00:00', '2020-12-23', '08:30:00', 'ເຂົ້າຫ້ອງການຊ້າ', NULL, '2020-12-23'),
(90, 102, 12, 2, 0, 4, 0, '2020-12-26', '13:00:00', '2020-12-26', '17:00:00', 'ມີວງກ', NULL, '2020-12-23'),
(91, 61, 4, 1, 0, 4, 0, '2020-12-24', '08:00:00', '2020-12-24', '12:00:00', 'ໄປກວດອາການເຈັບບ່າໄລ່ຢູ່ໂຮງຫມໍ', '4.jpg', '2020-12-24'),
(92, 53, 10, 2, 1, 0, 0, '2020-12-25', '08:00:00', '2020-12-25', '17:00:00', 'ຕິດພາລະກິດຄອບຄົວ', NULL, '2020-12-25'),
(93, 9, 11, 2, 0, 0, 30, '2020-12-25', '08:00:00', '2020-12-25', '08:30:00', 'ເຂົ້າຫ້ອງການຊ້າ', NULL, '2020-12-25'),
(94, 80, 19, 4, 0, 4, 0, '2020-12-26', '13:00:00', '2020-12-26', '17:00:00', 'ມີວຽກທາງຄອບຄົວ', NULL, '2020-12-25'),
(95, 61, 4, 9, 0, 1, 0, '2020-12-26', '08:00:00', '2020-12-26', '09:00:00', 'ໄປຮັບພະນັກງານພາກໄຕ້ຢູ່ໂຮງແຮມ', NULL, '2020-12-26'),
(96, 84, 4, 9, 0, 0, 30, '2020-12-26', '08:00:00', '2020-12-26', '08:30:00', 'ວຽກສ່ວນຕົວ', NULL, '2020-12-26'),
(97, 88, 16, 2, 1, 0, 0, '2021-01-04', '08:00:00', '2021-01-04', '17:00:00', 'ໄປຊ່ວຍລຸງເຮັດງານສູ່ຂວັນຢູ່ນາສາລາ', NULL, '2021-01-04'),
(98, 61, 4, 9, 1, 0, 0, '2021-01-04', '08:00:00', '2021-01-04', '17:00:00', 'ເດີນທາງກັບບ້ານແຕ່ໄຊຍະບູລີ - ວຽງຈັນ', NULL, '2021-01-04'),
(99, 14, 10, 2, 0, 0, 30, '2021-01-04', '08:00:00', '2021-01-04', '08:30:00', 'ຄາວຽກສ່ວນຕົວ', NULL, '2021-01-04'),
(100, 41, 16, 1, 1, 0, 0, '2021-01-04', '08:00:00', '2021-01-04', '17:00:00', 'ບໍ່ສະບາຍ(ໄຂ້)', NULL, '2021-01-05'),
(101, 78, 12, 2, 0, 0, 30, '2021-01-05', '08:00:00', '2021-01-05', '08:30:00', 'ເຈັບທ້ອງ', NULL, '2021-01-05'),
(102, 78, 12, 2, 1, 0, 0, '2021-01-09', '08:00:00', '2021-01-09', '17:00:00', 'ພາລູກໄປສັກຢາ', NULL, '2021-01-05'),
(103, 10, 11, 4, 0, 0, 30, '2021-01-06', '08:00:00', '2021-01-06', '08:17:00', 'ມາຊ້າ', NULL, '2021-01-06'),
(104, 74, 10, 1, 2, 0, 0, '2021-01-04', '08:00:00', '2021-01-05', '17:00:00', 'ບໍ່ສະບາຍຖອກທ້ອງ', NULL, '2021-01-06'),
(105, 106, 10, 1, 1, 0, 0, '2021-01-08', '08:00:00', '2021-01-08', '17:00:00', 'ຂໍອະນຸຍາດລາພັກ ເນື່ອງຈາກວ່າບໍ່ສະບາຍ.ເປັນໄຂ້.', NULL, '2021-01-07'),
(106, 103, 12, 2, 3, 0, 0, '2021-01-09', '08:00:00', '2021-01-11', '17:00:00', 'ເຮັດກອງບຸນ ຢູ່ແຂວງຄຳມ່ວນ', NULL, '2021-01-08'),
(107, 99, 3, 2, 1, 0, 0, '2021-01-07', '08:00:00', '2021-01-07', '17:00:00', 'ມີວຽກທາງບ້ານ', NULL, '2021-01-08'),
(108, 41, 16, 2, 0, 2, 0, '2021-01-09', '08:00:00', '2021-01-09', '10:00:00', 'ຄາວຽກຄອບຄົວ', NULL, '2021-01-09'),
(109, 88, 16, 2, 0, 0, 30, '2021-01-09', '08:00:00', '2021-01-09', '08:30:00', 'ລົດເພ (ເເປງລົດ)', '5.jpg', '2021-01-09'),
(110, 71, 12, 2, 0, 4, 0, '2021-01-09', '08:00:00', '2021-01-09', '12:00:00', 'ວຽກທາງບ້ານ', NULL, '2021-01-09'),
(111, 92, 10, 2, 3, 0, 0, '2021-01-06', '08:00:00', '2021-01-08', '17:00:00', 'ເບິ່ງແຍງເມຍເກີດລູກ', NULL, '2021-01-09'),
(112, 9, 11, 2, 0, 3, 0, '2021-01-09', '08:00:00', '2021-01-09', '11:00:00', 'ເຂົ້າຫ້ອງການຊ້າ', NULL, '2021-01-09'),
(113, 21, 12, 2, 0, 1, 0, '2021-01-09', '08:00:00', '2021-01-09', '09:00:00', 'ຄອບມາຊ້າ ຄາວຽກທາງບ້ານ', NULL, '2021-01-11'),
(114, 110, 12, 2, 0, 0, 30, '2021-01-04', '08:00:00', '2021-01-04', '08:30:00', 'ຄອບເຂົ້າວຽກຊ້າ', NULL, '2021-01-11'),
(115, 70, 19, 2, 1, 0, 0, '2021-01-12', '08:00:00', '2021-01-12', '17:00:00', 'ໄປເຮັດບັດປະຈຳຕົວແລະ ເຮັດໜັງສຶລົດ', NULL, '2021-01-11'),
(116, 16, 10, 1, 4, 0, 0, '2021-01-08', '08:00:00', '2021-01-11', '17:00:00', 'ເປັນໄຂ້ຫວັດ', NULL, '2021-01-11'),
(117, 85, 16, 2, 0, 4, 0, '2021-01-04', '08:00:00', '2021-01-04', '12:00:00', 'ຄາວຽກຄອບຄົວ', NULL, '2021-01-12'),
(118, 85, 16, 2, 1, 0, 0, '2021-01-08', '08:00:00', '2021-01-08', '17:00:00', 'ຄາວຽກຄອບຄົວ', NULL, '2021-01-12'),
(119, 84, 4, 1, 1, 0, 0, '2021-01-11', '08:00:00', '2021-01-11', '17:00:00', 'ເຈັບຖອກທ້ອງ', NULL, '2021-01-12'),
(120, 78, 12, 2, 0, 0, 30, '2021-01-11', '08:00:00', '2021-01-11', '08:05:00', 'ມາຊ້າສົ່່ງລູກ', NULL, '2021-01-12'),
(121, 101, 12, 1, 1, 0, 0, '2021-01-08', '08:00:00', '2021-01-08', '17:00:00', 'ບໍສະບາຍ', NULL, '2021-01-12'),
(122, 101, 12, 2, 1, 0, 0, '2021-01-09', '08:00:00', '2021-01-09', '17:00:00', 'ລາພັກປະຈໍາປີ', NULL, '2021-01-12'),
(123, 21, 12, 2, 0, 3, 0, '2021-01-11', '14:00:00', '2021-01-11', '17:00:00', 'ຄາວຽກທາງບ້ານ', NULL, '2021-01-12'),
(124, 48, 19, 2, 0, 2, 0, '2021-01-14', '08:00:00', '2021-01-14', '10:00:00', 'ໄປເຊັນເອກະສານຢູ່ຫ້ອງການບ້ານ', NULL, '2021-01-13'),
(128, 22, 19, 2, 0, 2, 30, '2021-01-14', '08:00:00', '2021-01-14', '10:30:00', 'ພາລູກໄປໂຮງໝໍ', NULL, '2021-01-14'),
(129, 78, 12, 1, 0, 2, 30, '2021-01-14', '08:00:00', '2021-01-14', '10:30:00', 'ເປັນວິນ', NULL, '2021-01-14'),
(130, 78, 12, 1, 0, 2, 30, '2021-01-14', '08:00:00', '2021-01-14', '10:30:00', 'ເປັນວິນ', NULL, '2021-01-14'),
(131, 83, 19, 1, 0, 4, 0, '2021-01-04', '12:00:00', '2021-01-04', '17:00:00', 'ເຈັບທ້ອງ', NULL, '2021-01-14'),
(132, 45, 19, 2, 0, 0, 30, '2021-01-13', '08:00:00', '2021-01-13', '08:30:00', 'ພາລູກໄປໂຮງຮຽນ (ສາວຄູບໍ່ທັນມາເປີດໂຮງຮຽນ)', NULL, '2021-01-14'),
(133, 45, 19, 2, 0, 0, 30, '2021-01-14', '08:00:00', '2021-01-14', '08:30:00', 'ພາລູກໄປໂຮງຮຽນ(ສາວຄູບໍ່ທັນມາເປີດໂຮງຮຽນ)', NULL, '2021-01-14'),
(134, 26, 19, 2, 1, 0, 0, '2021-01-09', '08:00:00', '2021-01-09', '17:00:00', 'ໄປງານແຕ່ງດອງນ້ແງຊາຍ ຢູ່ບ້ານຫົວຊຽງ', NULL, '2021-01-14'),
(135, 14, 10, 2, 0, 1, 30, '2021-01-15', '08:00:00', '2021-01-15', '09:01:00', 'ໄປທະນາຄານ', NULL, '2021-01-15'),
(136, 69, 3, 2, 1, 0, 0, '2021-01-09', '08:00:00', '2021-01-09', '17:00:00', 'ມີວຽກທາງບ້ານ', NULL, '2021-01-15'),
(137, 4, 3, 2, 0, 0, 30, '2021-01-13', '08:00:00', '2021-01-13', '08:30:00', 'ມີວຽກທາງບ້ານ', NULL, '2021-01-15'),
(138, 99, 3, 2, 0, 0, 30, '2021-01-12', '08:00:00', '2021-01-12', '08:30:00', 'ມີວຽກທາງບ້ານ ', NULL, '2021-01-15'),
(139, 78, 12, 2, 0, 0, 30, '2021-01-18', '08:00:00', '2021-01-18', '08:20:00', 'ມີວຽກຄອບຄົວ', NULL, '2021-01-18'),
(140, 75, 19, 2, 0, 3, 0, '2021-01-18', '08:01:00', '2021-01-18', '12:00:00', 'ຄາວຽກທາງບ້ານ', NULL, '2021-01-18'),
(141, 64, 16, 2, 0, 1, 30, '2021-01-15', '08:00:00', '2021-01-15', '09:10:00', 'ຄາ​ວຽກ ຄອບ​ຄົວ', NULL, '2021-01-18'),
(142, 82, 19, 2, 0, 4, 30, '2021-01-22', '13:00:00', '2021-01-22', '17:01:00', 'ໄປຫລວງພະບາງ', NULL, '2021-01-18'),
(143, 48, 19, 2, 0, 4, 0, '2021-01-22', '13:00:00', '2021-01-22', '17:00:00', 'ເດີນທາງໄປແຂວງຫລວງພະບາງ', NULL, '2021-01-18'),
(144, 75, 19, 2, 0, 4, 0, '2021-01-18', '08:00:00', '2021-01-18', '12:00:00', 'ມີວຽກທາງບ້ານ', NULL, '2021-01-18'),
(145, 82, 19, 2, 0, 4, 0, '2021-01-22', '13:00:00', '2021-01-22', '17:00:00', 'ໄປຫລວງພະບາງ', NULL, '2021-01-18'),
(146, 9, 11, 2, 0, 0, 30, '2021-01-18', '08:00:00', '2021-01-18', '08:30:00', 'ມາຊ້າ', NULL, '2021-01-19'),
(147, 71, 12, 2, 1, 0, 0, '2021-01-20', '08:00:00', '2021-01-20', '17:00:00', 'ວຽກຄອບຄົວ', NULL, '2021-01-19'),
(148, 35, 12, 4, 0, 1, 0, '2021-01-19', '08:00:00', '2021-01-19', '09:00:00', 'ໄປເອົາຜົນກວດເລືອດໃຫ້ພີ່ນ້ອງ', NULL, '2021-01-19'),
(149, 100, 12, 2, 1, 0, 0, '2021-01-18', '08:00:00', '2021-01-18', '17:00:00', 'ຄາວຽກທາງບ້ານ', NULL, '2021-01-20'),
(150, 81, 10, 4, 1, 0, 0, '2021-01-18', '08:00:00', '2021-01-18', '17:00:00', 'ເນື່ອງຈາກລູກນ້ອຍບໍ່ສະບາຍ', '6.jpeg', '2021-01-20'),
(151, 38, 16, 2, 1, 0, 0, '2021-01-08', '08:00:00', '2021-01-08', '17:00:00', 'ຄາວຽກຄອບຄົວ', NULL, '2021-01-20'),
(152, 35, 12, 4, 1, 0, 0, '2021-01-20', '08:00:00', '2021-01-20', '17:00:00', 'ບວດຂາວສົ່ງສະການຢ່າພໍ່(ພໍ່ຮັກຂອງພໍ່)', NULL, '2021-01-20'),
(153, 99, 3, 1, 1, 0, 0, '2021-01-19', '08:00:00', '2021-01-19', '17:00:00', 'ເປັນໄຂ້ຫວັດ ', NULL, '2021-01-20'),
(154, 98, 3, 2, 1, 0, 0, '2020-12-26', '08:00:00', '2020-12-26', '17:00:00', 'ກັບບ້ານຕ່າງແຂວງ', NULL, '2021-01-20'),
(155, 98, 3, 2, 1, 0, 0, '2021-01-09', '08:00:00', '2021-01-09', '17:00:00', 'ຄ້າງວຽກທາງບ້ານ', NULL, '2021-01-20'),
(156, 98, 3, 2, 1, 0, 0, '2021-01-21', '08:00:00', '2021-01-21', '17:00:00', 'ຄ້າງວຽກທາງບ້ານ', NULL, '2021-01-20'),
(157, 35, 12, 4, 1, 0, 0, '2021-01-21', '08:00:00', '2021-01-21', '17:00:00', 'ລາບວດຂາວ', NULL, '2021-01-20'),
(158, 21, 12, 2, 0, 3, 0, '2020-12-26', '08:00:00', '2020-12-26', '11:00:00', 'ຄອບເຂ້າວຽກຊ້າ', NULL, '2021-01-20'),
(159, 50, 10, 2, 0, 0, 30, '2021-01-11', '08:00:00', '2021-01-11', '08:30:00', 'ຄາວຽກຄອບຄົວ', NULL, '2021-01-20'),
(160, 50, 10, 2, 0, 0, 0, '2021-01-19', '08:30:00', '2021-01-19', '08:30:00', 'ຄາວຽກຄອບຄົວ', NULL, '2021-01-20'),
(161, 105, 1, 1, 1, 0, 0, '2021-01-04', '08:00:00', '2021-01-04', '17:00:00', 'ບໍ່ສະບາຍເຈັບຫົວແຮງ', NULL, '2021-01-20'),
(162, 36, 21, 2, 1, 0, 0, '2021-01-21', '08:00:00', '2021-01-21', '17:00:00', 'ໄປເຮັດບຸນຫາໝູ່ທີ່ເສຍຊີວິດຢູ່ວັງວຽງ', NULL, '2021-01-20'),
(163, 7, 2, 2, 1, 0, 0, '2021-01-09', '08:00:00', '2021-01-09', '17:00:00', 'ມີວຽກ', NULL, '2021-01-20'),
(164, 115, 1, 1, 1, 0, 0, '2021-01-04', '08:00:00', '2021-01-04', '17:00:00', 'ลาป่วย', NULL, '2021-01-20'),
(165, 109, 21, 2, 0, 1, 0, '2021-01-11', '08:00:00', '2021-01-11', '09:00:00', 'ພາແມ່ໄປໂຮງໝໍ', NULL, '2021-01-20'),
(166, 109, 21, 2, 0, 1, 0, '2021-01-12', '08:00:00', '2021-01-12', '09:00:00', 'ພາແມ່ໄປໂຮງໝໍ', NULL, '2021-01-20'),
(167, 109, 21, 2, 0, 1, 0, '2021-01-13', '08:00:00', '2021-01-13', '09:00:00', 'ພາແມ່ໄປໂຮງໝໍ', NULL, '2021-01-20'),
(168, 109, 21, 2, 0, 1, 0, '2021-01-15', '08:00:00', '2021-01-15', '09:00:00', 'ພາແມ່ໄປໂຮງໝໍ', NULL, '2021-01-20'),
(169, 109, 21, 2, 0, 1, 0, '2021-01-19', '08:00:00', '2021-01-19', '09:00:00', 'ພາແມ່ໄປໂຮງໝໍ', NULL, '2021-01-20'),
(170, 78, 12, 2, 0, 2, 30, '2021-01-21', '08:00:00', '2021-01-21', '10:30:00', 'ລູກບໍ່ສະບາຍ', NULL, '2021-01-21'),
(171, 21, 12, 2, 0, 0, 30, '2021-01-21', '08:00:00', '2021-01-21', '08:30:00', 'ຄອຍມາຊ້າ ຄາວຽກຄອບຄົວ', NULL, '2021-01-21'),
(172, 78, 12, 2, 0, 4, 0, '2021-01-22', '13:00:00', '2021-01-22', '17:00:00', 'ລູກບໍ່ສະບາຍ ', NULL, '2021-01-22'),
(173, 117, 2, 1, 1, 0, 0, '2021-01-04', '08:00:00', '2021-01-04', '17:00:00', 'ບໍ່ສະບາຍ (ເປັນວີນ-ເຈັບກະເພາະ)', NULL, '2021-01-22'),
(174, 117, 2, 1, 1, 0, 0, '2021-01-04', '08:00:00', '2021-01-04', '17:00:00', 'ບໍ່ສະບາຍ(ເປັນວິນ-ເຈັບກະເພາະ)', NULL, '2021-01-22'),
(175, 80, 19, 4, 1, 0, 0, '2021-01-29', '08:00:00', '2021-01-29', '17:00:00', 'ໄປຖ່າຍຮູບ Pre Wedding ', NULL, '2021-01-25'),
(176, 41, 20, 2, 0, 1, 0, '2021-01-25', '08:00:00', '2021-01-25', '09:00:00', 'ຄາວຽກຄອບຄົວ', NULL, '2021-01-25'),
(177, 25, 12, 4, 0, 4, 0, '2021-01-25', '13:00:00', '2021-01-25', '17:00:00', 'ມີວຽກທາງບ້ານ ', NULL, '2021-01-25'),
(178, 7, 2, 2, 0, 2, 0, '2021-01-25', '08:00:00', '2021-01-25', '10:00:00', 'ມີວຽກຄອບຄົວ', NULL, '2021-01-25'),
(179, 84, 21, 9, 0, 1, 0, '2021-01-26', '08:00:00', '2021-01-26', '09:00:00', 'ວຽກສ່ວນຕົວ', NULL, '2021-01-26'),
(180, 90, 21, 9, 0, 4, 0, '2021-01-21', '08:00:00', '2021-01-21', '12:00:00', 'ລູກບໍ່ສະບາຍພາລູກໄປຫາໝໍ', NULL, '2021-01-26'),
(181, 87, 20, 2, 3, 0, 0, '2021-01-07', '08:00:00', '2021-01-09', '17:00:00', 'ເມຍເກີດລູກນອນໂຮງຫມໍ', NULL, '2021-01-26'),
(182, 87, 20, 2, 0, 1, 0, '2021-01-11', '08:00:00', '2021-01-11', '09:00:00', 'ຄາວງກຄອບຄົວ', NULL, '2021-01-26'),
(183, 87, 20, 2, 1, 0, 0, '2021-01-15', '08:00:00', '2021-01-15', '17:00:00', 'ຄາວງກຄອບຄົວ', NULL, '2021-01-26'),
(184, 87, 20, 2, 0, 4, 0, '2021-01-25', '08:00:00', '2021-01-25', '12:00:00', 'ຄາວງກຄອບຄົວ', NULL, '2021-01-26'),
(185, 64, 20, 2, 0, 0, 30, '2021-01-25', '08:00:00', '2021-01-25', '08:30:00', '​ຄາ​ວຽກ​ຄອບ​ຄົວ', NULL, '2021-01-27'),
(186, 70, 19, 2, 1, 0, 0, '2021-01-27', '08:00:00', '2021-01-27', '17:00:00', 'ພາລູກໄປສັກຢາ', '7.jpg', '2021-01-27'),
(187, 100, 12, 2, 1, 0, 0, '2021-01-28', '08:00:00', '2021-01-28', '17:00:00', 'ຊ່ວຍວຽກເຮືອນດີ ພີ້ນ້ອງດສຍ', NULL, '2021-01-27'),
(188, 100, 12, 2, 1, 0, 0, '2021-01-30', '08:00:00', '2021-01-30', '17:00:00', 'ຊ່ວຍວຽກເຮືອນດີ ພີ້ນ້ອງ', NULL, '2021-01-27'),
(189, 18, 2, 1, 1, 0, 0, '2021-01-25', '08:00:00', '2021-01-25', '17:00:00', 'ເຈັບທອ້ງ', NULL, '2021-01-27'),
(190, 118, 2, 2, 1, 0, 0, '2021-01-22', '08:00:00', '2021-01-22', '17:00:00', 'ຄ່າວງກທາງຄອບຄົວ', NULL, '2021-01-27'),
(191, 9, 11, 2, 0, 0, 30, '2021-01-28', '08:00:00', '2021-01-28', '08:30:00', 'ມາຊ້າ', NULL, '2021-01-28'),
(192, 21, 12, 2, 0, 1, 0, '2021-01-29', '08:00:00', '2021-01-29', '09:00:00', 'ຄອບມາຊ້າ ຄາວຽກຄອບຄົວ', NULL, '2021-01-29'),
(193, 37, 2, 2, 1, 0, 0, '2021-01-28', '08:00:00', '2021-01-28', '17:00:00', 'ພາລູກໄປສັກຢາຢູ່ໂຮງໝໍ', NULL, '2021-01-29'),
(194, 9, 11, 2, 0, 0, 30, '2021-01-29', '08:00:00', '2021-01-29', '08:30:00', 'ເຂົ້າຫ້ອງການຊ້າ', NULL, '2021-01-29'),
(195, 48, 19, 2, 0, 4, 0, '2021-01-30', '13:00:00', '2021-01-30', '17:00:00', 'ມີວຽກທາງຄອບຄົວ', NULL, '2021-01-30'),
(196, 75, 19, 2, 0, 3, 30, '2021-01-30', '08:00:00', '2021-01-30', '11:30:00', 'ລົດເພ', NULL, '2021-01-30'),
(197, 25, 12, 2, 7, 0, 0, '2021-01-25', '08:00:00', '2021-02-01', '17:00:00', 'ນ້ອງສາວ ເສຍ ຊິວິດ', '8.jpg', '2021-01-31'),
(198, 69, 21, 2, 1, 0, 0, '2021-01-30', '08:00:00', '2021-01-30', '17:00:00', 'ມີວຽກທາງບ້ານ', NULL, '2021-02-01'),
(199, 99, 21, 1, 1, 0, 0, '2021-01-30', '08:00:00', '2021-01-30', '17:00:00', 'ເກີດອຸປະຕິເຫດ ລົດລົ້ມ ', NULL, '2021-02-01'),
(200, 53, 21, 1, 8, 0, 0, '2021-01-25', '08:00:00', '2021-02-02', '17:00:00', 'ບໍ່ສະບາຍເນື່ອງຈາກປ່ວຍເປັນໂລກອີສຸກອີໃສຕາມຕົນຕົວ', '9.jpeg', '2021-02-01'),
(201, 81, 21, 2, 0, 1, 0, '2021-02-01', '08:00:00', '2021-02-01', '09:00:00', 'ພາແມ່ໄປຫາໝໍ', '10.jpeg', '2021-02-01'),
(202, 105, 1, 4, 1, 0, 0, '2021-02-01', '08:00:00', '2021-02-01', '17:00:00', 'ເຈັບຫົວປວດກົກຫູຂ້າງຂວາ', NULL, '2021-02-02'),
(203, 81, 21, 4, 0, 2, 0, '2021-02-02', '08:00:00', '2021-02-02', '10:00:00', 'ຮັບແມ່ອອກຈາກໂຮງໝໍ', '11.jpeg', '2021-02-02'),
(204, 41, 20, 2, 0, 1, 0, '2021-02-02', '08:00:00', '2021-02-02', '09:00:00', 'ຄາວຽກຄອບຄົວ', NULL, '2021-02-02'),
(205, 5, 20, 2, 0, 1, 0, '2021-01-30', '08:00:00', '2021-01-30', '09:00:00', 'ຄາວງກຄອບຄົວ', NULL, '2021-02-03'),
(206, 70, 19, 1, 1, 0, 0, '2021-02-04', '08:00:00', '2021-02-04', '17:00:00', 'ລູກບໍ່ສະບາຍ ', NULL, '2021-02-03'),
(207, 78, 12, 2, 0, 0, 30, '2021-02-04', '08:00:00', '2021-02-04', '08:30:00', 'ເອົາເຄື່ອງໄປສົ່ງນ້ອງຢູ່ໂຮງໝໍ', NULL, '2021-02-04'),
(208, 34, 19, 2, 0, 4, 0, '2021-02-04', '08:00:00', '2021-02-04', '12:00:00', 'ມີວຽກທາງຄອບຄົວ', NULL, '2021-02-04'),
(209, 103, 12, 2, 2, 0, 0, '2021-02-08', '08:00:00', '2021-02-09', '17:00:00', 'ຄອບເມືອບ້ານຕ່າງແຂວງ ມີວຽກທາງບ້ານ', NULL, '2021-02-05'),
(210, 64, 20, 2, 0, 0, 30, '2021-02-01', '08:00:00', '2021-02-01', '08:30:00', 'ລູກ​ໄປ​ສັກ​ຢາ', NULL, '2021-02-05'),
(211, 5, 20, 1, 0, 4, 0, '2021-02-04', '13:00:00', '2021-02-04', '17:00:00', 'ເປັນຫວັດ', '12.jpg', '2021-02-05'),
(212, 64, 20, 2, 0, 0, 30, '2021-01-25', '08:00:00', '2021-01-25', '08:30:00', '​ຄາ​ວຽກ ຄ​ຄ', NULL, '2021-02-05'),
(213, 38, 20, 1, 0, 4, 0, '2021-02-02', '08:00:00', '2021-02-02', '12:00:00', 'ບໍ່ສະບາຍເປັນໄຂ້ຫວັດເຈັບຄໍ', NULL, '2021-02-05'),
(214, 92, 21, 2, 1, 0, 0, '2021-02-08', '08:00:00', '2021-02-08', '17:00:00', 'ຂໍລາພັກ 1 ວັນ, ສູ່ຂວັນຕັ້ງຊື່ລູກນ້ອຍຕາມຮີດຄອງປະເພນີ', '13.jpg', '2021-02-05'),
(215, 37, 2, 2, 0, 2, 30, '2021-02-05', '08:00:00', '2021-02-05', '10:30:00', 'ລູກບໍ່ສະບາຍ', NULL, '2021-02-08'),
(216, 36, 21, 2, 2, 0, 0, '2021-02-09', '08:00:00', '2021-02-10', '17:00:00', 'ແມ່ເຖົ້າເສຍຊີວິດ ເຮັດງານເລິກມົງຄຸນ', NULL, '2021-02-08'),
(217, 120, 12, 2, 0, 8, 0, '2021-01-29', '13:00:00', '2021-01-29', '05:00:00', 'ຄາວຽກຄອບຄົວພານອ້ງໄປໂຮງໜໍ', NULL, '2021-02-08'),
(218, 41, 20, 1, 0, 4, 0, '2021-02-08', '08:00:00', '2021-02-08', '12:00:00', 'ຖອກທ້ອງ', NULL, '2021-02-08'),
(219, 9, 11, 2, 0, 0, 30, '2021-02-03', '08:00:00', '2021-02-03', '08:30:00', 'ມາຊ້າ', NULL, '2021-02-08'),
(220, 9, 11, 2, 0, 0, 30, '2021-02-04', '08:00:00', '2021-02-04', '08:30:00', 'ມາຊ້າ', NULL, '2021-02-08'),
(221, 9, 11, 2, 0, 0, 30, '2021-02-05', '08:00:00', '2021-02-05', '08:30:00', 'ມາຊ້າ', NULL, '2021-02-08'),
(222, 9, 11, 2, 0, 0, 30, '2021-02-08', '08:00:00', '2021-02-08', '08:30:00', 'ມາຊ້າ', NULL, '2021-02-08'),
(223, NULL, NULL, 2, 1, 0, 0, '2021-02-12', '08:00:00', '2021-02-12', '17:00:00', 'ມີວຽກຈຳເປັນທາງຄອບຄົວ', NULL, '2021-02-08'),
(224, 9, 11, 2, 1, 0, 0, '2021-02-12', '08:00:00', '2021-02-12', '17:00:00', 'ມີວຽກຈຳເປັນທາງຄອບຄົວ', NULL, '2021-02-08'),
(225, 61, 21, 9, 1, 0, 0, '2021-02-08', '08:00:00', '2021-02-08', '17:00:00', 'ຜູກແຂນຄອບຄົວ', NULL, '2021-02-09'),
(226, 68, 21, 9, 0, 0, 0, '2021-02-09', '08:30:00', '2021-02-09', '08:30:00', 'ວຽກຄອບຄົວ', NULL, '2021-02-09'),
(227, 85, 20, 2, 0, 1, 0, '2021-02-09', '08:00:00', '2021-02-09', '09:00:00', 'ຄາວຽກຄອບຄົວ', NULL, '2021-02-09'),
(228, 121, 2, 5, 4, 0, 0, '2021-02-12', '08:00:00', '2021-02-16', '17:00:00', 'ແຕ່ງງານ', NULL, '2021-02-09'),
(229, 34, 19, 2, 0, 0, 30, '2021-02-09', '08:00:00', '2021-02-09', '08:30:00', 'ຄາໄປສົ່ງຫຼານໄປໂຮງຮຽນ', NULL, '2021-02-09'),
(230, 21, 12, 2, 1, 0, 0, '2021-02-08', '08:00:00', '2021-02-08', '17:00:00', 'ຄອບລາພັກບ່ສະບາຍ', NULL, '2021-02-09'),
(231, 21, 12, 2, 2, 0, 0, '2021-02-12', '08:00:00', '2021-02-13', '17:00:00', 'ຄອບພັກໄປວຽກຄອບຄົວ ແຂວງຄຳມ່ວນ', NULL, '2021-02-09'),
(232, 18, 2, 2, 3, 0, 0, '2021-02-12', '08:00:00', '2021-02-15', '17:00:00', 'ດອງຫຼານສາວຢູ່ບ້ານ', NULL, '2021-02-09'),
(233, 81, 21, 4, 1, 0, 0, '2021-02-08', '08:00:00', '2021-02-08', '17:00:00', 'ເນື່ອງຈາກແມ່ບໍ່ສະບາຍ', '14.jpeg', '2021-02-10'),
(234, 80, 19, 2, 0, 0, 30, '2021-02-09', '08:00:00', '2021-02-09', '08:16:00', 'ຝົນຕົກແຮງມາບໍ່ທັນ', NULL, '2021-02-10'),
(235, 121, 2, 5, 4, 0, 0, '2021-02-12', '08:00:00', '2021-02-16', '17:00:00', 'ລາແຕ່ງງານ', NULL, '2021-02-10'),
(236, 121, 2, 5, 4, 0, 0, '2021-02-12', '08:00:00', '2021-02-16', '17:00:00', 'ລາແຕ່ງງານ', NULL, '2021-02-10'),
(237, 121, 2, 5, 4, 0, 0, '2021-02-12', '08:00:00', '2021-02-16', '17:00:00', 'ລາແຕ່ງງານ', NULL, '2021-02-10'),
(238, 78, 12, 2, 0, 8, 0, '2021-02-09', '08:00:00', '2021-02-09', '17:00:00', 'ເຈັບຫົວ ເຈັບທ້ອງ', NULL, '2021-02-10'),
(239, 27, 7, 2, 1, 0, 0, '2021-02-08', '08:00:00', '2021-02-08', '17:00:00', 'ວຽກຄອບຄົວ (ແລ່ນເອກະສານດິນ)', NULL, '2021-02-10'),
(240, 9, 11, 2, 0, 0, 30, '2021-02-10', '08:00:00', '2021-02-10', '08:30:00', 'ເຂົ້້າຫ້ອງການຊ້າ', NULL, '2021-02-10'),
(241, 83, 19, 2, 0, 4, 0, '2021-02-10', '08:00:00', '2021-02-10', '12:00:00', 'ມີວຽກຈຳເປັນທາງຄອບຄົວ', NULL, '2021-02-10'),
(242, 33, 19, 2, 0, 2, 0, '2021-02-10', '08:00:00', '2021-02-10', '10:00:00', 'ພາລູກໄປຫາໜໍ', NULL, '2021-02-10'),
(243, 70, 19, 1, 1, 0, 0, '2021-02-13', '08:00:00', '2021-02-13', '17:00:00', 'ເຮັດບຸນໃຫ້ຍ່າ', NULL, '2021-02-11'),
(244, 4, 21, 1, 0, 2, 0, '2021-02-11', '08:00:00', '2021-02-11', '10:00:00', 'ບໍສະບາຍໄປໂຮງໝໍ ', NULL, '2021-02-11'),
(245, 45, 19, 2, 0, 2, 0, '2021-02-11', '08:00:00', '2021-02-11', '10:00:00', 'ພາລູກໄປຫຍອດຢາ', NULL, '2021-02-11'),
(246, 25, 12, 4, 1, 0, 0, '2021-02-13', '08:00:00', '2021-02-13', '17:00:00', 'ມີວຽກທາງຄອບຄົວ', NULL, '2021-02-11'),
(247, 113, 21, 2, 2, 0, 0, '2021-02-08', '08:00:00', '2021-02-09', '17:00:00', 'ມີວຽກທາງບ້ານ', NULL, '2021-02-11'),
(248, 55, 22, 2, 0, 4, 0, '2021-02-10', '08:00:00', '2021-02-10', '12:00:00', 'ພັກປະຈຳປີ', NULL, '2021-02-11'),
(249, 81, 21, 4, 0, 1, 0, '2021-02-11', '08:00:00', '2021-02-11', '09:00:00', 'ເນື່ອງຈາກລູກບໍ່ສະບາຍ ໄອແຮງ', '15.jpeg', '2021-02-11'),
(250, 25, 12, 4, 0, 3, 0, '2021-02-12', '14:00:00', '2021-02-12', '17:00:00', 'ໄປຊ່ວຍວຽກເຮືອນບຸນຂອງ ນ້ອງຊາຍ', NULL, '2021-02-12'),
(251, 81, 21, 4, 1, 0, 0, '2021-02-13', '08:00:00', '2021-02-13', '17:00:00', 'ລູກໃຂ້ຂື້ນສູງເນື່ອງຈາກອາກາດປ່ຽນແປງເລື້ອຍ', '16.jpeg', '2021-02-13'),
(252, 14, 21, 1, 1, 0, 0, '2021-02-13', '08:00:00', '2021-02-13', '17:00:00', 'ເຈັບຫົວ', NULL, '2021-02-13'),
(253, 102, 12, 2, 0, 4, 0, '2021-02-12', '12:00:00', '2021-02-12', '17:00:00', 'ໄປວຽກ(ໄຫວກຸດ)', NULL, '2021-02-13'),
(254, 41, 20, 2, 0, 1, 0, '2021-02-13', '08:00:00', '2021-02-13', '09:00:00', 'ຄາວຽກຄອບຄົວ', NULL, '2021-02-13'),
(255, 10, 11, 1, 1, 0, 0, '2021-02-12', '08:00:00', '2021-02-12', '17:00:00', 'ບໍ່ສະບາຍ', NULL, '2021-02-13'),
(256, 36, 21, 1, 1, 0, 0, '2021-02-15', '08:00:00', '2021-02-15', '17:00:00', 'ໄຂ້ ໄອ ແລະຄວາມດັນຂື້ນ', NULL, '2021-02-15'),
(257, 53, 21, 1, 1, 0, 0, '2021-02-15', '08:00:00', '2021-02-15', '17:00:00', 'ເນື່ອງຈາກມີໄຂ້ສູງ ແລະ ເຈັບຫົວ ຈຶ່ງຂໍລາພັກຮັກສາໂຕຢູ່ບ້ານ', NULL, '2021-02-15'),
(258, 124, 22, 4, 0, 1, 0, '2021-02-13', '08:00:00', '2021-02-13', '09:00:00', 'ຄາວຽກຄອບຄົວດ່ວນ', NULL, '2021-02-15'),
(259, 21, 12, 2, 0, 0, 30, '2021-02-15', '08:00:00', '2021-02-15', '08:30:00', 'ຄອບມາຊ້າເຄີງຊົວໂມງ ສົ່ງລູກຢູ່ໂຮງຮຽນ', NULL, '2021-02-15'),
(260, 39, 22, 2, 1, 0, 0, '2021-02-12', '08:00:00', '2021-02-12', '17:00:00', 'ຈັດງານກຸດຈີນຢູ່ບ້ານ', NULL, '2021-02-15'),
(262, 75, 19, 2, 1, 0, 0, '2021-02-13', '08:00:00', '2021-02-13', '17:00:00', 'ມີວຽກທາງບ້ານ', NULL, '2021-02-15'),
(263, 56, 22, 2, 1, 0, 0, '2021-02-13', '08:00:00', '2021-02-13', '17:00:00', 'ຖອກທ້ອງ', NULL, '2021-02-16'),
(264, 99, 21, 2, 0, 0, 30, '2021-02-09', '08:00:00', '2021-02-09', '08:30:00', 'ມີວຽກທາງບ້ານ', NULL, '2021-02-16'),
(265, 122, 21, 2, 1, 0, 0, '2021-02-17', '08:00:00', '2021-02-17', '17:00:00', 'ໄປເຮັດບັດປະຊາຊົນ ', NULL, '2021-02-16'),
(266, 27, 22, 2, 0, 3, 0, '2021-02-15', '08:00:00', '2021-02-15', '05:00:00', 'ເຈັບທ້ອງ ທຽວຖ່າຍ', NULL, '2021-02-16'),
(267, 114, 21, 2, 1, 0, 0, '2021-02-11', '08:00:00', '2021-02-11', '17:00:00', 'ມີວຽກທາງບ້ານ', NULL, '2021-02-16'),
(268, 123, 21, 2, 1, 0, 0, '2021-02-15', '08:00:00', '2021-02-15', '17:00:00', 'ມີວຽກທາງບ້ານ ', NULL, '2021-02-16'),
(269, 125, 20, 1, 10, 0, 0, '2021-01-30', '08:00:00', '2021-02-10', '17:00:00', 'ກະດູກຫົວເຄົາພິກຍ່າງບໍ່ໄດ້', NULL, '2021-02-16'),
(270, 125, 20, 1, 2, 0, 0, '2021-02-15', '08:00:00', '2021-02-16', '17:00:00', 'ໄປກວດຄືນແລະຕໍ່ຢາຢູ່ໂຮງໝໍ', NULL, '2021-02-16'),
(271, 88, 20, 2, 0, 4, 0, '2021-02-17', '08:00:00', '2021-02-17', '12:00:00', 'ພາເມຍໄປຝາກທ້ອງ', NULL, '2021-02-17'),
(272, 85, 20, 2, 0, 2, 30, '2021-02-16', '08:00:00', '2021-02-16', '10:30:00', 'ຄາວຽກຄອບຄົວ', NULL, '2021-02-17'),
(273, 25, 12, 1, 1, 0, 0, '2021-02-17', '08:00:00', '2021-02-17', '17:00:00', 'ບໍ່ສະບາຍ ເຈັບຫັລງ ປວດລົງຂາ', NULL, '2021-02-18'),
(274, 35, 12, 2, 0, 0, 30, '2021-02-17', '08:00:00', '2021-02-17', '08:30:00', 'ຄອບມາຊ້າ', NULL, '2021-02-18'),
(275, 35, 12, 2, 0, 0, 30, '2021-02-10', '08:00:00', '2021-02-10', '08:30:00', 'ມາຊ້າ', NULL, '2021-02-18'),
(276, 35, 12, 2, 0, 0, 30, '2021-02-11', '08:00:00', '2021-02-11', '08:30:00', 'ມາຊ້າ', NULL, '2021-02-18'),
(277, 78, 12, 2, 0, 1, 30, '2021-02-18', '15:30:00', '2021-02-18', '17:00:00', 'ໄປຮັບລູກຢູ່ໂຮງຮຽນ', NULL, '2021-02-18'),
(278, 81, 21, 4, 0, 1, 0, '2021-02-18', '08:00:00', '2021-02-18', '09:00:00', 'ພາລູກຊາຍໄປຫາໝໍຕາມໝໍນັດໝາຍ', '17.jpeg', '2021-02-18'),
(279, 16, 21, 1, 1, 0, 0, '2021-02-13', '08:00:00', '2021-02-13', '17:00:00', 'ຖອກທ້ອງ', NULL, '2021-02-18'),
(280, 35, 12, 4, 0, 0, 30, '2021-02-19', '08:00:00', '2021-02-19', '08:30:00', 'ມາຊ້າ', NULL, '2021-02-19'),
(281, 126, 22, 1, 2, 0, 0, '2021-02-17', '08:00:00', '2021-02-18', '17:00:00', 'ບໍສະບາຍ', NULL, '2021-02-19'),
(282, 125, 20, 1, 0, 4, 0, '2021-02-22', '08:01:00', '2021-02-22', '12:01:00', 'ໄປກວດເລືອດຢູ່ໂຮງໝໍ່', NULL, '2021-02-21'),
(283, 70, 19, 2, 1, 0, 0, '2021-02-19', '08:00:00', '2021-02-19', '17:00:00', 'ລູກບໍ່ສະບາຍ', NULL, '2021-02-22'),
(284, 109, 21, 2, 0, 0, 30, '2021-02-22', '08:00:00', '2021-02-22', '08:30:00', 'ຕິດພາລະກິດຄອບຄົວ', NULL, '2021-02-22'),
(285, 114, 21, 2, 0, 4, 0, '2021-02-17', '08:00:00', '2021-02-17', '12:01:00', 'ມີວຽກທາງບ້ານ', NULL, '2021-02-22'),
(286, 123, 21, 2, 1, 0, 0, '2021-02-18', '08:00:00', '2021-02-18', '17:00:00', 'ມີວຽກທາງບ້ານ', NULL, '2021-02-22'),
(287, 33, 19, 2, 0, 0, 30, '2021-02-22', '08:00:00', '2021-02-22', '08:30:00', 'ຕີນລົດຮົ່ວ', NULL, '2021-02-22'),
(288, 78, 12, 2, 0, 0, 30, '2021-02-23', '08:00:00', '2021-02-23', '08:15:00', 'ໄປສົ່ງລູກ', NULL, '2021-02-23'),
(289, 64, 20, 2, 0, 4, 0, '2021-02-19', '08:00:00', '2021-02-19', '12:00:00', 'ພາ​ລູກ​ໄປ​ໂຮງ​ຫມໍ', NULL, '2021-02-23'),
(290, 60, 20, 2, 0, 0, 0, '2021-02-23', '08:00:00', '2021-02-23', '08:00:00', 'ຄາວຽກຈໍາເປັນທາງຄອບຄົວ', NULL, '2021-02-23'),
(291, 113, 21, 2, 1, 0, 0, '2021-02-22', '08:00:00', '2021-02-22', '17:00:00', 'ມີວຽກທາງບ້ານ', NULL, '2021-02-23'),
(292, 60, 20, 2, 1, 0, 0, '2021-02-24', '08:00:00', '2021-02-24', '17:00:00', 'ເຮັດພິທີຂື້ນເຮືອນໄໝ່່ຕາມປະເພນີ', NULL, '2021-02-23'),
(293, 64, 20, 2, 0, 0, 30, '2021-02-08', '08:00:00', '2021-02-08', '08:30:00', 'ຄາວຽກຄອບຄົວ', NULL, '2021-02-23'),
(294, 41, 20, 1, 1, 0, 0, '2021-02-22', '08:00:00', '2021-02-22', '17:00:00', 'ບໍ່ສະບາຍ(ໄຂ້)', NULL, '2021-02-24'),
(295, 87, 20, 2, 0, 4, 0, '2021-02-22', '08:00:00', '2021-02-22', '12:00:00', 'ຄາວງກຄອບຄົວ', NULL, '2021-02-24'),
(296, 39, 22, 2, 1, 0, 0, '2021-02-23', '08:00:00', '2021-02-23', '17:00:00', 'ພາລູກໄປໂຮງຫມໍ', NULL, '2021-02-24'),
(297, 37, 22, 2, 1, 0, 0, '2021-02-22', '08:00:00', '2021-02-22', '17:00:00', 'ລູກເປັນໄຂ້', NULL, '2021-02-24'),
(298, 21, 12, 2, 0, 2, 0, '2021-02-22', '15:00:00', '2021-02-22', '17:00:00', 'ຄອບລາພັກ2ຊວມລູກບ່ສະບາຍພາໄປໂຮງຫມ່ ', NULL, '2021-02-25'),
(299, 21, 12, 1, 1, 0, 0, '2021-02-23', '08:00:00', '2021-02-23', '17:00:00', 'ຄອບລາພັກຫມົດມື້ບ່ສະບາຍເປັນໄຂ້', NULL, '2021-02-25'),
(300, 82, 19, 2, 0, 4, 0, '2021-02-27', '13:00:00', '2021-02-27', '17:00:00', 'ໄປເຮືອນພີ່ນ້ອງ', NULL, '2021-02-25'),
(301, 72, 20, 2, 0, 1, 0, '2021-02-24', '16:00:00', '2021-02-24', '17:00:00', 'ລູກບໍ່່ສະບາຍ ພາໄປຫາໝໍ', NULL, '2021-02-25'),
(302, 99, 21, 2, 0, 4, 0, '2021-02-25', '08:00:00', '2021-02-25', '12:00:00', 'ມີວຽກທາງບ້ານ ', NULL, '2021-02-25'),
(303, 97, 19, 2, 1, 0, 0, '2021-02-27', '08:00:00', '2021-02-27', '17:00:00', 'ຄາວຽກທາງຄອບຄົວ', NULL, '2021-02-25'),
(304, 1, 12, 2, 0, 4, 0, '2021-02-27', '13:00:00', '2021-02-27', '17:00:00', 'ໄປເຮືອນບຸນ', NULL, '2021-02-26'),
(305, 9, 11, 2, 0, 0, 30, '2021-02-10', '08:00:00', '2021-02-10', '08:30:00', 'ເຂົ້າຫ້ອງການຊ້າ', NULL, '2021-02-26'),
(306, 60, 20, 2, 1, 0, 0, '2021-02-25', '08:00:00', '2021-02-25', '17:00:00', 'ຄາວຽກຈໍາທາງຄອບຄົວ', NULL, '2021-02-26'),
(307, 125, 20, 1, 5, 0, 0, '2021-02-23', '08:00:00', '2021-02-27', '17:00:00', 'ປາດຫົວເຄົາ', NULL, '2021-02-26'),
(308, 100, 12, 2, 0, 0, 30, '2021-02-27', '07:30:00', '2021-02-27', '08:00:00', 'ມາວຽກຊ້າ', NULL, '2021-02-27'),
(309, 47, 22, 1, 1, 0, 0, '2021-03-01', '08:00:00', '2021-03-01', '17:00:00', 'ເຈັບທອງບິດກະທັນຫັນ', NULL, '2021-03-01'),
(310, 78, 12, 2, 0, 0, 30, '2021-03-01', '08:00:00', '2021-03-01', '08:10:00', 'ມາຊ້າໄປສົ່ງລູກ', NULL, '2021-03-01'),
(311, 68, 21, 9, 0, 0, 30, '2021-03-01', '08:00:00', '2021-03-01', '08:30:00', 'ວຽກໃນຄອບຄົວ', NULL, '2021-03-01'),
(312, 38, 20, 2, 0, 4, 0, '2021-02-26', '08:00:00', '2021-02-26', '12:00:00', 'ພາລູກໄປກວດຢູ່ໂຮງໝລູກບໍ່ສະບາຍ', NULL, '2021-03-01'),
(313, 53, 21, 2, 1, 0, 0, '2021-03-01', '08:00:00', '2021-03-01', '17:00:00', 'ເນື່ອງຈາກໄປສົ່ງພີ່ນ້ອງຢູ່ເມືອງຊະນະຄາມ ແຂວງວຽງຈັນ', NULL, '2021-03-01'),
(314, 99, 21, 2, 1, 0, 0, '2021-03-27', '08:00:00', '2021-03-27', '17:00:00', 'ມີວຽກທາງບ້ານ ', NULL, '2021-03-01'),
(315, 38, 20, 2, 1, 0, 0, '2021-03-02', '08:00:00', '2021-03-02', '17:00:00', 'ຄາວຽກຄອບຄົວ(ບໍ່ມີໃຜເບີ່ງລູກ, ລູກເປັນໄຂ້)', NULL, '2021-03-01'),
(316, 10, 11, 2, 1, 0, 0, '2021-03-01', '08:00:00', '2021-03-01', '17:00:00', 'ຄາວຽກຄອບຄົວ', NULL, '2021-03-02'),
(317, 126, 22, 2, 1, 0, 0, '2021-02-27', '08:00:00', '2021-02-27', '17:00:00', 'ເອາລູກໄປນອນໂຮງໜ່', NULL, '2021-03-02'),
(318, 51, 11, 1, 0, 4, 0, '2021-03-02', '08:00:00', '2021-03-02', '12:00:00', 'ເປັນໃຂ້', NULL, '2021-03-03'),
(319, 7, 22, 2, 1, 0, 0, '2021-03-02', '08:00:00', '2021-03-02', '17:00:00', 'ພາພໍ່ໄປໂຮງໝໍ', NULL, '2021-03-03'),
(320, 58, 21, 2, 1, 0, 0, '2021-03-04', '08:00:00', '2021-03-04', '17:00:00', 'ມີວຽກຈຳເປັນທາງຄອບຄົວ', NULL, '2021-03-03'),
(321, 113, 21, 1, 3, 0, 0, '2021-03-25', '08:00:00', '2021-03-27', '17:00:00', 'ບ່ສະບາຍເປັນໄຂ້', NULL, '2021-03-04'),
(322, 21, 12, 2, 0, 0, 30, '2021-03-04', '08:00:00', '2021-03-04', '08:30:00', 'ມາວຽກຊ້າ  ລູກສາວບ່ສະບາຍ ', NULL, '2021-03-04'),
(323, 110, 12, 2, 1, 0, 0, '2021-03-05', '08:00:00', '2021-03-05', '17:00:00', 'ຄອບລາພັກ ມີວຽກທາງບ້ານ', NULL, '2021-03-04'),
(324, 47, 22, 2, 1, 0, 0, '2021-03-09', '08:00:00', '2021-03-09', '17:00:00', 'ລົງໄປດອງລານສາວຢູ່ຕ່າງແຂວງ (ແຂວງສາລະວັນ)', NULL, '2021-03-04'),
(325, 78, 12, 2, 0, 0, 30, '2021-03-03', '08:01:00', '2021-03-03', '08:10:00', 'ສົ່ງລູກ', NULL, '2021-03-05'),
(326, 21, 12, 2, 0, 2, 0, '2021-03-05', '15:00:00', '2021-03-05', '17:00:00', 'ຮັບລູກຢູ່ໂຮງຮຽນ', NULL, '2021-03-05'),
(327, 21, 12, 2, 0, 2, 0, '2021-03-05', '15:00:00', '2021-03-05', '17:00:00', 'ຮັບລູກຢູ່ໂຮງຮຽນ', NULL, '2021-03-05'),
(328, 41, 20, 2, 0, 1, 0, '2021-03-05', '08:00:00', '2021-03-05', '09:00:00', 'ຄາວຽກຄອບຄົວ', NULL, '2021-03-05'),
(329, 9, 11, 2, 0, 0, 30, '2021-03-01', '08:00:00', '2021-03-01', '08:30:00', 'ເຂົ້້າຫ້ອງການຊ້າ', NULL, '2021-03-09'),
(330, 9, 11, 2, 0, 0, 30, '2021-03-03', '08:00:00', '2021-03-03', '08:30:00', 'ເຂົ້້າຫ້ອງການຊ້າ', NULL, '2021-03-09'),
(331, 9, 11, 2, 0, 0, 30, '2021-03-09', '08:00:00', '2021-03-09', '08:30:00', 'ເຂົ້້າຫ້ອງການຊ້າ', NULL, '2021-03-09'),
(332, 39, 22, 2, 1, 0, 0, '2021-03-10', '08:00:00', '2021-03-10', '17:00:00', 'ລູກນອນໂຮງຫມໍ', NULL, '2021-03-11'),
(333, 4, 21, 2, 1, 0, 0, '2021-03-13', '08:00:00', '2021-03-13', '17:00:00', 'ມີວຽກທາງບ້ານ', NULL, '2021-03-11'),
(334, 21, 12, 2, 1, 0, 0, '2021-03-10', '08:00:00', '2021-03-10', '17:00:00', 'ລາພັກວຽກ1ມື້ ລູກບ່ສະບາຍ', NULL, '2021-03-11'),
(335, 125, 20, 1, 8, 0, 0, '2021-03-01', '08:00:00', '2021-03-09', '17:00:00', 'ພັກຝື້ນຫຼັງຜ່າຕັດ', NULL, '2021-03-13'),
(336, 68, 21, 9, 0, 4, 0, '2021-03-02', '08:00:00', '2021-03-02', '12:00:00', 'ວຽກໃນຄອບຄົວ', NULL, '2021-03-15'),
(337, 70, 19, 2, 1, 0, 0, '2021-03-13', '08:00:00', '2021-03-13', '17:00:00', 'ລູກບໍ່ສະບາຍ', NULL, '2021-03-15'),
(338, 41, 20, 2, 0, 1, 0, '2021-03-13', '08:00:00', '2021-03-13', '09:00:00', 'ຄາວຽກຄອບຄົວ', NULL, '2021-03-15'),
(339, 53, 21, 1, 1, 0, 0, '2021-03-15', '08:00:00', '2021-03-15', '17:00:00', 'ເນື່ອງຈາກເປັນໄຂ້ ແລະ ມີອາການເຈັບຫົວແຮງ', NULL, '2021-03-15'),
(340, 38, 20, 1, 0, 4, 0, '2021-03-15', '08:00:00', '2021-03-15', '12:00:00', 'ບໍ່ສະບາຍເຈັບສັນຫລັງ', NULL, '2021-03-15'),
(341, 92, 21, 1, 1, 0, 0, '2021-03-15', '08:00:00', '2021-03-15', '17:00:00', 'ເຈັບທ້ອງ', NULL, '2021-03-15'),
(342, 27, 22, 1, 1, 0, 0, '2021-03-15', '08:00:00', '2021-03-15', '17:00:00', 'ເປັນໄຂ້', NULL, '2021-03-16'),
(343, 72, 20, 2, 0, 1, 0, '2021-03-16', '08:00:00', '2021-03-16', '09:00:00', 'ພາລູກໄປສັກຢາຕາມໝໍນັດ', NULL, '2021-03-16'),
(344, 128, 22, 2, 2, 0, 0, '2021-03-18', '08:00:00', '2021-03-19', '17:00:00', 'ເຮັດບຸນເຮືອນ', NULL, '2021-03-17'),
(345, 113, 21, 2, 1, 0, 0, '2021-03-09', '08:00:00', '2021-03-09', '17:00:00', 'ຊວ່ຍວງກທາງບ້ານ', NULL, '2021-03-18'),
(346, 56, 22, 2, 1, 0, 0, '2021-03-19', '08:00:00', '2021-03-19', '17:00:00', 'ເມືອບ້ານປາກຊັນເຮັດບຸນໃຫ້ແມ່ຕູ້', NULL, '2021-03-18'),
(347, 18, 22, 2, 1, 0, 0, '2021-03-19', '08:00:00', '2021-03-19', '17:00:00', 'ພາແມ່ໄປໂຮງໝໍ', NULL, '2021-03-19'),
(348, 18, 22, 2, 1, 0, 0, '2021-03-18', '08:00:00', '2021-03-18', '17:00:00', 'ແມ່ບໍສະບາຍ', NULL, '2021-03-19'),
(349, 21, 12, 2, 0, 2, 0, '2021-03-19', '15:00:00', '2021-03-19', '17:00:00', 'ວຽກທາງບ້ານ ລາພັກ2ຊົວໂມງ', NULL, '2021-03-19'),
(350, 81, 21, 2, 1, 0, 0, '2021-03-19', '08:00:00', '2021-03-19', '17:00:00', 'ພາແມ່ຕູ່ໄປຫາໝໍເນື່ອງຈາກລົ້ມມືຫັກ', '18.jpeg', '2021-03-19'),
(351, 81, 21, 2, 0, 2, 0, '2021-03-23', '08:00:00', '2021-03-23', '10:00:00', 'ພາແມ່ຕູ້ເຖົ້າໄປຫາໝໍຕາມນັດໝາຍເນື່ອງຈາກລົ້ມມືຫັກ', '19.jpeg', '2021-03-23'),
(352, 37, 22, 2, 1, 0, 0, '2021-03-22', '08:00:00', '2021-03-22', '17:00:00', 'ລູກບໍ່ສະບາຍ', NULL, '2021-03-23'),
(353, 37, 22, 2, 0, 3, 0, '2021-03-15', '08:00:00', '2021-03-15', '11:00:00', 'ໄປແລ່ນໃບຍົກຍ້າຍສໍາມະໂນຄົວ', NULL, '2021-03-23'),
(354, 103, 12, 2, 4, 0, 0, '2021-03-24', '08:00:00', '2021-03-27', '17:00:00', 'ຄອບລາພັກ4 ມື້ ເຮັດບຸນແຈກເຂົ້າຫາເອື້ອຍ ແຂວງ ຄຳມ່ວນ', NULL, '2021-03-23'),
(355, 41, 20, 2, 0, 4, 0, '2021-03-23', '08:00:00', '2021-03-23', '12:00:00', 'ບໍ່ສະບາຍ', NULL, '2021-03-24'),
(356, 21, 12, 2, 0, 2, 30, '2021-03-24', '08:00:00', '2021-03-24', '10:30:00', 'ລາພັກ2ຊົວໂມງ ຄາວຽກທາງບ້ານ', NULL, '2021-03-24'),
(357, 85, 20, 2, 0, 4, 0, '2021-03-19', '08:00:00', '2021-03-19', '12:00:00', 'ຊ່ວຍວຽກຄອບຄົວ', NULL, '2021-03-25'),
(358, 38, 20, 2, 2, 0, 0, '2021-03-23', '08:00:00', '2021-03-24', '17:00:00', 'ໄປສົ່ງສະການພໍ່່່ຂອງໝູ່ເສຍຢູ່ຕ່າງແຂວງ', NULL, '2021-03-25'),
(359, 9, 11, 2, 0, 0, 30, '2021-03-17', '08:00:00', '2021-03-17', '08:30:00', 'ເຂົ້າຫ້ອງການຊ້າ', NULL, '2021-03-25'),
(360, 9, 11, 2, 0, 0, 30, '2021-03-19', '08:00:00', '2021-03-19', '08:30:00', 'ເຂົ້າຫ້ອງການຊ້າ', NULL, '2021-03-25'),
(361, 9, 11, 2, 0, 0, 30, '2021-03-23', '08:00:00', '2021-03-23', '08:30:00', 'ເຂົ້າຫ້ອງການຊ້າ', NULL, '2021-03-25'),
(362, 82, 19, 1, 0, 6, 0, '2021-03-23', '10:01:00', '2021-03-23', '17:00:00', 'ໄປໂຮງຫມໍ', NULL, '2021-03-25'),
(363, 36, 21, 4, 1, 0, 0, '2021-03-26', '08:00:00', '2021-03-26', '17:00:00', 'ໄປວຽກຄອບຄົວທີ່ຕ່າງເມືອງ', NULL, '2021-03-26'),
(364, 5, 20, 2, 0, 0, 30, '2021-03-25', '08:00:00', '2021-03-25', '08:30:00', 'ຄາວງກຄອບຄົວ', NULL, '2021-03-26'),
(365, 78, 12, 2, 0, 1, 30, '2021-03-27', '08:00:00', '2021-03-27', '09:30:00', 'ສົ່ງລູກຮຽນເພີ້ມ', NULL, '2021-03-26'),
(367, 9, 11, 2, 0, 0, 30, '2021-03-25', '08:00:00', '2021-03-25', '08:30:00', 'ເຂົ້າຫ້ອງການຊ້າ', NULL, '2021-03-27'),
(368, 5, 20, 1, 0, 4, 0, '2021-03-27', '13:00:00', '2021-03-27', '17:00:00', 'ຖອກທ້ອງ', NULL, '2021-03-29'),
(369, 79, 20, 4, 0, 2, 0, '2021-03-21', '08:00:00', '2021-03-21', '10:00:00', 'ຄາວຽກຄອບຄົວ', NULL, '2021-03-29'),
(370, 88, 20, 2, 1, 0, 0, '2021-03-30', '08:00:00', '2021-03-30', '17:00:00', 'ພາເມຍໄປໂຮງໝໍ', NULL, '2021-03-30'),
(371, 45, 19, 2, 0, 2, 0, '2021-03-30', '15:00:00', '2021-03-30', '17:00:00', 'ມີວຽກທາງຄອບຄົວຢູ່ບ້ານ', NULL, '2021-03-30'),
(372, 4, 21, 4, 0, 8, 0, '2021-03-30', '03:00:00', '2021-03-30', '17:00:00', 'ມີວຽກທາງບ້ານດ່ວນ', NULL, '2021-03-30'),
(373, 4, 21, 4, 0, 8, 0, '2021-03-30', '03:00:00', '2021-03-30', '17:00:00', 'ຄາວຽກທາງບ້ານ', NULL, '2021-03-30'),
(374, 78, 12, 2, 0, 0, 30, '2021-03-31', '08:00:00', '2021-03-31', '08:30:00', 'ມີວຽກຄອບຄົວ', NULL, '2021-03-31'),
(375, 82, 19, 2, 1, 0, 0, '2021-04-03', '08:00:00', '2021-04-03', '17:00:00', 'ໄປໂພນໂຮງ(ບ້ານພີ່ນ້ອງ)', NULL, '2021-03-31'),
(376, 21, 12, 1, 1, 0, 0, '2021-03-31', '08:00:00', '2021-03-31', '17:00:00', 'ຄອບລາພັກ 1ມື້ ເປັນໄຂ້ຫວັດ ', NULL, '2021-04-01'),
(377, 5, 20, 2, 1, 0, 0, '2021-04-03', '08:00:00', '2021-04-03', '17:00:00', 'ຄາວງກຄອບຄົວ', NULL, '2021-04-01'),
(378, 85, 20, 2, 0, 1, 30, '2021-04-01', '08:00:00', '2021-04-01', '09:30:00', 'ຊ່ວຍວຽກຄອບຄົວ', NULL, '2021-04-01'),
(379, 25, 12, 4, 0, 2, 0, '2021-04-03', '15:00:00', '2021-04-03', '17:00:00', 'ມີວຽກທາງບ້ານ', NULL, '2021-04-02'),
(380, 78, 12, 2, 0, 0, 30, '2021-04-02', '08:00:00', '2021-04-02', '08:30:00', 'ສົ່ງລູກ', NULL, '2021-04-02'),
(381, 79, 20, 4, 0, 4, 0, '2021-04-02', '13:00:00', '2021-04-02', '17:00:00', 'ພາເມຍໄປຝາກທ້ອງ', NULL, '2021-04-02'),
(382, 128, 22, 4, 3, 0, 0, '2021-03-22', '08:00:00', '2021-03-24', '17:00:00', 'ພໍ່ເສຍຊີວິດ', NULL, '2021-04-02'),
(383, 21, 12, 2, 0, 0, 30, '2021-04-03', '08:00:00', '2021-04-03', '08:30:00', 'ຄອບເຂ້າຊ້າ ເຄີງຊົວໂມງ', NULL, '2021-04-03'),
(384, 21, 12, 2, 1, 0, 0, '2021-04-05', '08:00:00', '2021-04-05', '17:00:00', 'ຄອບລາພັກ1ມື້ ສົ່ງສະການພີ້ນ້ອງທາງພ່ ປູ່ເສຍ', NULL, '2021-04-03'),
(385, 78, 12, 2, 0, 2, 0, '2021-04-03', '15:00:00', '2021-04-03', '17:00:00', 'ມີວຽກຄອບຄົວ', NULL, '2021-04-03'),
(386, 21, 12, 2, 0, 1, 0, '2021-04-03', '16:00:00', '2021-04-03', '17:00:00', 'ຂໍຄອບລາພັກ1ຊົວໂມງ ຄາວຽກທາງບ້ານ', NULL, '2021-04-03'),
(387, 78, 12, 2, 0, 0, 30, '2021-04-05', '08:00:00', '2021-04-05', '08:30:00', 'ມີວຽກຄອບຄົວ', NULL, '2021-04-05'),
(388, 9, 11, 2, 0, 0, 30, '2021-04-05', '08:00:00', '2021-04-05', '08:30:00', 'ມາຊ້າ', NULL, '2021-04-05'),
(389, 7, 22, 2, 0, 0, 30, '2021-04-05', '08:00:00', '2021-04-05', '08:30:00', 'ພໍ່ເຈັບທ້ອງ', NULL, '2021-04-05'),
(390, 9, 11, 2, 0, 0, 30, '2021-03-21', '08:00:00', '2021-03-21', '08:30:00', 'ມາຊ້າ', NULL, '2021-04-05'),
(391, 9, 11, 2, 0, 0, 30, '2021-04-02', '08:00:00', '2021-04-02', '08:30:00', 'ມາຊ້າ', NULL, '2021-04-05'),
(392, 129, 22, 1, 1, 0, 0, '2021-03-26', '08:00:00', '2021-03-26', '17:00:00', 'ເຈັບທອງ', NULL, '2021-04-05'),
(393, 88, 20, 2, 5, 0, 0, '2021-03-30', '08:00:00', '2021-04-03', '17:00:00', 'ເມຍເກີດລູກຢູ່ໂຮງໝໍ', NULL, '2021-04-05'),
(394, 126, 22, 1, 28, 0, 0, '2021-03-29', '08:00:00', '2021-04-29', '17:00:00', 'ເຈັບຫົວ', NULL, '2021-04-05'),
(395, 126, 22, 1, 1, 0, 0, '2021-03-29', '08:00:00', '2021-03-29', '17:00:00', 'ເຈັບຫົວ', NULL, '2021-04-06'),
(396, 27, 22, 1, 1, 0, 0, '2021-04-07', '08:00:00', '2021-04-07', '17:00:00', 'ຖອກທ້ອງ', NULL, '2021-04-08'),
(397, 39, 22, 2, 1, 0, 0, '2021-04-06', '08:00:00', '2021-04-06', '17:00:00', 'ມີຄວາມຈຳເປັນທາງຄອບຄົວ ອ້າຍບໍ່ສະບາຍ', NULL, '2021-04-08'),
(398, 72, 20, 2, 0, 1, 0, '2021-04-08', '08:00:00', '2021-04-08', '09:00:00', 'ພາລູກໄປສັກຢາຄົບ 1 ປີ  ຕາມໝໍນັດ', NULL, '2021-04-08'),
(399, 21, 12, 2, 0, 2, 0, '2021-04-08', '08:00:00', '2021-04-08', '10:00:00', 'ຄອບລາພັກ 2ຊົວໂມງ ລູກບ່ສະບາຍ', NULL, '2021-04-08'),
(400, 84, 21, 2, 0, 4, 0, '2021-04-09', '13:00:00', '2021-04-09', '17:00:00', 'ວຽກສ່ວນຕົວ', NULL, '2021-04-09'),
(401, 53, 21, 2, 1, 0, 0, '2021-04-10', '08:00:00', '2021-04-10', '17:00:00', 'ຈະໄດ້ເດີນທາງກັບຄອບຄົວໄປສົມມາແມ່ຕູ້ຍ່າຢູ່ ບ້ານນາທອງ ເມືອງໂພນໂຮງ ແຂວງວຽງຈັນ', NULL, '2021-04-09'),
(402, 45, 19, 2, 0, 2, 0, '2021-04-09', '15:00:00', '2021-04-09', '17:00:00', 'ມີວຽກທາງຄອບຄົວຢູ່ບ້ານ', NULL, '2021-04-09'),
(403, 78, 12, 2, 0, 1, 0, '2021-04-10', '08:00:00', '2021-04-10', '09:00:00', 'ສົ່ງລູກຮຽນເພີ້ມ', NULL, '2021-04-09'),
(404, 5, 20, 1, 0, 8, 0, '2021-04-09', '01:00:00', '2021-04-09', '17:00:00', 'ເຈັບຕຸ່ມຕານເຕັ້ນ', NULL, '2021-04-10'),
(405, 125, 20, 2, 0, 1, 0, '2021-04-10', '08:00:00', '2021-04-10', '09:00:00', 'ຄາວຽກຄອບຄົວ', NULL, '2021-04-10'),
(406, 50, 21, 2, 1, 0, 0, '2021-04-09', '08:00:00', '2021-04-09', '17:00:00', 'ພາລູກໄປໂຮງຫມໍເປັນໄຂ', NULL, '2021-04-10'),
(407, 50, 21, 2, 1, 0, 0, '2021-04-09', '08:00:00', '2021-04-09', '17:00:00', 'ພາລູກໄປໂຮງຫມໍເປັນໄຂ', NULL, '2021-04-10'),
(408, 75, 19, 2, 1, 0, 0, '2021-04-20', '08:00:00', '2021-04-20', '17:00:00', 'ມີວຽກທາງຄອບຄົວ', NULL, '2021-04-19'),
(409, 36, 21, 9, 1, 0, 0, '2021-04-20', '08:00:00', '2021-04-20', '17:00:00', 'ເລີກມົງຄຸນພີ່ນ້ອງເສັຍ ແລະໄປສັກວັກຊິນໂຄວິດ 19', NULL, '2021-04-20'),
(410, 126, 22, 1, 1, 0, 0, '2021-04-10', '08:00:00', '2021-04-10', '17:00:00', 'ເປັນໄຂມາບ່ໃດ', NULL, '2021-04-20'),
(411, 118, 22, 1, 1, 0, 0, '2021-04-19', '08:00:00', '2021-04-19', '17:00:00', 'เจับท้อง', NULL, '2021-04-20'),
(412, 99, 12, 2, 0, 2, 0, '2021-04-20', '08:00:00', '2021-04-20', '10:00:00', 'ມີວຽກທາງຄອບຄົວ ', NULL, '2021-04-20'),
(413, 53, 21, 2, 1, 0, 0, '2021-04-21', '08:00:00', '2021-04-21', '17:00:00', 'ເນື່ອງຈາກພາແມ່ໄປໂຮງໝໍ', NULL, '2021-04-20'),
(414, 68, 21, 9, 0, 8, 0, '2021-04-20', '20:00:00', '2021-04-20', '12:00:00', 'ພາລູກໄປໂຮງຫມໍ', NULL, '2021-04-21'),
(415, 113, 21, 2, 1, 0, 0, '2021-04-19', '08:00:00', '2021-04-19', '17:00:00', 'ຊ່ວຍວຽກພີ່ນ້ອງ ຢູ່ສະຫວັນນະເຂດ ', NULL, '2021-04-21'),
(416, 100, 12, 2, 1, 0, 0, '2021-04-29', '08:00:00', '2021-04-29', '17:00:00', 'ວຽກບ້ານ', NULL, '2021-04-21'),
(417, 110, 12, 1, 3, 0, 0, '2021-04-08', '08:00:00', '2021-04-10', '17:00:00', 'ອຸບັດຕິເຫດ ລົດຈັກລົ້ມ ຕອນແລງວັນທີ 07/04/2021 ', NULL, '2021-04-21'),
(418, 79, 20, 4, 0, 4, 0, '2021-04-22', '08:00:00', '2021-04-22', '12:00:00', 'ໄປສັກວັກຊີນ', NULL, '2021-04-22'),
(419, 21, 12, 2, 0, 4, 0, '2021-04-22', '08:00:00', '2021-04-22', '12:00:00', 'ລາພັກ4ຊົວໂມງ ຄາວຽກຄອບຄົວ', NULL, '2021-04-22'),
(420, 81, 21, 2, 1, 0, 0, '2021-04-22', '08:00:00', '2021-04-22', '17:00:00', 'ເນື່ອງຈາກລໍຟັງຜົນຈາກການກວດພະຍາດໂຄວິດ ຈາກຄົນທີ່ມີສາຍພົວພັນກັບຄົນທີ່ຕິດເຊື້ອໂຄວິດ ', NULL, '2021-04-23'),
(421, 38, 20, 2, 1, 0, 0, '2021-04-23', '08:00:00', '2021-04-23', '17:00:00', 'ຄາວຽກຄອບຄົວ', NULL, '2021-04-24'),
(422, 34, 19, 2, 1, 0, 0, '2021-04-23', '08:00:00', '2021-04-23', '17:00:00', 'ມີວຽກຈຳເປັນທາງຄອບຄົວ', NULL, '2021-04-24'),
(423, 84, 21, 2, 3, 0, 0, '2021-04-21', '08:00:00', '2021-04-23', '17:00:00', 'ພໍ່ປູ່ເສຍຊີວິດ', NULL, '2021-04-26'),
(424, 134, 22, 1, 1, 0, 0, '2021-04-24', '08:00:00', '2021-04-24', '17:00:00', 'ຄໍອັກເສບເປັນອາບີດ້ານ', '20.jpg', '2021-04-28'),
(425, 53, 21, 2, 1, 0, 0, '2021-05-14', '08:00:00', '2021-05-14', '17:00:00', 'ເນື່ອງຈາກຈະໄດ້ບວດຈູງສົ່ງສະການພໍ່ລຸງ', NULL, '2021-05-13'),
(426, 81, 21, 4, 1, 0, 0, '2021-05-14', '08:00:00', '2021-05-14', '17:00:00', 'ພາລູກຊາຍໄປຫາໝໍ ເນື່ອງຈາກໃຂ້ອອກຕຸ່ມແຮງ ', '21.jpeg', '2021-05-14'),
(427, 126, 22, 1, 2, 0, 0, '2021-05-17', '08:00:00', '2021-05-18', '17:00:00', 'ເປັນໄຂລະກະໄອພ້ອມຈື່ງຂ່ລາພັກ', NULL, '2021-05-18'),
(428, 92, 21, 1, 1, 0, 0, '2021-05-18', '08:00:00', '2021-05-18', '17:00:00', 'ບໍ່ສະບາຍໄຂ້ຂື້ນ', '22.jpg', '2021-05-18'),
(429, 81, 21, 4, 2, 0, 0, '2021-05-17', '08:00:00', '2021-05-18', '17:00:00', 'ເນື່ອງຈາກລູກບໍ່ສະບາຍເປັນຕຸ່ມເປື່ອຍ', '23.jpeg', '2021-05-18'),
(430, 143, 22, 2, 1, 0, 0, '2021-05-17', '08:00:00', '2021-05-17', '17:00:00', 'ຫລານຊາຍເສຍ', NULL, '2021-05-19'),
(431, 58, 21, 2, 1, 0, 0, '2021-05-18', '08:00:00', '2021-05-18', '17:00:00', 'ພີ້ນ້ອງເສຍຊິວິດ (ນ້າບ່າວ)', NULL, '2021-05-19'),
(432, 106, 21, 1, 1, 0, 0, '2021-05-20', '08:00:00', '2021-05-20', '17:00:00', 'ເຈັບສັ້ນຫລັງ.', NULL, '2021-05-19'),
(433, 9, 11, 2, 0, 4, 0, '2021-05-20', '13:00:00', '2021-05-20', '17:00:00', 'ໄປສົ່່ງສະການພີ່ນ້ອງ', NULL, '2021-05-20'),
(434, 100, 12, 2, 0, 0, 0, '2021-05-20', '07:35:00', '2021-05-20', '07:35:00', 'ມາຊ້າ', NULL, '2021-05-20'),
(435, 9, 11, 2, 0, 0, 30, '2021-05-14', '08:00:00', '2021-05-14', '08:30:00', 'ເຂົ້້າຫ້ອງການຊ້າ', NULL, '2021-05-24'),
(436, 10, 11, 2, 1, 0, 0, '2021-05-24', '08:00:00', '2021-05-24', '17:00:00', 'ວຽກສ່ວນໂຕ', NULL, '2021-05-25'),
(437, 12, 21, 1, 1, 0, 0, '2021-05-14', '08:00:00', '2021-05-14', '17:00:00', 'ເຈັບຫົວບໍສະບາຍ', NULL, '2021-05-25'),
(438, 133, 22, 2, 0, 3, 0, '2021-05-24', '08:00:00', '2021-05-24', '05:00:00', 'ບໍ່ສະບາຍ ເຈັບຄໍ', NULL, '2021-05-25'),
(439, 133, 22, 1, 0, 8, 0, '2021-05-24', '08:00:00', '2021-05-24', '17:00:00', 'ບໍ່ສະບາຍ ເຈັບຄໍ', NULL, '2021-05-25'),
(440, 92, 21, 1, 1, 0, 0, '2021-05-24', '08:00:00', '2021-05-24', '17:00:00', 'ເປັນໄຂ້', '24.jpg', '2021-05-25'),
(441, 16, 21, 1, 1, 0, 0, '2021-05-25', '08:00:00', '2021-05-25', '17:00:00', 'ເປັນຫວັດ', NULL, '2021-05-27'),
(442, 99, 12, 1, 2, 0, 0, '2021-05-25', '08:00:00', '2021-05-26', '17:00:00', 'ບໍ່ສະບາຍ (ເປັນພູມແພ້', NULL, '2021-05-27'),
(443, 98, 2, 2, 1, 0, 0, '2021-05-25', '08:00:00', '2021-05-25', '17:00:00', 'ຖອກທ້ອງ', NULL, '2021-05-28'),
(444, 51, 11, 1, 0, 0, 30, '2021-05-28', '08:01:00', '2021-05-28', '08:29:00', 'ເຈັບທ້ອງ', NULL, '2021-05-28'),
(445, 144, 22, 2, 0, 1, 0, '2021-05-25', '08:00:00', '2021-05-25', '09:00:00', 'ຄາວຽກຄອບຄົວ', NULL, '2021-05-28');
INSERT INTO `tbl_leave_request` (`lr_id`, `user_ids`, `depart_id`, `leave_type`, `date_leave`, `hours_leave`, `minus_leave`, `date_from`, `time_from`, `date_to`, `time_to`, `reason`, `attatch_file`, `date_request`) VALUES
(446, 81, 21, 9, 1, 0, 0, '2021-05-25', '08:00:00', '2021-05-25', '17:00:00', 'ພາລູກຊາຍໄປຫາໝໍຕາມນັດ', '25.jpeg', '2021-05-28'),
(447, 4, 21, 2, 1, 0, 0, '2021-05-29', '08:00:00', '2021-05-29', '17:00:00', 'ມີວຽກທາງບ້ານ', NULL, '2021-05-28'),
(448, 21, 12, 2, 0, 4, 0, '2021-05-28', '08:00:00', '2021-05-28', '12:00:00', 'ລາພັກ4ຊົວໂມງ ຄາວຽກຄອບຄົວ', NULL, '2021-05-28'),
(449, 71, 12, 2, 1, 0, 0, '2021-05-28', '08:00:00', '2021-05-28', '17:00:00', 'ວຽກທາງບ້ານ ', NULL, '2021-05-28'),
(450, 99, 12, 2, 0, 1, 0, '2021-05-31', '08:00:00', '2021-05-31', '09:00:00', 'ຢາງລົດຮົ່ວ', NULL, '2021-05-31'),
(451, 71, 12, 2, 1, 0, 0, '2021-05-29', '08:00:00', '2021-05-29', '17:00:00', 'ວຽກທາງບ້ານ', NULL, '2021-05-31'),
(452, 78, 12, 1, 1, 0, 0, '2021-06-02', '08:00:00', '2021-06-02', '17:00:00', 'ເຈັບຫົວ ປວດໂຕ', NULL, '2021-06-03'),
(453, 28, 22, 2, 0, 0, 30, '2021-05-26', '08:00:00', '2021-05-26', '08:30:00', 'ຄາວຽກຄອບຄົວ', NULL, '2021-06-03'),
(454, 28, 22, 2, 0, 0, 30, '2021-05-29', '08:00:00', '2021-05-29', '08:30:00', 'ຄາວຽກຄອບຄົວ', NULL, '2021-06-03'),
(455, 28, 22, 2, 0, 0, 30, '2021-05-31', '08:00:00', '2021-05-31', '08:30:00', 'ຄາວຽກ​ຄອບຄົວ​', NULL, '2021-06-03'),
(456, 28, 22, 2, 0, 0, 30, '2021-06-02', '08:00:00', '2021-06-02', '08:30:00', 'ຄາວຽກ​ຄອບຄົວ​', NULL, '2021-06-03'),
(457, 21, 12, 2, 0, 3, 30, '2021-06-03', '08:00:00', '2021-06-03', '11:30:00', 'ຄາວຽກທາງບ້ານ ລາພັກ3.5ຊົວໂມງ', NULL, '2021-06-03'),
(458, 10, 11, 2, 0, 4, 0, '2021-06-04', '08:00:00', '2021-06-04', '12:00:00', 'ຖອກທ້ອງ', NULL, '2021-06-04'),
(459, 101, 12, 1, 1, 0, 0, '2021-06-02', '08:00:00', '2021-06-02', '17:00:00', 'ຄອບລາປ່ວຍບ່ສະບາຍ', NULL, '2021-06-05'),
(460, 78, 12, 2, 0, 4, 0, '2021-06-05', '13:00:00', '2021-06-05', '17:00:00', 'ມີວຽກສ່ວນຕົວ', NULL, '2021-06-05'),
(461, 58, 21, 2, 1, 0, 0, '2021-06-04', '08:00:00', '2021-06-04', '17:00:00', 'ບໍ່ສະບາຍ ( ເປັນວີນ )', NULL, '2021-06-05'),
(462, 3, 21, 2, 3, 0, 0, '2021-06-02', '08:00:00', '2021-06-04', '17:00:00', 'ລູກບໍສະບາຍ', NULL, '2021-06-05'),
(463, 69, 21, 2, 0, 4, 0, '2021-06-04', '08:00:00', '2021-06-04', '12:00:00', 'ມີວຍກທາງບ້ານ', NULL, '2021-06-05'),
(464, 28, 22, 2, 0, 0, 30, '2021-06-04', '08:00:00', '2021-06-04', '08:30:00', 'ຄາວຽກຄອບຄົວ', NULL, '2021-06-05'),
(465, 5, 20, 2, 1, 0, 0, '2021-06-05', '08:00:00', '2021-06-05', '17:00:00', 'ຄາວງກເອົາລົດໄປແປງ', NULL, '2021-06-07'),
(466, 70, 19, 2, 0, 2, 0, '2021-06-07', '08:00:00', '2021-06-07', '10:00:00', 'ພາລູກໄປໂຮງໝໍ', NULL, '2021-06-07'),
(467, 99, 12, 1, 2, 0, 0, '2021-06-04', '08:00:00', '2021-06-05', '17:00:00', 'ບໍ່ສະບາຍ ', NULL, '2021-06-07'),
(468, 97, 19, 2, 1, 0, 0, '2021-05-29', '08:00:00', '2021-05-29', '17:00:00', 'ບໍ່ສະບາຍ(ເຈັບທ້ອງ)', NULL, '2021-06-08'),
(469, 30, 22, 1, 1, 0, 0, '2021-06-07', '08:00:00', '2021-06-07', '17:00:00', 'ບໍ່ສະບາຍ', NULL, '2021-06-08'),
(470, 37, 22, 2, 0, 2, 0, '2021-06-07', '08:00:00', '2021-06-07', '10:00:00', 'ພາລູກໄປໂຮງໝໍ', NULL, '2021-06-08'),
(471, 25, 12, 4, 0, 4, 0, '2021-06-08', '13:00:00', '2021-06-08', '17:00:00', 'ຕໍ່ຢາຢູ່ໂຮງໜໍມະໂຫສົດ', NULL, '2021-06-08'),
(472, 51, 11, 2, 0, 8, 0, '2021-06-06', '13:01:00', '2021-06-06', '05:01:00', 'ວຽກຄອບຄົວ', NULL, '2021-06-09'),
(473, 66, 11, 2, 0, 1, 30, '2021-06-09', '08:00:00', '2021-06-09', '09:30:00', 'ພາລູກໄປກວດຢູ່ໂຮງໝໍ', NULL, '2021-06-09'),
(474, 4, 21, 1, 1, 0, 0, '2021-06-08', '08:00:00', '2021-06-08', '17:00:00', 'ເຈັບຂາ (ໄປຫາໝໍ)', NULL, '2021-06-09'),
(475, 35, 24, 2, 0, 1, 0, '2021-06-09', '08:00:00', '2021-06-09', '09:00:00', 'ລົດຮົ້ວ', NULL, '2021-06-09'),
(476, 16, 24, 4, 0, 2, 30, '2021-06-09', '08:00:00', '2021-06-09', '10:15:00', 'ປະກອບເອກະສານທາງທະນາຄານ', NULL, '2021-06-09'),
(477, 35, 24, 2, 1, 0, 0, '2021-06-10', '08:00:00', '2021-06-10', '17:00:00', 'ໄປສີດວັກຊິນເຂັມ2', NULL, '2021-06-10'),
(478, 3, 21, 4, 1, 0, 0, '2021-06-10', '08:00:00', '2021-06-10', '17:00:00', 'ມີວຽກທາງບ້ານ', NULL, '2021-06-10'),
(479, 10, 11, 1, 1, 0, 0, '2021-06-09', '08:00:00', '2021-06-09', '17:00:00', 'ບໍ່ສະບາຍ', NULL, '2021-06-10'),
(480, 10, 11, 2, 0, 0, 30, '2021-06-10', '08:00:00', '2021-06-10', '08:08:00', 'ມາຊ້າ', NULL, '2021-06-10'),
(481, 144, 22, 2, 1, 0, 0, '2021-06-05', '08:00:00', '2021-06-05', '17:00:00', 'ພາເມຍໄປໂຮງໜໍ', NULL, '2021-06-10'),
(482, 71, 12, 2, 0, 2, 0, '2021-06-09', '08:00:00', '2021-06-09', '10:00:00', 'ພາແມ່ໄປທະນາຄານ', NULL, '2021-06-10'),
(483, 144, 22, 2, 1, 0, 0, '2021-06-08', '08:00:00', '2021-06-08', '17:00:00', 'ວຽກຄອບຄົວ(ແປງເຮືອນນໍ້າຮົ້ວລົງໃສ່ເຟດານບ້ານ)', NULL, '2021-06-10'),
(484, 27, 22, 2, 0, 4, 0, '2021-06-08', '08:00:00', '2021-06-08', '12:00:00', 'ໄປເຝົ້າພໍ່ຕູ້ຢູ່ໂຮງໝໍ', NULL, '2021-06-10'),
(485, 85, 20, 2, 1, 0, 0, '2021-06-05', '08:00:00', '2021-06-05', '17:00:00', 'ຊ່ວຍວຽກຄອບຄົວ', NULL, '2021-06-10'),
(486, 18, 22, 2, 0, 2, 0, '2021-06-10', '08:00:00', '2021-06-10', '10:00:00', 'ຂົນເຄື່ອງຍ້າຍບອ່ນຢູ່ໃໝ່', NULL, '2021-06-10'),
(487, 21, 12, 1, 0, 2, 0, '2021-06-10', '08:00:00', '2021-06-10', '10:00:00', 'ຄອບລາພັກ2ຊົວໂມງ ຮູ້ສືກເຈັບຫົວ', NULL, '2021-06-10'),
(488, 25, 12, 2, 0, 4, 0, '2021-06-10', '08:00:00', '2021-06-10', '12:00:00', 'ໄປສັກ ວັກຊິນ ເຂັ້ມທີ1', NULL, '2021-06-10'),
(489, 108, 12, 1, 1, 0, 0, '2021-05-31', '08:00:00', '2021-05-31', '17:00:00', 'ປ່ວຍ', NULL, '2021-06-10'),
(490, 101, 12, 2, 18715, 0, 0, '1970-01-01', '08:00:00', '2021-06-11', '17:00:00', 'ໄປກວດເລຶອດເພຶອສັກຢາວັກຊິນ', NULL, '2021-06-10'),
(491, 81, 21, 1, 1, 0, 0, '2021-06-11', '08:00:00', '2021-06-11', '17:00:00', 'ເນື່ອງຈາກຮູ້ສຶກບໍ່ສະບາຍເຈັບຫົວຄ້າຍຄືເປັນໃຂ້', NULL, '2021-06-10'),
(492, 67, 21, 2, 0, 4, 0, '2021-06-10', '08:00:00', '2021-06-10', '12:00:00', 'ພາເມຍໄປຫາໝໍເພື່ອວາງແຜນເອົາລູກ', NULL, '2021-06-11'),
(493, 98, 22, 2, 1, 0, 0, '2021-06-08', '08:00:00', '2021-06-08', '17:00:00', 'ນ້ຳຖ້ວມທາງ', NULL, '2021-06-11'),
(494, 72, 20, 2, 0, 4, 0, '2021-06-11', '01:00:00', '2021-06-11', '05:00:00', 'ເມຍໄປກວດພະຍາດຍິງ ຕາມໝໍນັດ ບໍ່ມີໃຜເອົາລູກ ດັ່ງນັ້ນ ຈິ່ງຂໍລາພັກ', NULL, '2021-06-11'),
(495, 2, 21, 2, 1, 0, 0, '2021-06-05', '08:00:00', '2021-06-05', '17:00:00', 'ພາແມເຖົ້າກັບບ້ານຢູ່ທ່າລາດ', NULL, '2021-06-11'),
(496, 14, 21, 2, 0, 1, 30, '2021-06-07', '08:00:00', '2021-06-07', '09:01:00', 'ຕີນລົດຮົ່ວ', NULL, '2021-06-11'),
(497, 140, 22, 1, 1, 0, 0, '2021-06-11', '08:00:00', '2021-06-11', '17:00:00', 'ເປັນຕານເຕັ້ນຢູ່ຫຼັງ ປວດຕົນໂຕແລະເປັນໄຂ້', NULL, '2021-06-11'),
(498, 81, 21, 4, 0, 2, 0, '2021-06-07', '08:00:00', '2021-06-07', '10:00:00', 'ເນື່ອງຈາກລົດເພຂະນະມາຫ້ອງການ', NULL, '2021-06-11'),
(499, 35, 24, 2, 0, 4, 0, '2021-06-10', '08:00:00', '2021-06-10', '12:00:00', 'ລາພັກ', NULL, '2021-06-11'),
(500, 35, 24, 4, 0, 1, 0, '2021-06-04', '08:00:00', '2021-06-04', '09:00:00', 'ລົດເພ', NULL, '2021-06-11'),
(501, 35, 24, 2, 0, 0, 30, '2021-06-05', '08:00:00', '2021-06-05', '08:30:00', 'ມາຊ້າ', NULL, '2021-06-11'),
(502, 35, 24, 2, 0, 0, 30, '2021-06-07', '08:00:00', '2021-06-07', '08:30:00', 'ຄອບມາຊ້າ', NULL, '2021-06-11'),
(503, 35, 24, 2, 0, 1, 0, '2021-06-09', '08:00:00', '2021-06-09', '09:00:00', 'ຄອບມາຊ້າ', NULL, '2021-06-11'),
(504, 108, 12, 2, 1, 0, 0, '2021-06-14', '08:00:00', '2021-06-14', '17:00:00', 'ໄປກວດເລຶອດເພຶອສັກຢາວັກຊິນ', NULL, '2021-06-11'),
(505, 122, 21, 2, 1, 0, 0, '2021-06-10', '08:00:00', '2021-06-10', '17:00:00', 'ມີວຽກທາງບ້ານ', NULL, '2021-06-11'),
(506, 123, 21, 2, 1, 0, 0, '2021-06-05', '08:00:00', '2021-06-05', '17:00:00', 'ມີວຽກທາງບ້ານ', NULL, '2021-06-14'),
(507, 75, 19, 2, 0, 0, 30, '2021-06-11', '08:00:00', '2021-06-11', '08:30:00', 'ເຈັບທ້ອງກະທັນ', NULL, '2021-06-14'),
(508, 40, 19, 2, 0, 0, 0, '2021-06-13', '08:00:00', '2021-06-13', '17:00:00', '​ທົດ​ລອງ​ລະ​ບົບ​ການ​ລາ ຂອງ​ບໍ​ລິ​ສັດ ເຄ​ພີ', NULL, '2021-06-14'),
(509, 80, 19, 2, 0, 3, 30, '2021-06-14', '13:30:00', '2021-06-14', '17:00:00', 'ໄປສັກວັກຊີນ Sinopharm ເຂັມທີ່2 ຢູາໂຮງໝໍມີດຕະພາບ 150 ຕຽງ ຕາມທ່ານໝໍນັດ', '26.jpg', '2021-06-14'),
(510, 66, 11, 2, 0, 4, 0, '2021-06-14', '08:00:00', '2021-06-14', '12:00:00', 'ຕິດພາລະກິດວຽກຄອບຕົວ', NULL, '2021-06-14'),
(511, 2, 21, 2, 1, 0, 0, '2021-06-15', '08:00:00', '2021-06-15', '17:00:00', 'ໄປຮັບແມ່ອອກໂຮງໝໍ', NULL, '2021-06-15'),
(512, 126, 22, 2, 3, 0, 0, '2021-06-07', '08:00:00', '2021-06-09', '17:00:00', 'ຂື້ນໄປວຽກຢູ່ປາກຊັນ', NULL, '2021-06-15'),
(513, 138, 22, 1, 1, 0, 0, '2021-06-14', '08:00:00', '2021-06-14', '17:00:00', 'ເນື່ອງຈາກ ເຈັບຫົວ ເຈັບຄໍ ', NULL, '2021-06-15'),
(514, 113, 21, 2, 1, 0, 0, '2021-06-08', '08:00:00', '2021-06-08', '17:00:00', ' ຊ່ວຍວຽກທາງບ້ານ', NULL, '2021-06-15'),
(515, 113, 21, 2, 1, 0, 0, '2021-06-14', '08:00:00', '2021-06-14', '17:00:00', 'ພາແມ່ຕູ້ໄປສັກວັກຊິນ', NULL, '2021-06-15'),
(516, 37, 22, 2, 0, 2, 0, '2021-06-16', '08:00:00', '2021-06-16', '10:00:00', 'ໄປຍື່ນເອກກະສານຍົກຍ້າຍສໍາມະໂນຄົວ', NULL, '2021-06-16'),
(518, 16, 24, 2, 1, 0, 0, '2021-06-19', '08:00:00', '2021-06-19', '17:00:00', 'ວຽກຄອບຄົວ', NULL, '2021-06-16'),
(519, 39, 22, 2, 0, 4, 0, '2021-06-10', '08:00:00', '2021-06-10', '12:00:00', 'ເຈັບທ້ອງ', NULL, '2021-06-16'),
(520, 27, 22, 1, 1, 0, 0, '2021-06-17', '08:00:00', '2021-06-17', '17:00:00', 'ເຈັບກະເພາະ', NULL, '2021-06-17'),
(521, 78, 12, 2, 1, 0, 0, '2021-06-17', '08:00:00', '2021-06-17', '17:00:00', 'ລູກບໍ່ສະບາຍ', NULL, '2021-06-17'),
(522, 99, 12, 2, 0, 4, 0, '2021-06-17', '12:00:00', '2021-06-17', '17:00:00', 'ຄາວຽກຄອບຄົວ(ໄປສັກຢາກັນພະຍາດCOVID19)', NULL, '2021-06-17'),
(523, 53, 21, 1, 1, 0, 0, '2021-06-17', '08:00:00', '2021-06-17', '17:00:00', 'ເນື່ອງຈາກມີອາການໄຂ້ ແລະ ເຈັບຫົວ', NULL, '2021-06-17'),
(524, 9, 11, 2, 1, 0, 0, '2021-06-18', '08:00:00', '2021-06-18', '17:00:00', 'ລູກບໍ່ເປັນໄຂ້ ຕ້ອງຕິດຕາມາການ', NULL, '2021-06-18'),
(525, 84, 21, 1, 1, 0, 0, '2021-06-18', '08:00:00', '2021-06-18', '17:00:00', 'ບໍ່ສະບາຍ ມີອາການປວດຫົວ', NULL, '2021-06-18'),
(526, 35, 24, 1, 1, 0, 0, '2021-06-17', '08:00:00', '2021-06-17', '17:00:00', 'ຖອກທ້ອງ', NULL, '2021-06-18'),
(527, 41, 24, 2, 0, 0, 30, '2021-06-18', '08:00:00', '2021-06-18', '08:30:00', 'ຕີນລົດຮົ່ວ', NULL, '2021-06-18'),
(528, 30, 22, 1, 1, 0, 0, '2021-06-17', '08:00:00', '2021-06-17', '17:00:00', 'ບໍ່ສະບາຍ', NULL, '2021-06-18'),
(529, 21, 12, 1, 1, 0, 0, '2021-06-17', '08:00:00', '2021-06-17', '17:00:00', 'ຄອບລາພັກ1ມື້ ຮູ້ສືກເຈັບຫົວບ່ສະບາຍ', NULL, '2021-06-18'),
(530, 5, 20, 2, 1, 0, 0, '2021-06-19', '08:00:00', '2021-06-19', '17:00:00', 'ຄາວງກຄອບຄົວ', NULL, '2021-06-19'),
(531, 78, 12, 2, 0, 1, 0, '2021-06-19', '08:00:00', '2021-06-19', '09:00:00', 'ລູກບໍ່ສະບາຍ', NULL, '2021-06-19'),
(532, 78, 12, 2, 0, 2, 0, '2021-06-19', '15:00:00', '2021-06-19', '17:00:00', 'ລູກບໍ່ສະບາຍ', NULL, '2021-06-19'),
(533, 66, 11, 2, 0, 1, 0, '2021-06-21', '08:00:00', '2021-06-21', '09:00:00', 'ພາລູກໄປກວດຢູ່ໂຮງໝໍລູກບໍ່ສະບາຍ', NULL, '2021-06-21'),
(534, 126, 22, 2, 3, 0, 0, '2021-06-07', '08:00:00', '2021-06-09', '17:00:00', 'ຂື້ນໄປວຽກຢູ່ປາກຊັນ', NULL, '2021-06-21'),
(535, 28, 22, 2, 0, 0, 30, '2021-05-26', '08:00:00', '2021-05-26', '08:30:00', 'ຄາວຽກຄອບຄົວ', NULL, '2021-06-21'),
(536, 28, 22, 2, 0, 0, 30, '2021-06-03', '08:00:00', '2021-06-03', '08:30:00', 'ຄາວຽກຄອບຄົວ', NULL, '2021-06-21'),
(537, 98, 22, 2, 1, 0, 0, '2021-06-05', '08:00:00', '2021-06-05', '17:00:00', 'ຄ້າງວຽກທາງບ້ານ', NULL, '2021-06-21'),
(538, 28, 22, 2, 0, 0, 30, '2021-06-05', '08:00:00', '2021-06-05', '08:30:00', 'ຄາວຽກຄອບຄົວ', NULL, '2021-06-21'),
(539, 73, 22, 1, 3, 0, 0, '2021-06-09', '08:00:00', '2021-06-11', '17:00:00', 'ເປັນໃຂ້', NULL, '2021-06-21'),
(540, 73, 22, 2, 1, 0, 0, '2021-06-18', '08:00:00', '2021-06-18', '17:00:00', 'ໃປສັກຢາ ວັກຊີນ ', NULL, '2021-06-21'),
(541, 73, 22, 2, 0, 1, 0, '2021-06-21', '08:00:00', '2021-06-21', '09:00:00', 'ໃປເຊັນເອກະສານຢູ່ຫ້ອງການດົງຄຳຊ້າງ', NULL, '2021-06-21'),
(542, 8, 22, 1, 1, 0, 0, '2021-06-14', '08:00:00', '2021-06-14', '17:00:00', 'ຖອກທ້ອງ', NULL, '2021-06-21'),
(543, 101, 12, 2, 1, 0, 0, '2018-06-21', '08:00:00', '2018-06-21', '17:00:00', 'ໄປສັກວັກຊິນ', NULL, '2021-06-21'),
(544, 101, 12, 2, 1, 0, 0, '2021-06-18', '08:00:00', '2021-06-18', '17:00:00', 'ໄປສັກວັກຊິນ', NULL, '2021-06-21'),
(545, 71, 12, 2, 1, 0, 0, '2021-06-09', '08:00:00', '2021-06-09', '17:00:00', 'ວຽກທາງບ້ານ', NULL, '2021-06-21'),
(546, 71, 12, 2, 0, 3, 0, '2021-06-09', '08:00:00', '2021-06-09', '11:00:00', 'ວຽກທາງບ້ານ', NULL, '2021-06-21'),
(547, 69, 21, 1, 1, 0, 0, '2021-06-16', '08:00:00', '2021-06-16', '17:00:00', 'ບໍສະບາຍ (ເປັນໄອ)', NULL, '2021-06-21'),
(548, 69, 21, 2, 1, 0, 0, '2021-05-27', '08:00:00', '2021-05-27', '17:00:00', 'ຄາວຽກທາງບ້ານ', NULL, '2021-06-21'),
(549, 113, 21, 2, 1, 0, 0, '2021-06-08', '08:00:00', '2021-06-08', '17:00:00', 'ພາແມ່ຕູ້ໄປສັກວັກຊິນ', NULL, '2021-06-21'),
(550, 113, 21, 2, 1, 0, 0, '2021-06-14', '08:00:00', '2021-06-14', '17:00:00', 'ມີວຽກທາງບ້ານ', NULL, '2021-06-21'),
(551, 71, 12, 2, 0, 4, 0, '2021-06-09', '08:00:00', '2021-06-09', '12:00:00', 'ວຽກທາງບ້ານ', NULL, '2021-06-21'),
(552, 71, 12, 2, 1, 0, 0, '2021-06-19', '08:00:00', '2021-06-19', '17:00:00', 'ວຽກທາງບ້ານ', NULL, '2021-06-21'),
(553, 123, 21, 2, 0, 0, 0, '2021-05-16', '08:00:00', '2021-05-16', '17:00:00', 'ມີວຽກທາງບ້ານ', NULL, '2021-06-21'),
(554, 48, 19, 2, 0, 4, 0, '2021-06-22', '13:00:00', '2021-06-22', '17:00:00', 'ໄປເຮືອນດີ ຢູ່ເມືອງປາກງື່ມ (ພໍ່ຂອງຫມູ່ ເສຍຊີວິດ ) ', NULL, '2021-06-22'),
(555, 5, 20, 1, 0, 4, 0, '2021-06-21', '13:00:00', '2021-06-21', '17:00:00', 'ເຈັບຕາໄປກວດຢູ່ໂຮງຫມໍ', '27.jpg', '2021-06-22'),
(556, 28, 22, 2, 1, 0, 0, '2021-06-22', '08:00:00', '2021-06-22', '17:00:00', 'ລູກຊາຍບໍ່ສະບາຍ ຕິດຕາມອາການ', NULL, '2021-06-22'),
(557, 64, 20, 2, 0, 0, 30, '2021-06-15', '08:00:00', '2021-06-15', '08:30:00', 'ຄາວຽກຄອບຄົວ', NULL, '2021-06-22'),
(558, 14, 21, 2, 1, 0, 0, '2021-06-23', '08:00:00', '2021-06-23', '17:00:00', 'ໄປສົງສະການພີ່ນ້ອງຢູ່ປາກຊັນ', '28.jpg', '2021-06-22'),
(559, 81, 21, 4, 1, 0, 0, '2021-06-19', '08:00:00', '2021-06-19', '17:00:00', 'ເນື່ອງຈາກລູກຊາຍບໍ່ສະບາຍມີອາການໃຂ້ຂື້ນສູງ', NULL, '2021-06-22'),
(560, 106, 21, 9, 1, 0, 0, '2021-06-11', '08:00:00', '2021-06-11', '17:00:00', 'ຮຽນຫົວໜ້າ.ນ້ອງຂໍອະນຸຍາດລາພັກ. ພາເມຍໄປກວດ.ແລະ ເອົາລູກນ້ອຍໄປສັກຢາ.', NULL, '2021-06-22'),
(561, 113, 21, 2, 1, 0, 0, '2021-06-08', '08:00:00', '2021-06-08', '17:00:00', 'ພາແມ່ຕູ້ໄປສັກວັກຊິນ', NULL, '2021-06-22'),
(562, 113, 21, 2, 7, 0, 0, '2021-06-14', '08:00:00', '2021-06-21', '17:00:00', 'ມີວຽກທາງບ້ານ', NULL, '2021-06-22'),
(563, 113, 21, 2, 1, 0, 0, '2021-06-14', '08:00:00', '2021-06-14', '17:00:00', 'ມີວຽກທາງບ້ານ', NULL, '2021-06-22'),
(564, 27, 22, 2, 5, 0, 0, '2021-06-22', '08:00:00', '2021-06-26', '17:00:00', 'ພໍ່ຕູ້ເສຍຊີວິດ', NULL, '2021-06-23'),
(565, 122, 21, 2, 1, 0, 0, '2021-06-17', '08:00:00', '2021-06-17', '17:00:00', 'ມີວຽກທາງບ້ານ', NULL, '2021-06-23'),
(566, 123, 21, 2, 1, 0, 0, '2021-06-22', '08:00:00', '2021-06-22', '17:00:00', 'ມີວຽກທາງບ້ານ', NULL, '2021-06-23'),
(567, 10, 11, 2, 0, 0, 30, '2021-06-22', '08:00:00', '2021-06-22', '08:05:00', 'ມາຊ້າ', NULL, '2021-06-24'),
(568, 105, 22, 4, 1, 0, 0, '2021-06-25', '08:00:00', '2021-06-25', '17:00:00', 'ແມ່ຕູ້ເສຍໄດ້ມາເຮືອນສຸມມາແລະແລ່ນວຽກຊ່ວຍຄອບຄົວ', '29.jpg', '2021-06-25'),
(569, 101, 12, 2, 1, 0, 0, '2021-06-22', '08:00:00', '2021-06-22', '17:00:00', 'ຂໍລາພັກວຽກ 1ມື້ (ລາພັກປະຈຳປີ)', NULL, '2021-06-25'),
(570, 84, 21, 1, 1, 0, 0, '2021-06-28', '08:00:00', '2021-06-28', '17:00:00', 'ບໍ່ສະບາຍປວດຫົວ', NULL, '2021-06-28'),
(571, 34, 19, 2, 1, 0, 0, '2021-06-28', '08:00:00', '2021-06-28', '17:00:00', 'ມີວຽກຈຳເປັນທາງຄົວຄອບ', NULL, '2021-06-29');

-- --------------------------------------------------------

--
-- Table structure for table `tbl_leave_request_document`
--

CREATE TABLE `tbl_leave_request_document` (
  `lrd_id` int(11) NOT NULL,
  `staff_id` int(11) DEFAULT NULL,
  `approver_manager` int(11) DEFAULT NULL,
  `approver_director` int(11) DEFAULT NULL,
  `approver_hr` int(11) DEFAULT NULL,
  `leave_type` int(11) DEFAULT NULL,
  `date_leave` int(11) DEFAULT NULL,
  `hours_leave` int(11) DEFAULT NULL,
  `minus_leave` int(11) DEFAULT NULL,
  `date_from` date DEFAULT NULL,
  `time_from` time DEFAULT NULL,
  `date_to` date DEFAULT NULL,
  `time_to` time DEFAULT NULL,
  `reason` text COLLATE utf8mb4_unicode_ci DEFAULT NULL,
  `attatch_file` varchar(50) COLLATE utf8mb4_unicode_ci DEFAULT NULL,
  `date_request` date DEFAULT NULL
) ENGINE=InnoDB DEFAULT CHARSET=utf8mb4 COLLATE=utf8mb4_unicode_ci;

-- --------------------------------------------------------

--
-- Table structure for table `tbl_leave_type`
--

CREATE TABLE `tbl_leave_type` (
  `lt_id` int(11) NOT NULL,
  `leave_name` varchar(50) DEFAULT NULL
) ENGINE=InnoDB DEFAULT CHARSET=utf8mb4;

--
-- Dumping data for table `tbl_leave_type`
--

INSERT INTO `tbl_leave_type` (`lt_id`, `leave_name`) VALUES
(1, 'ລາປ່ວຍ'),
(2, 'ລາພັກປະຈຳປີ'),
(3, 'ລາເກີດລູກ'),
(4, 'ລາກິດ'),
(5, 'ລາແຕ່ງງານ'),
(6, 'ລາບວດ'),
(7, 'ລາສຶກສາຕໍ່'),
(8, 'ລາບໍ່ໄດ້ຮັບຄ່າຈ້າງ'),
(9, 'ອື່ນໆ');

-- --------------------------------------------------------

--
-- Table structure for table `tbl_position`
--

CREATE TABLE `tbl_position` (
  `ps_id` int(11) NOT NULL,
  `depart_id` int(11) DEFAULT NULL,
  `unit_id` int(11) DEFAULT NULL,
  `position_name` varchar(50) COLLATE utf8mb4_unicode_ci DEFAULT NULL
) ENGINE=InnoDB DEFAULT CHARSET=utf8mb4 COLLATE=utf8mb4_unicode_ci;

--
-- Dumping data for table `tbl_position`
--

INSERT INTO `tbl_position` (`ps_id`, `depart_id`, `unit_id`, `position_name`) VALUES
(2, 12, 14, 'General Manager'),
(3, 12, 14, 'Manager'),
(4, 12, 14, 'Supervisor'),
(5, 12, 14, 'Reception Staff'),
(6, 12, 14, 'HR Staff'),
(7, 12, 14, 'Maid '),
(8, 12, 14, 'Gardener'),
(9, 12, 14, 'Driver'),
(10, 14, 16, 'ປະທານທີ່ປຶກສາ'),
(11, 14, 16, 'ປະທານບໍລິສັດ'),
(12, 14, 16, 'ຮອງປະທານຜູ້ບໍລິຫານ'),
(20, 11, 13, 'General Manager'),
(21, 11, 13, 'Manager'),
(22, 11, 13, 'Supervisor'),
(23, 5, 6, 'ຮອງປະທານອາວຸໂສ'),
(24, 5, 6, 'General Manager'),
(25, 5, 6, 'Manager'),
(26, 5, 6, 'Supervisor'),
(27, 5, 6, 'Asst: Manager'),
(28, 5, 6, 'ພະນັກງານຂາຍ'),
(121, 19, 28, 'General Manager'),
(122, 19, 28, 'Manager'),
(123, 19, 28, 'Asst: Manager'),
(124, 19, 28, 'Asst: General Manager'),
(125, 19, 28, 'Supervisor'),
(131, 19, 31, 'ຮອງປະທານຜູ້ບໍລິຫານ'),
(133, 21, 35, 'Vice President'),
(134, 21, 35, 'General Manager'),
(135, 21, 35, 'Marketing Manager'),
(136, 21, 35, 'Technical Asst: Manager'),
(137, 21, 35, 'Asst: Manager'),
(138, 21, 35, 'Supervisor'),
(139, 21, 35, 'Admin Supervisor'),
(140, 21, 35, 'ພະນັກງານຂາຍ'),
(141, 21, 35, 'Manager'),
(142, 21, 36, 'Asst: Manager'),
(144, 21, 36, 'Supervisor'),
(145, 21, 37, 'General Manager'),
(146, 21, 37, 'Asst: Manager'),
(147, 21, 37, 'Mechanic Supervisor'),
(148, 21, 37, 'Mechanic'),
(149, 21, 37, 'Admin Supervisor'),
(151, 21, 37, 'Service Clerk Staff'),
(152, 21, 37, 'Maid'),
(153, 21, 37, 'Spare Parts Supervisor'),
(154, 21, 37, 'Spare parts Staff'),
(155, 21, 39, 'ຮອງປະທານອາວຸໂສ'),
(158, 21, 39, 'Asst: Manager'),
(159, 21, 37, 'ພະ​ນັກ​ງານ​ຂາຍ'),
(160, 21, 39, 'Spare Parts Supervisor'),
(161, 21, 39, 'Sales Supervisor'),
(164, 21, 39, 'Supervisor'),
(166, 21, 39, 'Spare parts Staff'),
(167, 21, 39, 'Technician'),
(168, 20, 33, 'ຮອງປະທານອາວຸໂສ'),
(170, 20, 33, 'Asst: General Manager'),
(171, 20, 33, 'Manager'),
(173, 20, 33, 'Marketing Supervisor'),
(174, 20, 33, 'Technician Supervisor'),
(176, 20, 33, 'Asst: Manager'),
(177, 20, 33, 'Supervisor'),
(178, 20, 33, 'ຜູ້ອຳນວຍການ'),
(179, 21, 38, 'General Manager'),
(180, 21, 38, 'Asst: Manager'),
(181, 21, 38, 'Supervisor'),
(182, 20, 34, 'Asst: Manager'),
(183, 20, 34, 'Supervisor'),
(184, 20, 32, 'Manager'),
(185, 20, 32, 'Chief Technical'),
(186, 22, 40, 'Asst: Manager'),
(187, 22, 40, 'Supervisor'),
(188, 22, 41, '​ພະ​ນັກ​ງານ​ຂາຍ'),
(189, 22, 41, 'Supervisor'),
(190, 22, 43, 'Admin Supervisor'),
(195, 22, 43, 'ພະ​ນັກ​ງານ​ຂາຍ'),
(196, 22, 43, 'General Manager'),
(198, 22, 43, 'Supervisor'),
(199, 22, 43, 'Sales Supervisor'),
(200, 22, 43, 'Driver'),
(201, 22, 43, 'Manager'),
(202, 22, 42, 'Acting Manager'),
(204, 22, 42, 'Supervisor'),
(205, 22, 42, 'ພະ​ນັກ​ງານ​ຂາຍ'),
(207, 22, 42, 'Admin Manager'),
(210, 22, 42, 'Admin Supervisor'),
(211, 22, 42, 'ພະ​ນັກ​ງານ​ຂາຍ'),
(212, 22, 42, '​ພະ​ນັກ​ງານ​ຈັດ​ໂຊສິນ​ຄ້າ'),
(214, 24, 44, 'ພະນັກງານ ວິຊາການ ການຕະຫຼາດ'),
(215, 24, 44, 'Marketing Manager'),
(216, 24, 44, 'Marketing VP'),
(218, 24, 44, 'Supervisor Marketing'),
(219, 22, 45, 'Vice President'),
(220, 22, 46, 'Acting General Manager');

-- --------------------------------------------------------

--
-- Table structure for table `tbl_role_level`
--

CREATE TABLE `tbl_role_level` (
  `rlv_id` int(11) NOT NULL,
  `ps_id` int(11) DEFAULT NULL,
  `role_level` int(11) DEFAULT NULL,
  `date_register` date DEFAULT NULL
) ENGINE=InnoDB DEFAULT CHARSET=utf8mb4 COLLATE=utf8mb4_unicode_ci;

--
-- Dumping data for table `tbl_role_level`
--

INSERT INTO `tbl_role_level` (`rlv_id`, `ps_id`, `role_level`, `date_register`) VALUES
(1, 3, 4, '2020-10-27'),
(2, 22, 1, '2020-10-29'),
(4, 21, 2, '2020-10-29'),
(5, 20, 3, '2020-10-29'),
(6, 103, 1, '2020-10-29'),
(7, 104, 1, '2020-10-29'),
(8, 102, 1, '2020-10-29'),
(9, 101, 2, '2020-10-29'),
(10, 100, 3, '2020-10-29'),
(11, 115, 2, '2020-10-29'),
(12, 118, 1, '2020-10-29'),
(13, 111, 1, '2020-10-29'),
(14, 107, 3, '2020-10-29'),
(15, 108, 3, '2020-10-29'),
(16, 109, 2, '2020-10-29'),
(17, 110, 2, '2020-10-29'),
(18, 114, 2, '2020-10-29'),
(19, 116, 2, '2020-10-29'),
(20, 117, 3, '2020-10-29'),
(21, 50, 3, '2020-10-29'),
(22, 51, 3, '2020-10-29'),
(23, 52, 2, '2020-10-29'),
(24, 53, 2, '2020-10-29'),
(25, 54, 1, '2020-10-29'),
(26, 55, 1, '2020-10-29'),
(27, 57, 1, '2020-10-29'),
(28, 62, 1, '2020-10-29'),
(29, 65, 3, '2020-10-29'),
(30, 66, 2, '2020-10-29'),
(31, 67, 1, '2020-10-29'),
(32, 23, 3, '2020-10-29'),
(33, 24, 3, '2020-10-29'),
(34, 25, 2, '2020-10-29'),
(35, 26, 1, '2020-10-29'),
(36, 27, 2, '2020-10-29'),
(37, 95, 1, '2020-10-29'),
(38, 40, 3, '2020-10-29'),
(39, 41, 2, '2020-10-29'),
(40, 42, 1, '2020-10-29'),
(41, 44, 1, '2020-10-29'),
(42, 48, 1, '2020-10-29'),
(43, 38, 2, '2020-10-29'),
(44, 39, 1, '2020-10-29'),
(45, 29, 3, '2020-10-29'),
(46, 30, 3, '2020-10-29'),
(47, 31, 2, '2020-10-29'),
(48, 33, 2, '2020-10-29'),
(49, 34, 1, '2020-10-29'),
(50, 35, 1, '2020-10-29'),
(51, 37, 2, '2020-10-29'),
(52, 10, 5, '2020-10-29'),
(53, 11, 5, '2020-10-29'),
(54, 12, 5, '2020-10-29'),
(55, 13, 5, '2020-10-29'),
(56, 76, 2, '2020-10-29'),
(57, 77, 1, '2020-10-29'),
(58, 89, 2, '2020-10-29'),
(59, 90, 2, '2020-10-29'),
(61, 120, 3, '2020-10-29'),
(62, 121, 2, '2020-10-29'),
(63, 122, 1, '2020-10-29'),
(64, 123, 1, '2020-10-29'),
(65, 124, 1, '2020-10-29'),
(66, 125, 1, '2020-10-29'),
(67, 78, 3, '2020-10-29'),
(68, 79, 3, '2020-10-29'),
(69, 80, 1, '2020-10-29'),
(70, 81, 2, '2020-10-29'),
(71, 82, 1, '2020-10-29'),
(72, 83, 1, '2020-10-29'),
(74, 84, 1, '2020-10-29'),
(75, 86, 1, '2020-10-29'),
(76, 87, 1, '2020-10-29'),
(77, 88, 1, '2020-10-29'),
(78, 2, 4, '2020-11-02'),
(79, 4, 1, '2020-11-02'),
(80, 5, 1, '2020-11-02'),
(81, 6, 1, '2020-11-02'),
(85, 28, 2, '2020-11-19'),
(86, 112, 1, '2020-11-20'),
(87, 93, 2, '2020-12-03'),
(88, 94, 1, '2020-12-03'),
(89, 119, 1, '2020-12-03'),
(90, 113, 1, '2020-12-03'),
(91, 105, 1, '2020-12-03'),
(92, 106, 1, '2020-12-03'),
(93, 59, 1, '2020-12-04'),
(94, 64, 1, '2020-12-04'),
(95, 60, 1, '2020-12-04'),
(96, 36, 1, '2020-12-04'),
(97, 98, 1, '2020-12-04'),
(98, 9, 1, '2020-12-04'),
(99, 8, 1, '2020-12-04'),
(100, 7, 1, '2020-12-04'),
(101, 46, 1, '2020-12-04'),
(102, 45, 1, '2020-12-04'),
(103, 43, 1, '2020-12-04'),
(104, 47, 1, '2020-12-04'),
(105, 49, 1, '2020-12-04'),
(106, 132, 3, '2020-12-04'),
(107, 92, 1, '2020-12-04'),
(108, 91, 1, '2020-12-04'),
(109, 131, 3, '2020-12-04'),
(110, 32, 1, '2020-12-04'),
(111, 157, 2, '2021-01-20'),
(112, 159, 1, '2021-01-20'),
(113, 134, 3, '2021-01-20'),
(114, 141, 2, '2021-01-20'),
(115, 133, 3, '2021-01-20'),
(116, 146, 2, '2021-01-20'),
(117, 151, 1, '2021-01-20'),
(118, 139, 1, '2021-01-20'),
(119, 138, 1, '2021-01-20'),
(120, 136, 2, '2021-01-20'),
(121, 156, 3, '2021-01-20'),
(122, 144, 1, '2021-01-20'),
(123, 152, 1, '2021-01-20'),
(124, 158, 3, '2021-01-20'),
(125, 154, 1, '2021-01-20'),
(126, 149, 1, '2021-01-20'),
(127, 147, 1, '2021-01-20'),
(128, 155, 5, '2021-01-20'),
(129, 140, 1, '2021-01-20'),
(130, 137, 2, '2021-01-20'),
(131, 145, 3, '2021-01-20'),
(132, 135, 2, '2021-01-20'),
(133, 153, 1, '2021-01-20'),
(134, 142, 2, '2021-01-20'),
(135, 148, 1, '2021-01-20'),
(136, 167, 1, '2021-01-20'),
(137, 166, 1, '2021-01-20'),
(138, 165, 1, '2021-01-20'),
(139, 161, 1, '2021-01-20'),
(140, 181, 1, '2021-01-20'),
(141, 162, 1, '2021-01-20'),
(142, 179, 3, '2021-01-20'),
(143, 160, 1, '2021-01-20'),
(144, 171, 2, '2021-01-20'),
(145, 178, 3, '2021-01-20'),
(146, 173, 1, '2021-01-20'),
(147, 185, 1, '2021-01-20'),
(148, 182, 2, '2021-01-20'),
(149, 175, 1, '2021-01-20'),
(150, 184, 2, '2021-01-20'),
(151, 169, 3, '2021-01-20'),
(152, 168, 5, '2021-01-20'),
(153, 177, 1, '2021-01-20'),
(154, 170, 2, '2021-01-20'),
(155, 172, 1, '2021-01-20'),
(156, 174, 1, '2021-01-20'),
(157, 183, 1, '2021-01-20'),
(158, 164, 1, '2021-01-20'),
(159, 176, 2, '2021-01-20'),
(160, 180, 1, '2021-01-20'),
(161, 190, 1, '2021-02-11'),
(162, 188, 1, '2021-02-11'),
(163, 210, 1, '2021-02-11'),
(164, 208, 2, '2021-02-11'),
(165, 201, 2, '2021-02-11'),
(166, 199, 1, '2021-02-11'),
(167, 186, 1, '2021-02-11'),
(168, 206, 3, '2021-02-11'),
(169, 197, 2, '2021-02-11'),
(170, 189, 1, '2021-02-11'),
(171, 200, 1, '2021-02-11'),
(172, 209, 3, '2021-02-11'),
(173, 207, 2, '2021-02-11'),
(174, 213, 3, '2021-02-11'),
(175, 204, 1, '2021-02-11'),
(176, 195, 1, '2021-02-11'),
(177, 211, 1, '2021-02-11'),
(178, 202, 2, '2021-02-11'),
(179, 187, 1, '2021-02-11'),
(180, 198, 1, '2021-02-11'),
(181, 203, 1, '2021-02-11'),
(182, 205, 1, '2021-02-11'),
(183, 196, 3, '2021-02-11'),
(184, 212, 1, '2021-02-11'),
(185, 21, 1, '2021-04-29'),
(186, 216, 4, '2021-05-29'),
(187, 215, 2, '2021-05-29'),
(188, 214, 1, '2021-05-29'),
(189, 218, 1, '2021-05-29'),
(190, 220, 3, '2021-06-10'),
(191, 219, 3, '2021-06-10');

-- --------------------------------------------------------

--
-- Table structure for table `tbl_set_approval`
--

CREATE TABLE `tbl_set_approval` (
  `sa_id` int(11) NOT NULL,
  `rq_by` int(11) DEFAULT NULL,
  `ap_by` int(11) DEFAULT NULL,
  `level_ap` int(11) DEFAULT NULL
) ENGINE=MyISAM DEFAULT CHARSET=latin1;

--
-- Dumping data for table `tbl_set_approval`
--

INSERT INTO `tbl_set_approval` (`sa_id`, `rq_by`, `ap_by`, `level_ap`) VALUES
(1, 47, 45, 2),
(2, 12, 3, 2),
(4, 46, 45, 2),
(5, 69, 68, 1),
(6, 69, 59, 2),
(7, 135, 147, 1),
(8, 65, 59, 2),
(9, 66, 59, 1),
(10, 62, 58, 1),
(11, 62, 59, 2),
(12, 94, 4, 1),
(13, 96, 96, 1),
(14, 96, 146, 1),
(15, 49, 49, 1),
(16, 49, 49, 1),
(17, 142, 127, 1),
(18, 142, 143, 2),
(19, 142, 126, 1),
(20, 91, 90, 1),
(23, 10, 3, 1),
(24, 7, 7, 1),
(25, 7, 3, 1),
(26, 119, 119, 2),
(27, 4, 2, 2),
(28, 148, 146, 1),
(29, 148, 145, 2),
(30, 20, 3, 1),
(31, 119, 143, 2),
(32, 63, 59, 2),
(33, 92, 90, 1),
(34, 91, 90, 1),
(35, 90, 90, 1),
(36, 90, 89, 2),
(37, 109, 108, 2),
(38, 175, 167, 1),
(39, 179, 167, 1),
(40, 126, 143, 2),
(41, 147, 143, 2),
(42, 150, 147, 1),
(43, 6, 2, 2),
(44, 117, 108, 2),
(45, 48, 46, 1),
(47, 48, 45, 2),
(49, 91, 90, 1),
(50, 9, 62, 1),
(51, 9, 62, 1),
(52, 53, 62, 1),
(53, 121, 145, 1),
(54, 112, 112, 1),
(55, 112, 106, 2),
(56, 149, 146, 1),
(57, 11, 3, 1),
(58, 115, 62, 1),
(59, 101, 100, 2),
(60, 102, 100, 2),
(61, 75, 100, 2),
(62, 74, 100, 2),
(63, 103, 100, 2),
(64, 96, 146, 1),
(65, 96, 146, 2),
(66, 67, 59, 2),
(67, 139, 128, 1),
(68, 167, 166, 2),
(69, 176, 167, 1),
(70, 181, 167, 1),
(71, 180, 167, 2),
(72, 182, 167, 1),
(73, 170, 167, 2),
(74, 171, 167, 1),
(75, 172, 167, 1),
(76, 192, 167, 1),
(77, 193, 51, 2),
(78, 95, 90, 1),
(79, 97, 90, 1),
(80, 177, 167, 1),
(81, 174, 167, 1),
(82, 160, 160, 1),
(83, 160, 146, 1),
(84, 130, 128, 1),
(85, 98, 90, 1),
(86, 131, 128, 1),
(87, 68, 59, 2),
(88, 127, 126, 2),
(89, 129, 128, 1),
(90, 90, 90, 1),
(91, 98, 90, 1),
(92, 97, 97, 1),
(93, 111, 108, 2),
(94, 112, 108, 2),
(95, 72, 59, 1),
(96, 95, 90, 1),
(97, 134, 128, 1),
(98, NULL, 167, 2),
(99, 170, 167, 1);

-- --------------------------------------------------------

--
-- Table structure for table `tbl_staff`
--

CREATE TABLE `tbl_staff` (
  `staff_id` int(11) NOT NULL,
  `staff_code` int(11) DEFAULT NULL,
  `staff_first_name` varchar(30) COLLATE utf8mb4_unicode_ci DEFAULT NULL,
  `staff_last_name` varchar(30) COLLATE utf8mb4_unicode_ci DEFAULT NULL,
  `staff_gender` int(11) DEFAULT NULL,
  `staff_position` int(11) DEFAULT NULL,
  `staff_depart` int(11) DEFAULT NULL,
  `staff_unit` int(11) DEFAULT NULL,
  `regis_date` date DEFAULT NULL
) ENGINE=InnoDB DEFAULT CHARSET=utf8mb4 COLLATE=utf8mb4_unicode_ci;

--
-- Dumping data for table `tbl_staff`
--

INSERT INTO `tbl_staff` (`staff_id`, `staff_code`, `staff_first_name`, `staff_last_name`, `staff_gender`, `staff_position`, `staff_depart`, `staff_unit`, `regis_date`) VALUES
(2, 121, ' ໂພເພັດ ', 'ພິລາພັນເດຊ', 2, 2, 12, 14, '2020-10-27'),
(3, 115, 'ສຳເລີງ', 'ຜອມດຳ', 2, 3, 12, 14, '2020-10-27'),
(4, 11, ' ສຸດາວົງ', 'ສີຫາສຸກ', 2, 3, 12, 14, '2020-10-27'),
(5, 130, 'ນັນທິລາພອນ', 'ພິລາພັນເດຊ', 2, 3, 12, 14, '2020-10-27'),
(6, 14, 'ຈັນທະວົງ', 'ເທບປັນຍາ', 2, 3, 12, 14, '2020-10-27'),
(7, 340, ' ອານຸລັກ ', 'ແສນສຸນທອນ', 2, 4, 12, 14, '2020-10-27'),
(9, 416, ' ໄຂ່ມຸກ', ' ຄູນສະຫງ່າ', 2, 214, 24, 44, '2020-10-27'),
(10, 414, 'ສາຍໃຈ', 'ບັນນະວົງ', 2, 5, 12, 14, '2020-10-27'),
(11, 114, ' ລຸນ', 'ຈັນທະວົງ', 2, 7, 12, 14, '2020-10-27'),
(12, 238, 'ບຸນທະວີ ', 'ອິນທາ', 2, 7, 12, 14, '2020-10-27'),
(13, 369, 'ຂັນທະລີ', 'ທິບພະລັງສີ', 2, 7, 12, 14, '2020-10-27'),
(14, 374, 'ດາວສະຫວັນ', 'ສີຍະວົງ', 2, 7, 12, 14, '2020-10-27'),
(16, 432, 'ບຸນນອງ', 'ວໍລະຈິດ', 2, 7, 12, 14, '2020-10-27'),
(17, 430, ' ປຸ໋ຍ', 'ບຸນສີ', 2, 7, 12, 14, '2020-10-27'),
(18, 505, 'ແຕ່ງສຸລີ', '-', 2, 7, 12, 14, '2020-10-27'),
(19, 21, ' ວຽງໄຊ', 'ລາດຊະພັງທອງ', 1, 9, 12, 14, '2020-10-27'),
(20, 51, 'ບຸນເນົາ', 'ຄຳຈັນລາ', 1, 9, 12, 14, '2020-10-27'),
(21, 222, 'ທອງຂັນ', 'ອິນທະວົງ', 1, 8, 12, 14, '2020-10-27'),
(22, 596, 'ສົມລິດ', ' ພິມມະວົງ', 1, 8, 12, 14, '2020-10-27'),
(23, 2, ' ເຂັມຊາດ  ', 'ພິລາພັນເດຊ', 1, 11, 14, 16, '2020-10-27'),
(24, 1, 'ວິຮະຈິຕ', 'ພິລາພັນເດຊ', 1, 10, 14, 16, '2020-10-27'),
(25, 5, ' ປະສາດໄຊ', 'ພິລາພັນເດຊ', 1, 12, 14, 16, '2020-10-27'),
(26, 4, 'ຈິດຕະລາດ ', 'ພິລາພັນເດຊ', 1, 12, 14, 16, '2020-10-27'),
(45, 47, 'ທ່ານ ຄຳສິງ', 'ໄຊຍະວົງ', 1, 20, 11, 13, '2020-10-27'),
(46, 18, ' ສຸກນາວີ', 'ປັນຍາສິຣິ', 1, 21, 11, 13, '2020-10-27'),
(47, 650, 'ສຸກທິວາວັນ', 'ວົງພະນະຄອນ', 1, 21, 11, 13, '2020-10-27'),
(48, 184, 'ພຸດທາ', 'ສິງລືໄຊ', 1, 22, 11, 13, '2020-10-27'),
(49, 539, ' ໂອເຄ້', 'ສະຫວ່າງອາລົມ', 1, 22, 11, 13, '2020-10-27'),
(50, 120, ' ສັນທະລັກ', 'ຈ່າສານ', 1, 23, 5, 6, '2020-10-27'),
(51, 105, ' ເອກະລາດ', 'ລາດປາກດີ', 1, 24, 5, 6, '2020-10-27'),
(52, 247, 'ວຽງສະຫວັນ', 'ແສງວິຈິຕ', 2, 25, 5, 6, '2020-10-27'),
(53, 295, 'ປານິນ', 'ດວງປະເສີດ', 2, 214, 24, 44, '2020-10-27'),
(54, 401, 'ສົມປອງ', 'ປັນຍາດີ', 1, 27, 5, 6, '2020-10-27'),
(55, 394, 'ເພັດສະໝອນ', 'ພົມມະບຸດ', 2, 26, 5, 6, '2020-10-27'),
(56, 523, 'ຄຳພຸດ', 'ເມືອງປາລະມີ', 1, 26, 5, 6, '2020-10-27'),
(57, 545, 'ສຸກທະວີ', 'ຄຸດທິຕາ', 1, 28, 5, 6, '2020-10-27'),
(58, 136, 'ວິຮະໄຊຄຳ', 'ພິລາພັນເດຊ', 1, 216, 24, 44, '2020-10-27'),
(59, 85, 'ຄຳບໍ່', 'ສີປະເສີດ', 1, 133, 21, 35, '2020-10-27'),
(60, 264, 'ແສງເພັດ ', 'ຊະນະມີໄຊ', 1, 134, 21, 35, '2020-10-27'),
(61, 189, 'ອາທິດ', 'ລາດປາກດີ', 1, 134, 21, 35, '2020-10-27'),
(62, 631, ' ວິລະພັນ ', 'ຄ່ຽມມະນີວົງ', 1, 215, 24, 44, '2020-10-27'),
(63, 65, 'ເພັດສະໝອນ', 'ຈັນຊະນະ', 1, 141, 21, 35, '2020-10-27'),
(64, 216, 'ນິກອນ', 'ຈັນທະວົງ', 1, 137, 21, 35, '2020-10-27'),
(65, 571, 'ເຊັ່ງມົ່ວ', 'ຫວາເນັັ້ງ', 1, 136, 21, 35, '2020-10-27'),
(66, 516, 'ຫຼີ່ມີ້ ', 'ມະນີວັນ', 1, 138, 21, 35, '2020-10-27'),
(67, 275, 'ວຽງມອນ', 'ພຸດທະວົງ', 2, 139, 21, 35, '2020-10-27'),
(68, 487, ' ໂອຍົນ', 'ຫຼວງໄຊ', 1, 139, 21, 35, '2020-10-27'),
(69, 348, ' ສຸນີ', 'ເມືອງປາລາມີ', 1, 140, 21, 35, '2020-10-27'),
(70, 531, 'ສະຖາພອນ', 'ບຸດສະດີ', 1, 140, 21, 35, '2020-10-27'),
(71, 557, ' ບຸນທະວີ', 'ສີສົມບັດ', 1, 140, 21, 35, '2020-10-27'),
(72, 612, ' ນິຍົມ', 'ສີສຸວັນທອງ', 1, 140, 21, 35, '2020-10-27'),
(73, 624, 'ພູພະຈັນ', 'ສີປະເສີດ', 1, 140, 21, 35, '2020-10-27'),
(74, 122, 'ພຸດສະຫວັນ', 'ປະດິດ', 1, 142, 21, 36, '2020-10-27'),
(75, 71, 'ແສງດາວ ', 'ພົມມະຈັນ', 1, 144, 21, 36, '2020-10-27'),
(76, 276, 'ສິນທະນາກອນ', 'ສຸວັນວິໄຊ', 1, 144, 21, 36, '2020-10-27'),
(77, 59, 'ຄຳ​ພະ​ຈັນ', '​ຂັນ​ທະ​ພອນ', 1, 145, 21, 37, '2020-10-27'),
(78, 388, 'ຫໍ​ລະ​ດີ', '​ສີ​ຄຳ​ແພງ', 1, 146, 21, 37, '2020-10-27'),
(79, 384, 'ລັກ​ກີ້ ', 'ນາ​ຊາຍ​ທອງ', 1, 159, 21, 37, '2020-10-27'),
(80, 511, 'ເພັດ​ສະ​ໄຫມ', '​ສີ​ຫາ​ລາດ', 1, 159, 21, 37, '2020-10-27'),
(81, 148, ' ສີ​ຊາຍ​ພຽງ', '​ໄຊ​ຍະ​ສອນ', 1, 147, 21, 37, '2020-10-27'),
(82, 218, ' ແກ້ວ​ຄຳ', '​ພົມ​ມະ​ນີ', 1, 148, 21, 37, '2020-10-27'),
(83, 378, 'ສີ​ສະ​ຫວັນ', ' ອິນ​ຊີ​ທອງ', 1, 148, 21, 37, '2020-10-27'),
(84, 90, 'ອຸ​ໄທ', 'ວົງ​ສີ', 2, 149, 21, 37, '2020-10-27'),
(85, 540, ' ວົງ​ວິ​ຈິ​ຕ', '​ແກ້ວ​ມະ​ຫາ​ວົງ', 1, 151, 21, 37, '2020-10-27'),
(86, 370, 'ພົມ​ມາ', '​ໄຊ​ແສງ​ຈັນ', 1, 153, 21, 37, '2020-10-27'),
(87, 520, 'ບຸນ​ເກິດ', '​ສອນ​ເພັດ', 1, 154, 21, 37, '2020-10-27'),
(88, 525, 'ພູ​ທິນ', '​ເກດ​ຕະ​ວົງ', 2, 152, 21, 37, '2020-10-27'),
(89, 112, 'ຢາ​ສຸ​ໂອະ', '​ພິ​ລາ​ພັນ​ເດ​ຊ', 1, 155, 21, 39, '2020-10-27'),
(90, 100, ' ສຳ​ລານ', '​ພິມ​ມະ​ວົງ', 1, 158, 21, 39, '2020-10-27'),
(91, 64, 'ສຸກ​ກິດ​ຕາ', '​ສີ​ປະ​ເສີດ', 2, 160, 21, 39, '2020-10-27'),
(92, 197, ' ລິນ​ທອງ', '​ໝື່ນ​ສີ', 2, 161, 21, 39, '2020-10-27'),
(94, 116, 'ອຳໄພພອນ', '​ໝື່ນຫຼວງ', 2, 6, 12, 14, '2020-10-27'),
(95, 87, 'ໄຊ​ຍະ​ສິດ', '​ບຸດ​ດາ​ວົງ', 1, 164, 21, 39, '2020-10-27'),
(96, 240, 'ອ໋ອດ', '​ອ່ອນ​ສຸ​ລິນ', 1, 211, 22, 42, '2020-10-27'),
(97, 311, 'ແກ້ວ​ອຸ​ດອນ', 'ດວງ​ປັນ​ຍາ', 1, 166, 21, 39, '2020-10-27'),
(98, 119, 'ສິ​ລາ', '​ອິນ​ນຸ​ວົງ', 1, 167, 21, 39, '2020-10-27'),
(99, 108, 'ທະ​ນົງ​ໄຊ', 'ວົງ​ສຸດ​ທິ', 1, 167, 21, 39, '2020-10-27'),
(100, 220, ' ຄຳ​ສະ​ໄໝ', '​ພັນ​ນະ​ວົງ', 1, 179, 21, 38, '2020-10-27'),
(101, 199, ' ມາ​ຢີ​ນ່າ', '​ອິນ​ທີ​ເຫຼັກ', 2, 180, 21, 38, '2020-10-27'),
(102, 278, 'ເທບ​ພະ​ລັກ', '​ແກ້ວດວງ​ດີ', 1, 181, 21, 38, '2020-10-27'),
(103, 466, ' ໂພ​ຄຳ', '​ວໍ​ລະ​ບຸດ', 1, 181, 21, 38, '2020-10-27'),
(104, 93, 'ຄອນ​ມະ​ນີ', '​ຈັນ​ທະ​ວົງ', 1, 180, 21, 38, '2020-10-27'),
(105, 324, 'ສອນ​ທະ​ສາ', '​ແກ້ວ​ສັນ​ຍາ', 1, 182, 20, 34, '2020-10-27'),
(106, 425, 'ເພັດ​ຊາຍ​ວັນ', '​ສຸກວົງ​ສາ', 1, 183, 20, 34, '2020-10-27'),
(107, 6, ' ວິ​ໄລ​ສັກ', '​ພິ​ລາ​ພັນ​ເດ​ຊ', 1, 168, 20, 33, '2020-10-27'),
(108, 15, 'ອາ​ນຸ​ສອນ', '​ສິ​ລິ​ມະ​ສັກ', 2, 178, 20, 33, '2020-10-27'),
(109, 70, ' ວັນ​ໄຊ', 'ຫຼວງ​ມະ​ນີ', 1, 170, 20, 33, '2020-10-27'),
(110, 68, ' ຄຳຫຼ້າ', '​ອຸ່ນ​ອາ​ລົມ', 1, 171, 20, 33, '2020-10-27'),
(111, 77, 'ພົງ​ວ​ະ​ດີ', '​ບາ​ສີ​ສຸ​ລາດ', 2, 176, 20, 33, '2020-10-27'),
(112, 228, 'ມະ​ນີ​ວັນ', '​ຕຸດ​ຕະ​ເວດ', 1, 177, 20, 33, '2020-10-27'),
(113, 309, 'ຕູ້', '​ເຮີ້', 1, 177, 20, 33, '2020-10-27'),
(114, 513, 'ສິ​ວິ​ໄລ', '​ສອນ​ທອງ​ຈັນ', 1, 177, 20, 33, '2020-10-27'),
(115, 43, 'ຄຳ​ປະ​ເສີດ', '​ພົມ​ພິ​ພັກ', 1, 218, 24, 44, '2020-10-27'),
(116, 192, 'ກຸ່ຍ', '​ວົງ​ຊາຍ​ຄຳ', 1, 174, 20, 33, '2020-10-27'),
(117, 323, 'ສິ​ລິ​ວັນ', '​ເທບ​ສຸ​ວັນ', 1, 184, 20, 32, '2020-10-27'),
(118, 8, 'ສຸກ', ' ສີ​ສະ​ໝ​ຸດ', 1, 185, 20, 32, '2020-10-27'),
(119, 201, 'ພັດ​ສະ​ລິນ', 'ມະ​ນີ​ວົງ', 2, 186, 22, 40, '2020-10-27'),
(121, 453, 'ຈິນ​ຕະ​ນາ', '​ປະ​ທຸມ​ວົງ', 2, 186, 22, 40, '2020-10-27'),
(122, 480, 'ປະ​ສິດ', 'ຫຼວງ​ມະ​ນີ', 1, 187, 22, 40, '2020-10-27'),
(123, 584, 'ສີ​ວອນ', '​ອິນ​ທະ​ສອນ', 1, 189, 22, 41, '2020-10-27'),
(125, 435, 'ສິນ​ດາ​ວັນ', '​ພອນ​ວິ​ໄລ', 2, 188, 22, 41, '2020-10-27'),
(126, 82, 'ດາ​ວອນ', '​ຈັນ​ທະ​ສິງ', 1, 196, 22, 43, '2020-10-27'),
(127, 91, 'ແສງ​ແກ້ວ', '​ຈັນທະ​ພອນ', 1, 201, 22, 43, '2020-10-27'),
(128, 209, 'ເພັດ​ສາ​ກົນ', '​ກົມ​ມະ​ທັນ', 1, 201, 22, 43, '2020-10-27'),
(129, 321, 'ສຸກ​ສັນ', '​ສິງ​ຫາ​ວົງ', 2, 198, 22, 43, '2020-10-27'),
(130, 589, 'ຄຳ​ຮັກ', '​ສຸ​ລິ​ຍະ​ວົງ', 1, 199, 22, 43, '2020-10-27'),
(131, 506, ' ຄຳ​ໝາຍ', '​ທິ​ລາ​ວົງ', 2, 190, 22, 43, '2020-10-27'),
(132, 282, ' ອຸ​ໄລ​ວັນ', '​ສັນ​ຕິ​ສຸກ', 2, 195, 22, 43, '2020-10-27'),
(133, 570, 'ຂັນ​ທະ​ລາ', '​ມະ​ນີ​ວົງ', 2, 195, 22, 43, '2020-10-27'),
(134, 572, 'ຕິ​ນາ', '​ພູມ​ສີ​ລາ​ກອນ', 2, 195, 22, 43, '2020-10-27'),
(135, 573, 'ອາ​ລິ​ສາ', '​ລາດ​ປາກ​ດີ', 2, 190, 22, 43, '2020-10-27'),
(136, 576, 'ແພງ​ຕາ', '​ມາ​ລາ​ວົງ', 1, 195, 22, 43, '2020-10-27'),
(137, 577, 'ພອນ​ສະ​ຫວັນ', '​ທ່າວ', 1, 195, 22, 43, '2020-10-27'),
(138, 581, ' ພອນ​ສະ​ຫວັນ', '​ຈັນ​ທະ​ລັງ​ສີ', 2, 195, 22, 43, '2020-10-27'),
(139, 575, 'ທ້າວ ບຸນ​ເຕັມ', '​ພຸດ​ທະ​ວົງ', 1, 195, 22, 43, '2020-10-27'),
(140, 588, 'ທອງ​ຄຳ', '​ສຸ​ລິ​ຍະ​ລັງ​ສີ', 1, 195, 22, 43, '2020-10-27'),
(141, 594, 'ອາ​ລຸນ​ນີ', '​ວັນ​ນະ​ສິນ', 2, 195, 22, 43, '2020-10-27'),
(142, 510, 'ໄຊ​ຍະ​ສອນ', '​ໂພ​ທິ​ລາດ', 1, 200, 22, 43, '2020-10-27'),
(143, 86, 'ວິ​ໄລ​ພອນ   ', 'ຈັນ​ທະ​ລັງສີ', 1, 219, 22, 45, '2020-10-28'),
(145, 12, 'ສົມ​ພອນ ', 'ອິນ​ທະ​ວົງ', 1, 220, 22, 46, '2020-10-28'),
(146, 172, 'ລັດ​ດາ​ພອນ', '​ອາ​ນົງ​ສີ​ສະ​ອາດ', 1, 202, 22, 42, '2020-10-28'),
(147, 66, 'ຄຳຫຼ້າ', '​ສຸ​ວັນ​ນະ​ໄມ​ຕີ', 1, 207, 22, 42, '2020-10-28'),
(148, 185, 'ຈິດ​ຕະ​ກອນ', '​ໄຊ​ຍະ​ສານ', 1, 204, 22, 42, '2020-10-28'),
(149, 133, 'ວິ​ໄລ​ສຸກ', '​ມາ​ສຸ​ວັນ', 2, 204, 22, 42, '2020-10-28'),
(150, 476, 'ສຸກ​ພະ​ໄຊ', '​ຂຸນ​ລະ​ວົງ', 2, 210, 22, 42, '2020-10-28'),
(151, 208, 'ວຽງ​ຄຳ​ແສນ', '​ໄຊ​ທະ​ວີ', 2, 205, 22, 42, '2020-10-28'),
(152, 27, 'ໂນ​ລະ​ສັກ', '​ພົມ​ດວງ​ສີ', 1, 211, 22, 42, '2020-10-28'),
(153, 202, 'ຊົວ​ຢ່າງ', '​ຈົງ​ຕົວ', 2, 211, 22, 42, '2020-10-28'),
(154, 165, 'ສຸດ​ສະ​ດາ', '​ພາ​ພິມ', 2, 211, 22, 42, '2020-10-28'),
(155, 177, 'ສຸ​ລິ​ຍະ​ສິດ', '​ຈັນ​ທິ​ລາດ', 2, 211, 22, 42, '2020-10-28'),
(156, 41, 'ບິນ​ລີ່', '​ທາ​ນາ​ລາດ', 1, 211, 22, 42, '2020-10-28'),
(157, 244, 'ກອງ​ມະ​ນີ', '​ກອງ​ປັນ​ຍາ', 2, 205, 22, 42, '2020-10-28'),
(158, 67, ' ກັນ​ລະ​ຍາ', '​ສີ​ຫາ​ລາດ', 2, 205, 22, 42, '2020-10-28'),
(159, 315, 'ສະ​ຫວີ​ວັນ', '​ບຸດ​ດີ', 2, 205, 22, 42, '2020-10-28'),
(160, 167, ' ໄກ່​ແກ້ວ', '​ກິ່ງ​ສຸ​ລິ​ວົງ', 2, 211, 22, 42, '2020-10-28'),
(161, 232, 'ກອງ​ສີ  ', 'ຈັນ​ທະ​ວົງ', 2, 212, 22, 42, '2020-10-28'),
(162, 280, ' ທອງ​ໃສ', '​ມະ​ຫາ​ໂຍ​ທີ', 2, 212, 22, 42, '2020-10-28'),
(166, 36, 'ສຣິຣັຕ', '​ຣັຕະ​ນະ​ມົນ', 2, 131, 19, 31, '2020-10-28'),
(167, 48, '​ມີ​ນາ', '​ອິນ​ທະ​ວົງ', 2, 121, 19, 28, '2020-10-28'),
(168, 129, 'ຈັນ​ນະ​ຫົງ', '​ໄຊ​ຍະ​ລາດ', 1, 124, 19, 28, '2020-10-28'),
(169, 40, 'ພອນ​ທິບ', '​ປະ​ລິ​ຜາ​ສຸກ', 2, 122, 19, 28, '2020-10-28'),
(170, 34, 'ຂັນ​ໄຊ', '​ຊະ​ນະ​ພັນ', 1, 122, 19, 28, '2020-10-28'),
(171, 103, 'ໄກ​ສອນ', '​ແກ້ວ​ສັນ​ຍາ', 1, 122, 19, 28, '2020-10-28'),
(172, 153, 'ພອນ​ພິ​ລຸນ', '​ວັນ​ລາ​ວົງ', 1, 122, 19, 28, '2020-10-28'),
(173, 144, 'ອາ​ນຸ​ສິດ', '​ດວງ​ສົງ​ຄາມ', 1, 123, 19, 28, '2020-10-28'),
(174, 132, 'ຄຳ​ມູນ', '​ແກ້ວ​ບັນ​ດິດ', 1, 123, 19, 28, '2020-10-28'),
(175, 258, 'ເສົາ​ແກ້ວ', '​ພົງ​ສະ​ຫວັດ', 2, 125, 19, 28, '2020-10-28'),
(176, 173, 'ວົງ​ພູ​ທອນ', '​ອິນ​ດາ​ວົງ', 1, 125, 19, 28, '2020-10-28'),
(177, 50, 'ສົມ​ບັດ', '​ຈັນ​ທະ​ລາ', 1, 125, 19, 28, '2020-10-28'),
(178, 413, 'ສຸ​ພາ​ສອນ', '​ບຸດ​ສະ​ດີ', 2, 125, 19, 28, '2020-10-28'),
(179, 431, 'ສີ​ອຳ​ພອນ', '​ບຸດ​ສີ​ວົງ​ສັກ', 2, 125, 19, 28, '2020-10-28'),
(180, 463, 'ຕາ​ວັນ', '​ອິນ​ທະ​ວົງ​ສາ', 1, 125, 19, 28, '2020-10-28'),
(181, 517, 'ພອນ​ສະ​ຫວັນ', 'ຫຼວງສີສົງຄາມ', 2, 125, 19, 28, '2020-10-28'),
(182, 564, 'ເກດ​ມະ​ນີ', '​ສີ​ແສງ​ຈັນ', 2, 125, 19, 28, '2020-10-28'),
(183, 664, 'ສຸດສະດາ', 'ອຸປະລາວັນ', 2, 205, 22, 42, '2021-02-15'),
(184, 7, 'ປາວີເພັດ', 'ພານຸວົງ', 1, 177, 20, 33, '2021-02-16'),
(190, 668, 'ສຸກຖະຫນອມ', 'ສີລິມະໂນທຳ', 2, 211, 22, 42, '2021-04-28'),
(191, 663, 'ບຸນມີ', 'ແກ້ວມະນີ', 1, 195, 22, 43, '2021-04-29'),
(192, 671, 'ສອນປະກາຍ', 'ກິດຕິພັນ', 2, 125, 19, 28, '2021-06-11'),
(193, 676, 'ພຸດທະສັກ', 'ວົງສາ', 1, 28, 5, 6, '2021-06-11');

-- --------------------------------------------------------

--
-- Table structure for table `tbl_symptoms_follow`
--

CREATE TABLE `tbl_symptoms_follow` (
  `stf_id` int(11) NOT NULL,
  `staff_id` int(11) DEFAULT NULL,
  `stf_type` int(11) DEFAULT NULL,
  `st_id` int(11) DEFAULT NULL,
  `partner_name` varchar(250) DEFAULT NULL,
  `partner_relation` varchar(250) DEFAULT NULL,
  `date_follow` date DEFAULT NULL,
  `dt_owner` mediumtext DEFAULT NULL,
  `dt_join` mediumtext DEFAULT NULL,
  `date_register` date DEFAULT NULL,
  `add_by` int(11) DEFAULT NULL
) ENGINE=MyISAM DEFAULT CHARSET=utf8;

--
-- Dumping data for table `tbl_symptoms_follow`
--

INSERT INTO `tbl_symptoms_follow` (`stf_id`, `staff_id`, `stf_type`, `st_id`, `partner_name`, `partner_relation`, `date_follow`, `dt_owner`, `dt_join`, `date_register`, `add_by`) VALUES
(1, 2, 2, 6, NULL, NULL, '2021-04-28', ' ', ' ', '2021-04-28', 65),
(2, 126, 2, 6, NULL, NULL, '2021-04-28', ' ປົກະຕິ', ' ບໍ່ມີ', '2021-04-28', 30),
(3, 153, 2, 6, NULL, NULL, '2021-04-28', ' ບໍ່ມີ', ' ບໍ່ມີ', '2021-04-28', 119),
(4, 153, 3, 6, 'ບໍ່ມີ', 'ບໍ່ມີ', '2021-04-28', ' ບໍ່ມີ', ' ບໍ່ມີ', '2021-04-28', 119),
(5, 183, 2, 2, NULL, NULL, '2021-04-28', ' ເຈັບຄໍໝ້ອຍໝື່ງ', ' ເປັນໝູ່', '2021-04-28', 124),
(6, 190, 2, 6, NULL, NULL, '2021-04-28', ' ແຂງແຮງດີ', ' ບໍ່ມີ', '2021-04-28', 135),
(7, 190, 3, 6, 'ບໍ່ມີ', 'ບໍ່ມີ', '2021-04-28', ' ບໍ່ມີ', ' ບໍ່ມີ', '2021-04-28', 135),
(8, 147, 2, 6, NULL, NULL, '2021-04-28', ' ', ' ', '2021-04-28', 37),
(9, 137, 2, 6, NULL, NULL, '2021-04-28', ' ອາການປົກກະຕີດີ ບໍ່ມີໄຂ້', ' ອາການປົກກະຕີ', '2021-04-28', 111),
(10, 149, 2, 6, NULL, NULL, '2021-04-28', ' ບໍມີ', ' ບໍມີ ບໍໄດ້ສຳພັດ', '2021-04-28', 18),
(11, 141, 2, 7, NULL, NULL, '2021-04-28', ' ', ' ', '2021-04-28', 115),
(12, 162, 2, 2, NULL, NULL, '2021-04-28', ' ເຈັບຄໍໜ່ອຍໜື່ງ', ' ບໍ່ມີ', '2021-04-28', 117),
(13, 135, 2, 6, NULL, NULL, '2021-04-28', ' ບໍ່ມີ', ' ບໍ່ມີ', '2021-04-28', 133),
(14, 135, 3, 6, 'ບໍ່ມີ', 'ບໍ່ມີ', '2021-04-28', ' ບໍ່ມີ', ' ບໍ່ມີ', '2021-04-28', 133),
(15, 162, 3, 6, 'ບໍ່ມີ', 'ບໍ່ມີ', '2021-04-28', ' ບໍ່ມີ', ' ບໍ່ມີ', '2021-04-28', 117),
(16, 62, 2, 2, NULL, NULL, '2021-04-28', ' ເຈັບຄໍຫນ້ອຍຫນຶ່ງ ເມື່ອຍຫນ້ອຍຫນຶ່ງ', ' ບໍ່ໄດ້ສໍາພັດຜູ້ປິ່ນປົວ', '2021-04-28', 16),
(17, 62, 3, 1, 'ບໍ່ໄດ້ປ່ວຍ', 'ແຟນ', '2021-04-28', ' ເຈັບຄໍ ເຈັບຫົວ ເມື່ອຍ', ' ໂອ້ລົມຜູ້ຕິດເຊື້ອ', '2021-04-28', 16),
(18, 130, 3, 6, 'ບໍ່ມີ', 'ບໍ່', '2021-04-28', ' ບໍ່ມີ', ' ບໍ່ມີ', '2021-04-28', 138),
(19, 125, 2, 6, NULL, NULL, '2021-04-28', ' ບໍ່ມີ', ' ບໍ່ມີ', '2021-04-28', 136),
(20, 139, 2, 3, NULL, NULL, '2021-04-28', ' ຕັນດັງ', ' ບໍ່ມີ', '2021-04-28', 140),
(21, 140, 2, 6, NULL, NULL, '2021-04-28', ' ສຸຂະພາບແຂງແຮງດີ.ປົກກະຕິ', ' ບໍ່ມີ.ບໍ່ໄດ້ສຳພັດ', '2021-04-28', 112),
(22, 140, 3, 6, 'ບໍ່ມີ', 'ບໍ່ມີ', '2021-04-28', ' ຄົນໃນຄອບຄົວແຂງແຮງດີ', ' ບໍ່ມີ', '2021-04-28', 112),
(23, 128, 2, 2, NULL, NULL, '2021-04-28', ' ເລີ່ມແສບຮູດັງ ແລະ ເຈັບຄໍ ຊວງແລງຫລັງຈາກນັ່ງເຮັດວຽນໃນຫ້ອງການ', ' ບໍ່ໄດ້ສຳພັດໃຜເລີຍ', '2021-04-28', 57),
(24, NULL, 3, 1, 'ບໍ່ໄດ້ປ່ວຍ', 'ແຟນ', '2021-04-28', ' ເຈັບຄໍ ເຈັບຫົວ ເມື່ອຍ', ' ໂອ້ລົມຜູ້ຕິດເຊື້ອ', '2021-04-28', NULL),
(25, 153, 2, 6, NULL, NULL, '2021-04-29', ' ບໍ່ມີ', ' ບໍ່ມີ', '2021-04-29', 119),
(26, 153, 3, 6, 'ບໍ່ມີ', 'ບໍ່ມີ', '2021-04-29', ' ບໍ່ມີ', ' ບໍ່ມີ', '2021-04-29', 119),
(27, 126, 2, 6, NULL, NULL, '2021-04-29', ' ', ' ', '2021-04-29', 30),
(28, 157, 2, 6, NULL, NULL, '2021-04-29', ' ບໍ່ມີອາການ', ' ບໍ່ມີ', '2021-04-29', 121),
(29, 157, 3, 6, 'ບໍ່ມີ', 'ບໍ່ມີ', '2021-04-29', ' ບໍ່ມີ', ' ບໍ່ມີ', '2021-04-29', 121),
(30, 125, 2, 6, NULL, NULL, '2021-04-29', ' ບໍ່ມີ', ' ບໍ່ມີ', '2021-04-29', 136),
(31, 135, 2, 6, NULL, NULL, '2021-04-29', ' ບໍ່ມີ', ' ບໍ່ມີ', '2021-04-29', 133),
(32, 135, 3, 6, 'ບໍ່ມີ', 'ບໍ່ມີ', '2021-04-29', ' ບໍ່ມີ', ' ບໍ່ມີ', '2021-04-29', 133),
(33, 183, 2, 7, NULL, NULL, '2021-04-29', ' ແຂງແຮງດີ', ' ໝູ່ກັນ', '2021-04-29', 124),
(34, 190, 3, 6, 'ບໍ່ມີ', 'ບໍ່ມີ', '2021-04-29', ' ບໍ່ມີ', ' ບໍ່ມີ', '2021-04-29', 135),
(35, 155, 2, 7, NULL, NULL, '2021-04-29', ' ບໍ່ມີ', ' ບໍ່ມີ', '2021-04-29', 141),
(36, 190, 2, 6, NULL, NULL, '2021-04-29', ' ແຂງແຮງ', ' ບໍ່ມີ', '2021-04-29', 135),
(37, 129, 2, 6, NULL, NULL, '2021-04-29', ' ບໍມີອາການຍັງ', ' ບໍໄດ້ສໍາພັດ', '2021-04-29', 8),
(38, 129, 3, 6, 'ບໍມີ', 'ບໍມີ', '2021-04-29', ' ', ' ', '2021-04-29', 8),
(39, 134, 2, 4, NULL, NULL, '2021-04-29', ' ອາການຂອງຕົນເອງແມ່ນຮູ້ສຶກປວດຫວັດແລະເມື່ອຍມີອາການເຈັບຫົວມາ2-3ມື້ແລ້ວ', ' ບໍ່ມີ', '2021-04-29', 105),
(40, 134, 3, 6, 'ຄອບຄົວ', 'ຄົນໃນຄອບຄົວ', '2021-04-29', ' ຄົນໃນຄອບຄົວບໍ່ມີອາການຫຍັງສຸກຂະພາບແຂງແຮງປົກກະຕິ', ' ບໍ່ມີ', '2021-04-29', 105),
(41, 139, 2, 3, NULL, NULL, '2021-04-29', ' ມີນ້ຳມູກໜ້ອຍ1ແຕ່ບໍ່ມີໄຂ້', ' ບໍ່ມີ', '2021-04-29', 140),
(42, 149, 2, 7, NULL, NULL, '2021-04-29', ' ບໍມີຫັຍງ', ' ບໍໄດ້ສຳພັດ', '2021-04-29', 18),
(43, 140, 2, 6, NULL, NULL, '2021-04-29', ' ປົກກະຕິດີ', ' ບໍ່ມີ', '2021-04-29', 112),
(44, 149, 3, 7, 'ວິໄລສຸກມາສຸວັນ', 'ບໍໄດ້ສຳພັນ', '2021-04-29', ' ບໍມີຫັຍງປົກະຕິ', ' ບໍໄດ້ສຳພັດ', '2021-04-29', 18),
(45, 162, 2, 2, NULL, NULL, '2021-04-29', ' ເຈັບຄໍ', ' ບໍ່ມີ', '2021-04-29', 117),
(46, 162, 3, 6, 'ບໍ່ມີ', 'ບໍ່ມີ', '2021-04-29', ' ບໍ່ມີ', ' ບໍ່ມີ', '2021-04-29', 117),
(47, 141, 2, 6, NULL, NULL, '2021-04-29', ' บ่อมี', ' ', '2021-04-29', 115),
(48, 6, 2, 6, NULL, NULL, '2021-04-29', ' ບໍ່ມີ', ' ບໍ່ມີ', '2021-04-30', 25),
(49, 128, 2, 2, NULL, NULL, '2021-04-29', ' ໄອແຫ້ງ ແສບດັງ ແລະ ຄໍ', ' ບໍ່ໄດ້ສຳພັດກັບຄົນປວຍ', '2021-04-30', 57),
(50, 140, 2, 6, NULL, NULL, '2021-04-30', ' ປົກກະຕິດີ.ແຂງແຮງດີ', ' ບໍ່ມີ', '2021-04-30', 112),
(51, 153, 2, 6, NULL, NULL, '2021-04-30', ' ບໍ່ມີ', ' ບໍ່ມີ', '2021-04-30', 119),
(52, 153, 3, 6, 'ບໍ່ມີ', 'ບໍ່ມີ', '2021-04-30', ' ບໍ່ມີ', ' ບໍ່ມີ', '2021-04-30', 119),
(53, 183, 2, 7, NULL, NULL, '2021-04-30', ' ແຂງແຮງດີ', ' ເປັນໝູ່ກັນ', '2021-04-30', 124),
(54, 162, 2, 2, NULL, NULL, '2021-04-30', ' ເຈັບຄໍ', ' ບໍ່ມີ', '2021-04-30', 117),
(55, 157, 2, 6, NULL, NULL, '2021-04-30', ' ບໍ່ມີ ປົກກະຕິ', ' ບໍ່ມີ', '2021-04-30', 121),
(56, 162, 3, 6, 'ບໍ່ມີ', 'ບໍ່ມີ', '2021-04-30', ' ບໍ່ມີ', ' ບໍ່ມີ', '2021-04-30', 117),
(57, 149, 2, 7, NULL, NULL, '2021-04-30', ' ບໍມີຫັຍງປົກກະຕິ', ' ບໍໄດ້ສຳພັດ', '2021-04-30', 18),
(58, 157, 3, 6, 'ບໍ່ມີ', 'ບໍ່ມີ', '2021-04-30', ' ບໍ່ມີ', ' ບໍ່ມີ', '2021-04-30', 121),
(59, 149, 3, 7, 'ບໍມີ', 'ບໍມີ', '2021-04-30', ' ບໍມີຫັຍງປົກະຕິ', ' ບໍໄດ້ສຳພັດ', '2021-04-30', 18),
(60, 135, 2, 6, NULL, NULL, '2021-04-30', ' ບໍ່ມີ', ' ບໍ່ມີ', '2021-04-30', 133),
(61, 135, 3, 6, 'ບໍ່ມີ', 'ບໍ່ມີ', '2021-04-30', ' ບໍ່ມີ', ' ບໍ່ມີ', '2021-04-30', 133),
(62, 190, 2, 6, NULL, NULL, '2021-04-30', ' ແຂງແຮງດີ', ' ບໍ່ມີ', '2021-04-30', 135),
(63, 190, 3, 6, 'ບໍ່ມີ', 'ບໍ່ມີ', '2021-04-30', ' ບໍ່ມີ', ' ບໍ່ມີ', '2021-04-30', 135),
(64, 155, 2, 7, NULL, NULL, '2021-04-30', ' ບໍ່ມີ', ' ບໍ່ມີ', '2021-04-30', 141),
(65, 125, 2, 6, NULL, NULL, '2021-04-30', ' ບໍ່ມີ', ' ບໍ່ມີ', '2021-04-30', 136),
(66, 134, 2, 7, NULL, NULL, '2021-04-30', ' ມີອາຫານເຈັບຫົວ.ມີເຊບຫະຫາຍໃຈຍາກໜ້ອຍໜຶ່ງເພາະມີເຊບຫະ', ' ບໍ່ມີ', '2021-04-30', 105),
(67, 134, 3, 6, 'ຄອບຄົວ', 'ຄອບຄົວ', '2021-04-30', ' ຄົວຄອບບໍ່ມີໃຜເປັນຫຍັງອາການປົກກະຕິແຂງແຮງ', ' ບໍ່ມີ', '2021-04-30', 105),
(68, 126, 2, 1, NULL, NULL, '2021-04-30', ' ເຈັບຫົວ,ຄືຖືຄິງໃຂ້', ' ບໍ່ມີ', '2021-04-30', 30),
(69, 139, 2, 3, NULL, NULL, '2021-04-30', ' ມີນ້ຳມູກ ດັນດັງ ', ' ບໍ່ມີ', '2021-04-30', 140),
(70, 141, 2, 6, NULL, NULL, '2021-04-30', ' บ่อมี', ' ', '2021-04-30', 115),
(71, 150, 2, 6, NULL, NULL, '2021-04-30', ' ', ' ', '2021-04-30', 7),
(72, 140, 2, 6, NULL, NULL, '2021-05-01', ' ສຸກຂະພາບແຂງແຮງດີ', ' ບໍ່ມີ', '2021-05-01', 112),
(73, 140, 3, 6, 'ບໍ່ມີ', 'ບໍ່ມີ', '2021-05-01', ' ຄົນໃນຄອບຄົວແຂງແຮງດີ', ' ບໍ່ມີ', '2021-05-01', 112),
(74, 162, 2, 6, NULL, NULL, '2001-05-21', ' ບໍ່ມີ', ' ບໍ່ມີ', '2021-05-01', 117),
(75, 162, 3, 6, 'ບໍ່ມີ', 'ບໍ່ມີ', '2021-05-01', ' ບໍ່ມີ', ' ບໍ່ມີ', '2021-05-01', 117),
(76, 183, 2, 7, NULL, NULL, '2021-05-01', ' ແຂງແຮງດີ', ' ໝູ່ກັນ', '2021-05-01', 124),
(77, 125, 2, 6, NULL, NULL, '2021-05-01', ' ບໍ່ມີ', ' ບໍ່ມີ', '2021-05-01', 136),
(78, 139, 2, 3, NULL, NULL, '2021-05-01', ' ຕັນດັງມີນ້ຳມູກ', ' ບໍ່ມີ', '2021-05-01', 140),
(79, 129, 2, 7, NULL, NULL, '2021-05-01', ' ບໍໄດ້ເປັນຍັງປົກກະຕິດີ', ' ບໍໄດ້ສໍາພັດ', '2021-05-01', 8),
(80, 129, 3, 6, 'ຄອບຄົວປົກກະຕິດີ', 'ບໍມີໃຜເປັນຍັງງ', '2021-05-01', ' ', ' ', '2021-05-01', 8),
(81, 126, 2, 6, NULL, NULL, '2021-05-01', ' ບໍ່ມີ', ' ', '2021-05-01', 30),
(82, 134, 2, 2, NULL, NULL, '2021-05-01', ' ມີອາຫານເຈັບຄໍ ມີເຊບຫະໜ້ອຍໜຶ່ງ', ' ບໍ່ມີ', '2021-05-01', 105),
(83, 134, 3, 6, 'ຄອບຄົວ', 'ຄອບຄົວ', '2021-05-01', ' ຄົນໃນຄອບຄົວບໍ່ໄດ້ເປັນຫຍັງແຂງແຮງປົກກະຕິ', ' ບໍ່ມີ', '2021-05-01', 105),
(84, 128, 2, 7, NULL, NULL, '2021-05-01', ' ເຈັບຫົວແຕ່ວານນີ້', ' ບໍ່ມີ', '2021-05-01', 57),
(85, 157, 2, 6, NULL, NULL, '2021-05-01', ' ຍູ່ບ້ານ', ' ບໍ່ມີ', '2021-05-01', 121),
(86, 157, 3, 6, 'ບໍ່ມີ', 'ບໍ່ມີ', '2021-05-01', ' ຍູ່ບ້ານ', ' ບໍ່ມີ', '2021-05-01', 121),
(87, 153, 2, 6, NULL, NULL, '2021-05-01', ' ບໍ່ມີ', ' ບໍ່ມີ', '2021-05-01', 119),
(88, 153, 3, 6, 'ບໍ່ມີ', 'ບໍ່ມີ', '2021-05-01', ' ບໍ່ມີ', ' ບໍ່ມີ', '2021-05-01', 119),
(89, 135, 2, 6, NULL, NULL, '2021-05-01', ' ບໍ່ມີ', ' ບໍ່ມີ', '2021-05-01', 133),
(90, 135, 3, 6, 'ບໍ່ມີ', 'ບໍ່ມີ', '2021-05-01', ' ບໍ່ມີ', ' ບໍ່ມີ', '2021-05-01', 133),
(91, 190, 2, 6, NULL, NULL, '2021-05-01', ' ແຂງແຮງດີ', ' ບໍ່ມີ', '2021-05-01', 135),
(92, 190, 3, 6, 'ບໍ່ມີ', 'ບໍ່ມີ', '2021-05-01', ' ບໍ່ມີ', ' ບໍ່ມີ', '2021-05-01', 135),
(93, 141, 2, 6, NULL, NULL, '2021-05-01', ' บ่อมี', ' ', '2021-05-01', 115),
(94, NULL, 2, 2, NULL, NULL, '2021-04-28', ' ເລີ່ມແສບຮູດັງ ແລະ ເຈັບຄໍ ຊວງແລງຫລັງຈາກນັ່ງເຮັດວຽນໃນຫ້ອງການ', ' ບໍ່ໄດ້ສຳພັດໃຜເລີຍ', '2021-05-01', NULL),
(95, NULL, 2, 7, NULL, NULL, '2021-05-01', ' ເຈັບຫົວແຕ່ວານນີ້', ' ບໍ່ມີ', '2021-05-01', NULL),
(96, NULL, 2, 2, NULL, NULL, '2021-04-29', ' ໄອແຫ້ງ ແສບດັງ ແລະ ຄໍ', ' ບໍ່ໄດ້ສຳພັດກັບຄົນປວຍ', '2021-05-01', NULL),
(97, 146, 2, 6, NULL, NULL, '2021-05-02', ' ບໍມີອາການ', ' ບໍມີ', '2021-05-02', 47),
(98, 183, 2, 7, NULL, NULL, '2021-05-02', ' ແຂງແຮງຂື້ນແລ້ວ', 'ໝູ່ກັນ ', '2021-05-02', 124),
(99, 140, 2, 6, NULL, NULL, '2021-05-02', ' ສຸຂະພາບແຂງແຮງດີ', ' ບໍ່ມີ', '2021-05-02', 112),
(100, 140, 3, 6, 'ບໍ່ມີ', 'ບໍ່ມີ', '2021-05-02', ' ຄົນໃນຄອບຄົວແຂງແຮງດີ', ' ບໍ່ມີ', '2021-05-02', 112),
(101, 190, 2, 6, NULL, NULL, '2021-05-02', ' ແຂງແຮງດີ', ' ບໍ່ມີ', '2021-05-02', 135),
(102, 190, 3, 6, 'ບໍ່ມີ', 'ບໍ່ມີ', '2021-05-02', ' ບໍ່ມີ', ' ບໍ່ມີ', '2021-05-02', 135),
(103, 141, 2, 6, NULL, NULL, '2021-05-02', ' บ่อมี', ' ', '2021-05-02', 115),
(104, 125, 2, 6, NULL, NULL, '2021-05-02', ' ບໍ່ມີ', ' ບໍ່ມີ', '2021-05-02', 136),
(105, 129, 2, 6, NULL, NULL, '2021-05-02', ' ບໍມີອາການ', ' ', '2021-05-02', 8),
(106, 129, 3, 6, 'ບໍມີອາການ', 'ບໍມີອາການ', '2021-05-02', 'ບໍມີອາການ ', ' ຄອບຄົວແຂງແຮງດີ', '2021-05-02', 8),
(107, 135, 2, 6, NULL, NULL, '2021-05-02', ' ບໍ່ມີ', ' ບໍ່ມີ', '2021-05-02', 133),
(108, 135, 3, 6, 'ບໍ່ມີ', 'ບໍ່ມີ', '2021-05-02', ' ບໍ່ມີ', ' ບໍ່ມີ', '2021-05-02', 133),
(109, 157, 2, 6, NULL, NULL, '2021-05-02', ' ບໍ່ມີ', ' ບໍ່ມີ', '2021-05-02', 121),
(110, 157, 3, 6, 'ບໍ່ມີ', 'ບໍ່ມີ', '2021-05-02', ' ບໍ່ມີ', ' ບໍ່ມີ', '2021-05-02', 121),
(111, 155, 2, 7, NULL, NULL, '2021-05-01', ' ບໍ່ມີ', ' ບໍ່ມີ', '2021-05-02', 141),
(112, 162, 2, 6, NULL, NULL, '2021-05-01', ' ບໍ່ມີ', ' ບໍ່ມຮ', '2021-05-02', 117),
(113, 162, 3, 6, 'ບໍ່', 'ບໍ່', '2021-05-01', ' ບໍ່', ' ບໍ່', '2021-05-02', 117),
(114, 134, 2, 2, NULL, NULL, '2021-05-02', ' ມີອາການເຈັບຫົວເຈັບຄໍ', ' ບໍ່ມີ', '2021-05-02', 105),
(115, 134, 3, 6, 'ຄອບຄົວ', 'ຄອບຄົວ', '2021-05-02', ' ຄອບຄົວປົກກະຕິແຂງແຮງດີ', ' ບໍ່ມີ', '2021-05-02', 105),
(116, 139, 2, 3, NULL, NULL, '2021-05-02', ' ມີນ້ຳມູກໜ້ອຍ1', ' ບໍ່ມີ', '2021-05-02', 140),
(117, 153, 2, 6, NULL, NULL, '2021-05-02', ' ບໍ່ມຮ', ' ບໍ່ມີ', '2021-05-03', 119),
(118, 153, 3, 6, 'ບໍ່ມີ', 'ບໍ່ມຮ', '2021-05-02', ' ບໍ່ມີ', ' ບໍ່ມີ', '2021-05-03', 119),
(119, 140, 2, 6, NULL, NULL, '2021-05-03', ' ສຸຂະພາບອຂງແຮງດີ', ' ບໍ່ມີ', '2021-05-03', 112),
(120, 140, 3, 6, 'ບໍ່ມີ', 'ບໍ່ມີ', '2021-05-03', ' ປົກກະຕິດີ .ແຂງແຮງດີ', ' ບໍ່ມີ', '2021-05-03', 112),
(121, 162, 2, 6, NULL, NULL, '2021-05-03', ' ບໍ່', ' ບໍ່', '2021-05-03', 117),
(122, 162, 3, 6, 'ບໍ່', 'ບໍ່', '2021-05-03', ' ບໍ່', ' ບໍ່', '2021-05-03', 117),
(123, 157, 2, 6, NULL, NULL, '2021-05-03', ' ບໍ່ມີ', ' ບໍ່ມີ', '2021-05-03', 121),
(124, 183, 2, 7, NULL, NULL, '2021-05-03', 'ແຂງແຮງດີ ', ' ໝູ່ກັນ', '2021-05-03', 124),
(125, 157, 3, 6, 'ບໍ່ມີ', 'ບໍ່ມີ', '2021-05-03', ' ບໍ່ມີ', ' ບໍ່ມີ', '2021-05-03', 121),
(126, 125, 2, 6, NULL, NULL, '2021-05-03', ' ບໍ່ມີ', ' ບໍ່ມີ', '2021-05-03', 136),
(127, 135, 2, 6, NULL, NULL, '2021-05-03', ' ບໍ່ມີ', ' ບໍ່ມີ', '2021-05-03', 133),
(128, 153, 2, 6, NULL, NULL, '2021-05-03', ' ບໍ່ມີ', ' ບໍມີ', '2021-05-03', 119),
(129, 135, 3, 6, 'ບໍ່ມີ', 'ບໍ່ມີ', '2021-05-03', 'ບໍ່ມີ ', ' ບໍ່ມີ', '2021-05-03', 133),
(130, 153, 3, 6, 'ບໍ່ມີ', 'ບໍ່ມີ', '2021-05-03', ' ບໍ່ມີ', ' ບໍ່ມີ', '2021-05-03', 119),
(131, 128, 2, 7, NULL, NULL, '2021-05-03', ' ຄໍແຫ້ງ ມື້ຂີ້ກະເທີະ', ' ບໍ່ມີ', '2021-05-03', 57),
(132, 141, 2, 6, NULL, NULL, '2021-05-03', ' บ่อมี', ' ', '2021-05-03', 115),
(133, 190, 2, 6, NULL, NULL, '2021-05-03', ' ແຂງແຮງດີ', ' ບໍ່ມີ', '2021-05-03', 135),
(134, 190, 3, 6, 'ບໍ່ມີ', 'ບໍ່ມີ', '2021-05-03', ' ບໍ່ມີ', ' ບໍ່ມີ', '2021-05-03', 135),
(135, 139, 2, 3, NULL, NULL, '2021-05-03', ' ຕັນດັ່ງ', ' ບໍ່ມີ', '2021-05-03', 140),
(136, 155, 2, 7, NULL, NULL, '1970-01-01', ' ບໍ່ມີບໍ່ມີ', ' ບໍ່ມີ', '2021-05-03', 141),
(137, 134, 2, 2, NULL, NULL, '2021-05-03', ' ມີອາການເຈັບຄໍມີເຊບຫະ', ' ບໍ່ມີ', '2021-05-03', 105),
(138, 134, 3, 6, 'ຄອບຄົວ', 'ຄອບຄົວ', '2021-05-03', ' ຄອບຄົວແຂງແຮງປົກກະຕິ', ' ບໍ່ມີ', '2021-05-03', 105),
(139, 125, 2, 6, NULL, NULL, '2021-05-04', ' ບໍ່ມີ', ' ບໍ່ມີ', '2021-05-04', 136),
(140, 190, 2, 6, NULL, NULL, '2021-05-04', 'ແຂງແຮງດີ', ' ບໍ່ມີ', '2021-05-04', 135),
(141, 190, 3, 6, 'ບໍ່ມີ', 'ບໍ່ມີ', '2021-05-04', ' ບໍ່ມີ', ' ບໍ່ມີ', '2021-05-04', 135),
(142, 153, 2, 6, NULL, NULL, '2021-05-04', ' ບໍ່ມີ', ' ບໍ່ມີ', '2021-05-04', 119),
(143, 153, 3, 6, 'ບໍ່ມີ', 'ບໍ່ມີ', '2021-05-04', ' ບໍ່ມີ', ' ບໍ່ມີ', '2021-05-04', 119),
(144, 140, 2, 3, NULL, NULL, '2021-05-04', ' ເປັນຫວັດຫນ້ອຍຫນື່ງ', ' ບໍ່ມີ', '2021-05-04', 112),
(145, 140, 3, 6, 'ບໍ່ມີ', 'ບໍ່ມີ', '2021-05-04', ' ເປັນຫວັດຫນ້ອຍຫນື່ງ', ' ບໍ່ມີ', '2021-05-04', 112),
(146, 139, 2, 6, NULL, NULL, '2021-05-04', ' ບໍ່ມີ', ' ບໍ່ມີ', '2021-05-04', 140),
(147, 162, 2, 6, NULL, NULL, '2021-05-04', ' ບໍ່ມີ', ' ບໍ່ມີ', '2021-05-04', 117),
(148, 162, 3, 6, 'ບໍ່ມີ', 'ບໍ່', '2021-05-04', ' ບໍ່', ' ບໍ່', '2021-05-04', 117),
(149, 135, 2, 6, NULL, NULL, '2021-05-04', 'ບໍ່ມີ', ' ບໍ່ມີ', '2021-05-04', 133),
(150, 135, 3, 6, 'ບໍ່ມີ', 'ບໍ່ມີ', '2021-05-04', ' ບໍ່ມິ', ' ບໍ່ມີ', '2021-05-04', 133),
(151, 128, 2, 7, NULL, NULL, '2021-05-04', ' ຄໍແຫ້ງ', ' ບໍ່ມີ', '2021-05-04', 57),
(152, 149, 2, 7, NULL, NULL, '2021-04-04', ' ບໍມີຫັຍງປົກະຕິ', ' ບໍໄດ້ສຳພັດໃຜ', '2021-05-04', 18),
(153, 149, 3, 7, 'ບໍມີ', 'ບໍທີ', '2021-04-04', ' ບໍມີຫັຍງປົກະຕິ', ' ບໍມີ', '2021-05-04', 18),
(154, 134, 2, 2, NULL, NULL, '2021-05-04', ' ມີອາການເຈັບຄໍ', ' ບໍ່ມີ\r\n\r\n', '2021-05-04', 105),
(155, 134, 3, 6, 'ຄອບຄົວ', 'ຄອບຄົວ', '2021-05-04', ' ຄອບຄົວແຂງແຮງປົກກະຕິ', ' ບໍ່ມີ', '2021-05-04', 105),
(156, 141, 2, 6, NULL, NULL, '2021-05-04', ' บ่อมี', ' ', '2021-05-04', 115),
(157, 157, 2, 6, NULL, NULL, '2021-05-04', ' ບໍ່ມີ', ' ບໍ່ມີ', '2021-05-04', 121),
(158, 157, 3, 6, 'ບໍ່ມີ', 'ບໍ່ມີ', '2021-05-04', ' ບໍ່ມີ', ' ບໍ່ມີ', '2021-05-04', 121),
(159, 155, 2, 7, NULL, NULL, '2021-05-04', ' ບໍ່ມີ', ' ບໍ່ມີ', '2021-05-04', 141),
(160, 162, 2, 6, NULL, NULL, '2021-05-05', ' ບໍ່ມີ', ' ບໍ່ມີ', '2021-05-05', 117),
(161, 162, 3, 6, 'ບໍ່ມີ', 'ບໍ່ມີ', '2021-05-05', ' ບໍ່ມີ', ' ບໍ່ມີ', '2021-05-05', 117),
(162, 153, 2, 6, NULL, NULL, '2021-05-05', ' ບໍມີ', ' ບໍມີ', '2021-05-05', 119),
(163, 153, 3, 6, 'ບໍ່ມີ', 'ບໍ່ມີ', '2021-05-05', ' ບໍ່ມີ', ' ບໍ່ມີ', '2021-05-05', 119),
(164, 149, 2, 7, NULL, NULL, '2021-05-05', ' ບໍມິຫັຍງປົກະຕິ', ' ບໍໄດ້ສຳພັດ', '2021-05-05', 18),
(165, 157, 2, 6, NULL, NULL, '2021-05-05', ' ບໍ່ມີ', ' ບໍ່ມີ', '2021-05-05', 121),
(166, 149, 3, 7, 'ບໍມີ', 'ບໍໄດ້ສຳະັດ', '2021-05-05', ' ປົກະຕິ', ' ບໍມີ', '2021-05-05', 18),
(167, 157, 3, 6, 'ບໍ່ມີ', 'ບໍ່ມີ', '2021-05-06', ' ບໍ່ມີ', ' ບໍ່ມີ', '2021-05-05', 121),
(168, 139, 2, 6, NULL, NULL, '2021-05-05', ' ໄປວຽກຢູ່ບໍລິສັດ', ' ທ່ານເພັດສາກົນ ທ່ານ ແສງແກ້ວ', '2021-05-05', 140),
(169, 190, 2, 6, NULL, NULL, '2021-05-05', ' ແຂງແຮງ', ' ບໍ່ມີ', '2021-05-05', 135),
(170, 190, 3, 6, 'ບໍ່ມີ', 'ບໍ່ມີ', '2021-05-05', ' ບໍ່ມີ', ' ບໍ່ມີ', '2021-05-05', 135),
(171, 125, 2, 6, NULL, NULL, '2021-05-05', ' ບໍ່ມີ', ' ບໍ່ມີ', '2021-05-05', 136),
(172, 155, 2, 6, NULL, NULL, '2021-05-05', ' ບໍ່ມີ', ' ບໍ່ມີ', '2021-05-05', 141),
(173, 141, 2, 6, NULL, NULL, '2021-05-05', ' บ่อมี', ' ', '2021-05-05', 115),
(174, 140, 2, 6, NULL, NULL, '2021-05-05', ' ອາການປົກກະຕິດີ.ແຂງແຮງ', ' ບໍ່ມີ', '2021-05-05', 112),
(175, 140, 3, 6, 'ບໍ່ມີ', 'ບໍ່ມີ', '2021-05-05', ' ສຸຂະພາບແຂງແຮງດີ.ຄົນໃນຄອບຄົວອຂງແຮງດີ', ' ບໍ່ມີ', '2021-05-05', 112),
(176, 135, 2, 6, NULL, NULL, '2021-05-05', ' ບໍ່ມີ', ' ບໍ່ມີ', '2021-05-05', 133),
(177, 135, 3, 6, 'ບໍ່ມີ', 'ບໍ່ມີ', '2021-05-05', ' ບໍ່ມີ', ' ບໍ່ມີ', '2021-05-05', 133),
(178, 153, 2, 6, NULL, NULL, '2021-05-06', ' ບໍ່ມີ', ' ບໍ່ມີ', '2021-05-06', 119),
(179, 153, 3, 6, 'ບໍ່ມີ', 'ບໍ່ມີ', '2021-05-06', ' ບໍ່ມີ', ' ບໍ່ມີ', '2021-05-06', 119),
(180, 157, 2, 6, NULL, NULL, '2021-05-06', ' ບໍ່ມີ', ' ບໍ່ມີ', '2021-05-06', 121),
(181, 157, 3, 6, 'ບໍ່ມີ', 'ບໍ່ມີ', '2021-05-07', ' ບໍ່ມີ', ' ບໍ່ມີ', '2021-05-06', 121),
(182, 162, 2, 6, NULL, NULL, '2021-05-06', ' ບໍ່', ' ບໍ່', '2021-05-06', 117),
(183, 162, 3, 6, 'ບໍ່ມີ', 'ບໍ່ມີ', '2021-05-06', ' ບໍ່ມີ', ' ບໍ່', '2021-05-06', 117),
(184, 128, 2, 7, NULL, NULL, '2021-05-06', ' ບໍ່ມີ', ' ບໍ່ມີ', '2021-05-06', 57),
(185, 125, 2, 6, NULL, NULL, '2021-05-06', ' ບໍ່ມີ', ' ບໍ່ມີ', '2021-05-06', 136),
(186, 135, 2, 6, NULL, NULL, '2021-05-06', ' ບໍ່ມີ', ' ບໍ່ມີ', '2021-05-06', 133),
(187, 135, 3, 6, 'ບໍ່ມີ', 'ບໍ່ມີ', '2021-05-06', ' ບໍ່ມີ', ' ບໍ່ມີ', '2021-05-06', 133),
(188, 155, 2, 6, NULL, NULL, '2021-05-06', ' ບໍ່ມີ', ' ບໍ່ມີ', '2021-05-06', 141),
(189, 190, 2, 6, NULL, NULL, '2021-05-06', ' ແຂງແຮງດີ', ' ບໍ່ມີ', '2021-05-06', 135),
(190, 190, 3, 6, 'ບໍ່ມີ', 'ບໍ່ມີ', '2021-05-06', ' ບໍ່ມີ', ' ບໍ່ມີ', '2021-05-06', 135),
(191, 140, 2, 6, NULL, NULL, '2021-05-06', ' ປົກກະຕິດີ.ແຂງແຮງດີ', ' ບໍ່ມີ', '2021-05-06', 112),
(192, 140, 3, 6, 'ບໍ່ມີ', 'ບໍ່ມີ', '2021-05-06', ' ຄົນໃນຄອບຄົວແຂງແຮງດີ', ' ບໍ່ມີ', '2021-05-06', 112),
(193, 139, 2, 6, NULL, NULL, '2021-05-06', ' ບໍ່ມີ', ' ບໍ່ມີ', '2021-05-06', 140),
(194, 134, 2, 7, NULL, NULL, '2021-05-06', ' ມີອາການເຈັບຫົວເມື່ອຍ', ' ບໍ່ມີ', '2021-05-06', 105),
(195, 134, 3, 6, 'ຄອບຄົວ', 'ຄອບຄົວ', '2021-05-06', ' ຄອບຄົວປົກກະຕິແຂງແຮງ', ' ບໍ່ມີ', '2021-05-06', 105),
(196, 153, 2, 6, NULL, NULL, '2021-05-07', ' ບໍ່ມີ', ' ບໍ່ມີ', '2021-05-07', 119),
(197, 153, 3, 6, 'ບໍ່ມີ', 'ບໍ່ມີ', '2021-05-07', ' ບໍ່ມີ', ' ບໍ່ມີ', '2021-05-07', 119),
(198, 135, 3, 6, 'ບໍ່ມີ', 'ບໍ່ມີ', '2021-05-07', ' ບໍ່ມີ', ' ບໍ່ມີ', '2021-05-07', 133),
(199, 190, 2, 6, NULL, NULL, '2021-05-07', ' ແຂງແຮງດີ', ' ບໍ່ມີ', '2021-05-07', 135),
(200, 190, 3, 6, 'ບໍ່ມີ', 'ບໍ່ມີ', '2021-05-07', ' ບໍ່ມີ', ' ບໍ່ມີ', '2021-05-07', 135),
(201, 157, 2, 6, NULL, NULL, '2021-05-07', ' ບໍ່ມີ', ' ບໍ່ມີ', '2021-05-07', 121),
(202, 157, 3, 6, 'ບໍ່ມີ', 'ບໍ່ມີ', '2021-05-07', ' ບໍ່ມີ', ' ບໍ່ມີ', '2021-05-07', 121),
(203, 140, 2, 6, NULL, NULL, '2021-05-07', ' ສຸຂະພາບແຂງແຮງດີ.ປົກກະຕິດີ', ' ບໍ່ມີ', '2021-05-07', 112),
(204, 140, 3, 6, 'ບໍ່ມີ', 'ບໍ່ມີ', '2021-05-07', ' ຄົນໃນຄອບຄົວແຂງແຮງດີ.ປົກກະຕິດີ', ' ບໍ່ມີ', '2021-05-07', 112),
(205, 125, 2, 6, NULL, NULL, '2021-05-07', ' ບໍ່ມີ', ' ບໍ່ມີ', '2021-05-07', 136),
(206, 162, 2, 6, NULL, NULL, '2007-05-21', ' ບໍ່', ' ບໍ່', '2021-05-07', 117),
(207, 162, 3, 6, 'ບໍ່', 'ບໍ່', '2021-05-07', ' ບໍ່', ' ບໍ່', '2021-05-07', 117),
(208, 190, 2, 6, NULL, NULL, '2021-05-08', ' ແຂງແຮງດີ', ' ບໍ່ມີ', '2021-05-08', 135),
(209, 190, 3, 6, 'ບໍ່ມີ', 'ບໍ່ມີ', '2021-05-08', ' ບໍ່ມີ', ' ບໍ່ມີ', '2021-05-08', 135),
(210, 128, 2, 6, NULL, NULL, '2021-05-08', ' ບໍ່ມີ', ' ບໍ່ມີ', '2021-05-08', 57),
(211, 139, 2, 6, NULL, NULL, '2021-05-08', ' ບໍ່ມີ', ' ບໍ່ມີ', '2021-05-08', 140),
(212, 140, 2, 6, NULL, NULL, '2021-05-08', ' ປົກກະຕິດີ ແຂງແຮງດີ', ' ບໍ່ມີ', '2021-05-08', 112),
(213, 140, 3, 6, 'ບໍ່ມີ', 'ບໍ່ມີ', '2021-05-08', ' ຄົນໃນຄອບຄົວແຂງແຮງດີ', ' ບໍ່ມີ', '2021-05-08', 112),
(214, 125, 2, 6, NULL, NULL, '2021-05-08', ' ບໍ່ມີ', ' ບໍ່ມີ', '2021-05-08', 136),
(215, 141, 2, 6, NULL, NULL, '2021-05-08', ' บ่อมี', ' ', '2021-05-08', 115),
(216, 135, 2, 6, NULL, NULL, '2021-05-08', ' ບໍ່ມີ', ' ບໍ່ມີ', '2021-05-08', 133),
(217, 135, 3, 6, 'ບໍ່ມີ', 'ບໍ່ມີ', '2021-05-08', ' ບໍ່ມີ', ' ບໍ່ມີ', '2021-05-08', 133),
(218, 155, 2, 6, NULL, NULL, '2021-05-08', ' ບໍ່ມີ', ' ບໍ່ມີ', '2021-05-08', 141),
(219, 134, 2, 6, NULL, NULL, '2021-05-08', ' ປົກກະຕິ', ' ບໍ່ມີ', '2021-05-08', 105),
(220, 134, 3, 6, 'ຄອບຄົວ', 'ຄອບຄົວ', '2021-05-08', ' ຄອບຄົວແຂງແຮງປົກກະຕິ', ' ບໍ່ມີ', '2021-05-08', 105),
(221, 162, 2, 6, NULL, NULL, '2021-05-08', ' ບໍ່', ' ບໍ່', '2021-05-08', 117),
(222, 162, 3, 6, 'ບໍ່ມີ', 'ບໍ່ມີ', '2021-05-08', ' ບໍ່', ' ບໍ່', '2021-05-08', 117),
(223, 153, 2, 6, NULL, NULL, '2021-05-08', ' ບໍ່ມີ', ' ບໍ່ມີ', '2021-05-08', 119),
(224, 153, 3, 6, 'ບໍ່ມີ່', 'ບໍ່ມີ', '2021-05-08', ' ບໍ່ມີ', ' ບໍ່ມີ', '2021-05-08', 119),
(225, 157, 2, 6, NULL, NULL, '2021-05-08', ' ບໍ່ມີ', ' ບໍ່ມີ', '2021-05-08', 121),
(226, 157, 3, 6, 'ບໍ່ມີ', 'ບໍ່ມີ', '2021-05-08', ' ບໍ່ມີ', ' ບໍ່ມີ', '2021-05-08', 121),
(227, 153, 2, 6, NULL, NULL, '2021-05-09', ' ບໍ່ມີ', ' ບໍ່ມີ', '2021-05-09', 119),
(228, 153, 3, 6, 'ບໍ່ມີ', 'ບໍ່ມີ', '2021-05-09', ' ບໍ່ມີ', ' ບໍ່ມີ', '2021-05-09', 119),
(229, 125, 2, 6, NULL, NULL, '2021-05-09', ' ບໍ່ມີ', ' ບໍ່ມີ', '2021-05-09', 136),
(230, 139, 2, 6, NULL, NULL, '2021-05-09', ' ບໍ່ມີ', ' ບໍ່ມີ', '2021-05-09', 140),
(231, 157, 2, 6, NULL, NULL, '2021-05-09', ' ບໍ່ມີ', ' ບໍ່ມີ', '2021-05-09', 121),
(232, 157, 3, 6, 'ບໍ່ມີ', 'ບໍ່ມີ', '2021-05-09', ' ບໍ່ມີ', ' ບໍ່ມີ', '2021-05-09', 121),
(233, 140, 2, 6, NULL, NULL, '2021-05-09', ' ສຸຂະພາບແຂງແຮງດີ.', ' ບໍ່ມີ', '2021-05-09', 112),
(234, 140, 3, 6, 'ບໍ່ມີ', 'ບໍ່ມີ', '2021-05-09', ' ຄົນໃນຄອບຄົວປົກກະຕິດີ', ' ບໍ່ມີ', '2021-05-09', 112),
(235, 190, 2, 6, NULL, NULL, '2021-05-09', ' ແຂງແຮງດີ', ' ບໍ່ມີ', '2021-05-09', 135),
(236, 190, 3, 6, 'ບໍ່ມີ', 'ບໍ່ມີ', '2021-05-09', ' ບໍ່ມີ', ' ບໍ່ມີ', '2021-05-09', 135),
(237, 135, 2, 6, NULL, NULL, '2021-05-09', ' ບໍ່ມີ', ' ບໍ່ມີ', '2021-05-09', 133),
(238, 135, 3, 6, 'ບໍ່ມີ', 'ບໍ່ມີ', '2021-05-09', ' ບໍ່ມີ', ' ບໍ່ມີ', '2021-05-09', 133),
(239, 162, 2, 6, NULL, NULL, '2021-05-09', ' ບໍ່', ' ບໍ່', '2021-05-09', 117),
(240, 162, 3, 6, 'ບໍ່', 'ບໍ່', '2021-05-09', ' ບໍ່', ' ບໍ່', '2021-05-09', 117),
(241, 128, 2, 6, NULL, NULL, '2021-05-09', ' ບໍ່ມີ', ' ບໍ້ມີ', '2021-05-09', 57),
(242, 140, 2, 6, NULL, NULL, '2021-05-10', ' ສຸຂະພາບແຂງແຮງດີ.ປົກກະຕິດີ', ' ບໍ່ມີ', '2021-05-10', 112),
(243, 140, 3, 6, 'ບໍ່ມີ', 'ບໍ່ມີ', '2021-05-10', ' ຄົນໃນຄອບຄົວແຂງແຮງດີ . ປົກກະຕິດີ', ' ບໍ່ມີ', '2021-05-10', 112),
(244, 125, 2, 6, NULL, NULL, '2021-05-10', ' ບໍ່ມີ', ' ບໍ່ມີ', '2021-05-10', 136),
(245, 139, 2, 6, NULL, NULL, '2021-05-10', ' ບໍ່ມີ', ' ບໍ່ມີ', '2021-05-10', 140),
(246, 190, 2, 6, NULL, NULL, '2021-05-10', ' ແຂງແຮງດີ', ' ບໍ່ມີ', '2021-05-10', 135),
(247, 190, 3, 6, 'ບໍ່ມີ', 'ບໍ່ມີ', '2021-05-10', ' ບໍ່ມີ', ' ບໍ່ມີ', '2021-05-10', 135),
(248, 153, 2, 6, NULL, NULL, '2021-05-10', ' ບໍ່ມີ', ' ບໍ່ມີ', '2021-05-10', 119),
(249, 153, 3, 6, 'ບໍ່ມີ', 'ບໍ່ມີ', '2021-05-10', ' ບໍ່ມີ', ' ບໍ່ມີ', '2021-05-10', 119),
(250, 134, 2, 6, NULL, NULL, '2021-05-10', ' ປົກກະຕິ', ' ບໍ່ມີ', '2021-05-10', 105),
(251, 134, 3, 6, 'ຄອບຄົວ', 'ຄອບຄົວ', '2021-05-10', ' ປົກກະຕິ', ' ບໍ່ມີ', '2021-05-10', 105),
(252, 157, 2, 6, NULL, NULL, '2021-05-10', ' ບໍ່ມີ', ' ບໍ່ມີ', '2021-05-10', 121),
(253, 157, 3, 6, 'ບໍ່ມີ', 'ຍໍ່ມີ', '2021-05-10', ' ບໍ່ມີ', ' ບໍ່ມີ', '2021-05-10', 121),
(254, 135, 2, 6, NULL, NULL, '2021-05-10', ' ບໍ່ມີ', ' ບໍ່ມີ', '2021-05-10', 133),
(255, 135, 3, 6, 'ບໍ່ມີ', 'ບໍ່ມີ', '2021-05-10', ' ບໍ່ມີ', ' ບໍ່ມີ', '2021-05-10', 133),
(256, 162, 2, 6, NULL, NULL, '2021-05-10', ' ບໍ່ມີ', ' ບໍ່ມີ', '2021-05-10', 117),
(257, 162, 3, 6, 'ບໍ່ມີ', 'ບໍ່ມີ', '2021-05-10', ' ບໍ່ມີ', ' ບໍ່', '2021-05-10', 117),
(258, 128, 2, 6, NULL, NULL, '2021-05-10', ' ບໍ່ມີ', ' ບໍ່ມີ', '2021-05-10', 57),
(259, 125, 2, 6, NULL, NULL, '2021-05-11', ' ບໍ່ມີ', ' ບໍ່ມີ', '2021-05-11', 136),
(260, 190, 2, 6, NULL, NULL, '2021-05-11', ' ແຂງແຮງດີ', ' ບໍ່ມີ', '2021-05-11', 135),
(261, 190, 3, 6, 'ບໍ່ມີ', 'ບໍ່ມີ', '2021-05-11', ' ບໍ່ມີ', 'ບໍ່ມີ', '2021-05-11', 135),
(262, 140, 2, 6, NULL, NULL, '2021-05-11', ' ສຸຂະພາບແຂງແຮງດີ. ປົກກະຕິດີ', ' ບໍ່ມີ', '2021-05-11', 112),
(263, 140, 3, 6, 'ບໍ່ມີ', 'ບໍ່ມີ', '2021-05-11', ' ຄົນໃນຄອບຄົວແຂງແຮງດີ', ' ບໍ່ມີ', '2021-05-11', 112),
(264, 157, 2, 6, NULL, NULL, '2021-05-11', ' ບໍ່ມີ', ' ບໍ່ມີ', '2021-05-11', 121),
(265, 157, 3, 6, 'ບໍ່ມີ', 'ບໍ່ມີ', '2021-05-11', ' ບໍ່ມີ', ' ບໍ່ມີ', '2021-05-11', 121),
(266, 135, 2, 6, NULL, NULL, '2021-05-11', ' ບໍ່ມີ', ' ບໍ່ມີ', '2021-05-11', 133),
(267, 135, 3, 6, 'ບໍ່ມີ', 'ບໍ່ມີ', '2021-05-11', ' ບໍ່ມີ', ' ບໍ່ມີ', '2021-05-11', 133),
(268, 153, 2, 6, NULL, NULL, '2021-05-11', ' ບໍ່ມີ', ' ບໍ່ມີ', '2021-05-11', 119),
(269, 153, 3, 6, 'ບໍ່ມີ', 'ບໍ່ມີ', '2021-05-11', ' ບໍ່ມີ', ' ບໍ່ມີ', '2021-05-11', 119),
(270, 134, 2, 6, NULL, NULL, '2021-05-11', ' ປົກກະຕິ', ' ບໍ່ມີ', '2021-05-11', 105),
(271, 134, 3, 6, 'ຄອບຄົວ', 'ຄອບຄົວ', '2021-05-11', ' ຄອບຄົວແຂງແຮງປົກກະຕິ', ' ບໍ່ມີ', '2021-05-11', 105),
(272, 139, 2, 6, NULL, NULL, '2021-05-11', ' ບໍ່ມີ', ' ບໍ່ມີ', '2021-05-11', 140),
(273, 155, 2, 6, NULL, NULL, '2021-05-11', ' ບໍ່ມີ', ' ບໍ່ມີ', '2021-05-11', 141),
(274, 162, 2, 6, NULL, NULL, '2021-05-11', ' ບໍ່', ' ບໍ່', '2021-05-11', 117),
(275, 162, 3, 6, 'ບໍ່', 'ບໍ່', '2011-05-21', ' ບໍ່', ' ບໍ່', '2021-05-11', 117),
(276, 125, 2, 6, NULL, NULL, '2021-05-12', ' ບໍ່ມີ', ' ບໍ່ມີ', '2021-05-12', 136),
(277, 162, 2, 6, NULL, NULL, '2021-05-12', ' ບໍ່', ' ບໍ່', '2021-05-12', 117),
(278, 155, 2, 6, NULL, NULL, '1970-01-01', ' ບໍ່ມີ', ' ບໍ່ມີ', '2021-05-12', 141),
(279, 162, 3, 6, 'ບໍ່ມີ', 'ບໍ່ມີ', '2021-05-12', ' ບໍ່', ' ບໍ່', '2021-05-12', 117),
(280, 190, 2, 6, NULL, NULL, '2021-05-12', ' ແຂງແຮງດີ', ' ບໍ່ມີ', '2021-05-12', 135),
(281, 190, 3, 6, 'ບໍ່ມີ', 'ບໍ່ມີ', '2021-05-12', ' ບໍ່ມີ', ' ບໍ່ມີ', '2021-05-12', 135),
(282, 157, 2, 6, NULL, NULL, '2021-05-12', ' ບໍ່ມີ', ' ບໍ່ມີ', '2021-05-12', 121),
(283, 157, 3, 6, 'ບໍ່ມີ', 'ບໍ່ມີ', '2021-05-12', ' ບໍ່ມີ', ' ບໍ່ມີ', '2021-05-12', 121),
(284, 153, 2, 6, NULL, NULL, '2021-05-12', ' ບໍ່ມີ', ' ບໍ່ມີ', '2021-05-12', 119),
(285, 153, 3, 6, 'ບໍ່ມີ', 'ບໍ່ມີ', '2021-05-12', ' ບໍ່ມີ', ' ບໍ່ມີ', '2021-05-12', 119),
(286, 139, 2, 6, NULL, NULL, '2021-05-12', ' ບໍ່ມີ', ' ບໍ່ມີ', '2021-05-12', 140),
(287, 141, 2, 6, NULL, NULL, '2021-05-12', ' บ่อมี', ' ', '2021-05-12', 115),
(288, 134, 2, 6, NULL, NULL, '2021-05-12', 'ປົກກະຕິ', ' ບໍ່ມີ', '2021-05-12', 105),
(289, 134, 3, 6, 'ຄອບຄົວ', 'ຄອບຄົວ', '2021-05-12', ' ປົກກະຕິດີ', ' ບໍ່ມີ', '2021-05-12', 105),
(290, 135, 2, 6, NULL, NULL, '2021-05-12', ' ບໍ່ມີ', ' ບໍ່ມີ', '2021-05-12', 133),
(291, 135, 3, 6, 'ບໍ່ມີ', 'ບໍ່ມີ', '2021-05-12', ' ບໍ່ມີ', ' ບໍ່ມີ', '2021-05-12', 133),
(292, 140, 2, 6, NULL, NULL, '2021-05-12', ' ສຸຂະພາບແຂງແຮງດີ.ປົກກະຕິດີ', ' ບໍ່ມີ', '2021-05-12', 112),
(293, 140, 3, 6, 'ບໍ່ມີ', 'ບໍ່ມີ', '2021-05-12', ' ຄົນໃນຄອບຄົວແຂງແຮງດີ', ' ບໍ່ມີ', '2021-05-12', 112),
(294, 153, 2, 6, NULL, NULL, '2021-05-13', ' ບໍ່ມີ', ' ບໍ່ມີ', '2021-05-13', 119),
(295, 153, 3, 6, 'ບໍ່ມີ', 'ບໍ່ມີ', '2021-05-13', ' ບໍ່ມີ', ' ບໍ່ມີ', '2021-05-13', 119),
(296, 190, 2, 6, NULL, NULL, '2021-05-13', ' ແຂງແຮງດີ', ' ບໍ່ມີ', '2021-05-13', 135),
(297, 190, 3, 6, 'ບໍ່ມີ', 'ບໍ່ມີ', '2021-05-13', ' ບໍ່ມີ', ' ບໍ່ມີ', '2021-05-13', 135),
(298, 125, 2, 6, NULL, NULL, '2021-05-13', ' ບໍ່ມີ', ' ບໍ່ມີ', '2021-05-13', 136),
(299, 162, 2, 6, NULL, NULL, '2021-05-13', ' ບໍ່', ' ບໍ່', '2021-05-13', 117),
(300, 162, 3, 6, 'ບໍ່ມີ', 'ບໍ່ມີ', '2021-05-13', ' ບໍ່ມີ', ' ບໍ່ມີ', '2021-05-13', 117),
(301, 140, 2, 6, NULL, NULL, '2021-05-13', ' ສຸຂະພາບແຂງແຮງດີ', ' ບໍ່ມີ', '2021-05-13', 112),
(302, 140, 3, 6, 'ບໍ່ມີ', 'ບໍ່ມີ', '2021-05-13', ' ຄົນໃນຄອບຄົວແຂງແຮງດີ', ' ບໍ່ມີ', '2021-05-13', 112),
(303, 157, 2, 6, NULL, NULL, '2021-05-13', ' ບໍ່ມີ', ' ບໍ່ມີ', '2021-05-13', 121),
(304, 157, 3, 6, 'ບໍ່ມີ', 'ບໍ່ມີ', '2021-05-13', ' ບໍ່ມີ', ' ບໍ່ມີ', '2021-05-13', 121),
(305, 134, 2, 3, NULL, NULL, '2021-05-13', ' ຮູ້ສຶກເປັນຫວັດມີນ້ຳມມູກໜ້ອຍໜຶ່ງຄັນຄໍ', ' ບໍ່ມີ', '2021-05-13', 105),
(306, 134, 3, 6, 'ຄອບຄົວ', 'ຄອບຄົວ', '2021-05-13', ' ຄອບຄົວແຂງແຮງປົກກະຕິ', ' ບໍ່ມີ', '2021-05-13', 105),
(307, 135, 2, 6, NULL, NULL, '2021-05-13', ' ບໍ່ມີ', ' ບໍ່ມີ', '2021-05-13', 133),
(308, 135, 3, 6, 'ບໍ່ມີ', 'ບໍ່ມີ', '2021-05-13', ' ບໍ່ມີ', ' ບໍ່ມີ', '2021-05-13', 133),
(309, 139, 2, 6, NULL, NULL, '2021-05-13', ' ບໍ່ມີ', ' ບໍ່ມີ', '2021-05-13', 140),
(310, 141, 2, 6, NULL, NULL, '2021-05-13', ' บ่อมี', ' ', '2021-05-13', 115),
(311, 128, 2, 6, NULL, NULL, '2021-05-13', ' ບໍ່ມີ', ' ບໍ່ມີ', '2021-05-13', 57),
(312, 135, 2, 6, NULL, NULL, '2021-05-14', ' ບໍ່ມີ', ' ບໍ່ມີ', '2021-05-14', 133),
(313, 135, 3, 6, 'ບໍ່ມີ', 'ບໍ່ມີ', '2021-05-14', ' ບໍ່ມີ', ' ບໍ່ມີ', '2021-05-14', 133),
(314, 125, 2, 6, NULL, NULL, '2021-05-14', ' ບໍ່ມີ', ' ບໍ່ມີ', '2021-05-14', 136),
(315, 190, 2, 6, NULL, NULL, '2021-05-14', ' ແຂງແຮງດີ', ' ບໍ່ມີ', '2021-05-14', 135),
(316, 190, 3, 6, 'ບໍ່ມີ', 'ບໍ່ມີ', '2021-05-14', ' ບໍ່ມີ', ' ບໍ່ມີ', '2021-05-14', 135),
(317, 162, 2, 6, NULL, NULL, '2021-05-14', ' ບໍ່ມີ', ' ບໍ່ມີ', '2021-05-14', 117),
(318, 162, 3, 6, 'ບໍ່ມີ', 'ບໍ່ມີ', '2021-05-21', ' ບໍ່ມີ', ' ບໍ່', '2021-05-14', 117),
(319, 157, 2, 6, NULL, NULL, '2021-05-14', ' ບໍ່ມີ', ' ບໍ່ມີ', '2021-05-14', 121),
(320, 157, 3, 6, 'ບໍ່ມີ', 'ບໍ່ມີ', '2021-05-14', ' ບໍ່ມີ', ' ບໍ່ມີ', '2021-05-14', 121),
(321, 153, 2, 6, NULL, NULL, '2021-05-14', ' ບໍ່ມີ', ' ບໍ່ມີ', '2021-05-14', 119),
(322, 153, 3, 6, 'ບໍ່ມີ', 'ບໍ່ມີ', '2021-05-14', ' ບໍ່ໃ', ' ບໍ່ມີ', '2021-05-14', 119),
(323, 140, 2, 6, NULL, NULL, '2021-05-14', ' ສຸຂະພາບແຂງແຮງດີ', ' ບໍ່ມີ', '2021-05-14', 112),
(324, 140, 3, 6, 'ບໍ່ມີ', 'ບໍ່ມີ', '2021-05-14', ' ຄົນໃນຄອບຄົວແຂງແຮງດີ', ' ບໍ່ມີ', '2021-05-14', 112),
(325, 141, 2, 6, NULL, NULL, '2021-05-13', ' บ่อมี', ' ', '2021-05-14', 115),
(326, 155, 2, 6, NULL, NULL, '2021-05-14', ' ບໍ່ມີ', ' ບໍ່ມີ', '2021-05-14', 141),
(327, 134, 2, 3, NULL, NULL, '2021-05-14', ' ມີອາການຈ່າມມີນ້ຳມູກໜ້ອຍໜຶ່ງ', ' ບໍ່ມີ', '2021-05-14', 105),
(328, 134, 3, 6, 'ຄອບຄົວ', 'ຄອບຄົວ', '2021-05-14', ' ຄອບຄົວແຂງແຮງປົກກະຕິ', ' ບໍ່ມີ', '2021-05-14', 105),
(329, 162, 2, 6, NULL, NULL, '2021-05-15', ' ບໍ່', ' ບໍມີ', '2021-05-15', 117),
(330, 162, 3, 6, 'ບໍ່ມີ', 'ບໍ່ມີ', '2021-05-15', ' ບໍ່', ' ບໍ່', '2021-05-15', 117),
(331, 153, 2, 6, NULL, NULL, '2021-05-15', ' ບໍ່ມີ', ' ບໍ່ມີ', '2021-05-15', 119),
(332, 125, 2, 6, NULL, NULL, '2021-05-15', ' ບໍ່ມີ', ' ບໍ່ມີ', '2021-05-15', 136),
(333, 153, 3, 6, 'ບໍ່ມີ', 'ບໍ່ມີ', '2021-05-15', ' ບໍ່ມີ', ' ບໍ່ມີ', '2021-05-15', 119),
(334, 190, 2, 6, NULL, NULL, '2021-05-15', ' ແຂງແຮງດີ', ' ບໍ່ມີ', '2021-05-15', 135),
(335, 190, 3, 6, 'ບໍ່ມີ', 'ບໍ່ມີ', '2021-05-15', ' ບໍ່ມີ', ' ບໍ່ມີ', '2021-05-15', 135),
(336, 139, 2, 6, NULL, NULL, '2021-05-15', ' ບໍ່ມີ', ' ບໍ່ມີ', '2021-05-15', 140),
(337, 157, 2, 6, NULL, NULL, '2021-05-15', ' ບໍ່ມີ', ' ບໍ່ມີ', '2021-05-15', 121),
(338, 157, 3, 6, 'ບໍ່ມີ', 'ບໍ່ມີ', '2021-05-15', ' ບໍ່ມີ', ' ບໍ່ມີ', '2021-05-15', 121),
(339, 140, 2, 6, NULL, NULL, '2021-05-15', ' ສຸຂະພາບແຂງແຮງດີ', ' ບໍ່ມີ', '2021-05-15', 112),
(340, 140, 3, 6, 'ບໍ່ມີ', 'ບໍ່ມີ', '2021-05-15', ' ຄົນໃນຄອບຄົວແຂງແຮງດີ', ' ບໍ່ມີ', '2021-05-15', 112),
(341, 128, 2, 2, NULL, NULL, '2021-05-15', ' ກິນນຳ້ເຢັນແກ້ອາກາດຮ້ອນເຮັດວຽກຕາກແດດ ເລີຍເຈັບຄໍຄືຈະເປັນອາບີດ້ານ', ' ບໍ່ມີ', '2021-05-15', 57),
(342, 135, 2, 6, NULL, NULL, '2021-05-15', ' ບໍ່ມີ', ' ບໍ່ມີ', '2021-05-15', 133),
(343, 135, 3, 6, 'ບໍ່ມີ', 'ບໍ່ມີ', '2021-05-15', ' ບໍ່ມີ', ' ບໍ່ມີ', '2021-05-15', 133),
(344, 155, 2, 6, NULL, NULL, '2021-05-15', 'ບໍ່ມີ ', ' ບໍ່ມີ', '2021-05-15', 141),
(345, 141, 2, 6, NULL, NULL, '2021-05-15', 'บ่อมี ', ' ', '2021-05-15', 115),
(346, 157, 2, 6, NULL, NULL, '2021-05-16', ' ບໍ່ມີ', ' ບໍ່ມີ', '2021-05-16', 121),
(347, 157, 3, 6, 'ບໍ່ມີ', 'ບໍ່ມີ', '2021-05-16', ' ບໍ່ມີ', ' ບໍ່ມີ', '2021-05-16', 121),
(348, 125, 2, 6, NULL, NULL, '2021-05-16', ' ບໍ່ມີ', ' ບໍ່ມີ', '2021-05-16', 136),
(349, 190, 2, 6, NULL, NULL, '2021-05-16', ' ແຂງແຮງດີ', ' ບໍ່ມີ', '2021-05-16', 135),
(350, 190, 3, 6, 'ບໍ່ມີ', 'ບໍ່ມີ', '2021-05-16', ' ບໍ່ມີ', ' ບໍ່ມີ', '2021-05-16', 135),
(351, 162, 2, 6, NULL, NULL, '2016-05-21', ' ບໍ່', ' ບໍ່', '2021-05-16', 117),
(352, 162, 3, 6, 'ບໍ່ມີ', 'ບໍ່ມີ', '2021-05-16', ' ບໍ່', ' ບໍ່', '2021-05-16', 117),
(353, 135, 2, 6, NULL, NULL, '2021-05-16', ' ບໍ່ມີ', ' ບໍ່ມີ', '2021-05-16', 133),
(354, 135, 3, 6, 'ບໍ່ມີ', 'ໍບໍ່ມີ', '2021-05-16', ' ບໍ່ມີ', ' ບໍ່ມີ', '2021-05-16', 133),
(355, 153, 2, 6, NULL, NULL, '2021-05-16', ' ບໍ່ມີ', ' ບໍ່ມີ', '2021-05-16', 119),
(356, 153, 3, 6, 'ບໍ່ມີ', 'ບໍ່ມີ', '2021-05-16', ' ບໍ່ມີ', ' ບໍ່ມີ', '2021-05-16', 119),
(357, 140, 2, 6, NULL, NULL, '2021-05-16', ' ສຸຂະພາບແຂງແຮງດີ', ' ບໍ່ມີ', '2021-05-16', 112),
(358, 140, 3, 6, 'ບໍ່ມີ', 'ບໍ່ມີ', '2021-05-16', ' ຄົນໃນຄອບຄົວແຂງແຮງດີ', ' ບໍ່ມີ', '2021-05-16', 112),
(359, 139, 2, 6, NULL, NULL, '2021-05-16', ' ບໍ່ມີ', ' ບໍ່ມີ', '2021-05-16', 140),
(360, 128, 2, 4, NULL, NULL, '2021-05-16', ' ເຮັດວຽກບ້ານ ຜະສົມສີມັງເທພື້ນເຮືອນ', ' ບໍ່ມີ', '2021-05-17', 57),
(361, 157, 2, 6, NULL, NULL, '2021-05-17', ' ບໍ່ມີ', ' ບໍ່ມີ', '2021-05-17', 121),
(362, 157, 3, 6, 'ບໍ່ມີ', 'ບໍ່ມີ', '2021-05-17', ' ບໍ່ມີອາການ', ' ບໍ່ມີ', '2021-05-17', 121),
(363, 125, 2, 6, NULL, NULL, '2021-05-17', ' ບໍ່ມີ', ' ບໍ່ມີ', '2021-05-17', 136),
(364, 135, 2, 6, NULL, NULL, '2021-05-17', ' ບໍ່ມີ', ' ບໍ່ມີ', '2021-05-17', 133),
(365, 135, 3, 6, 'ບໍ່ມີ', 'ບໍ່ມີ', '2021-05-17', ' ບໍ່ມີ', ' ບໍ່ມີ', '2021-05-17', 133),
(366, 162, 2, 6, NULL, NULL, '2021-05-17', ' ບໍ່ມີ', ' ບໍ່ມີ', '2021-05-17', 117),
(367, 162, 3, 6, 'ບໍ່ມີ', 'ບໍ', '2021-05-17', ' ບໍ່ມີ', ' ບໍ່ມີ', '2021-05-17', 117),
(368, 153, 2, 6, NULL, NULL, '2021-05-17', ' ບໍ່ມີ', ' ບໍ່ມີ', '2021-05-17', 119),
(369, 153, 3, 6, 'ບໍ່ມີ', 'ບໍ່ມີ', '2021-05-17', ' ບໍ່ມີ', ' ບໍ່ມີ', '2021-05-17', 119),
(370, 190, 2, 6, NULL, NULL, '2021-05-17', ' ແຂງແຮງດີ', ' ບໍ່ມີ', '2021-05-17', 135),
(371, 190, 3, 6, 'ບໍ່ມີ', 'ບໍ່ມີ', '2021-05-17', ' ບໍ່ມີ', ' ບໍ່ມີ', '2021-05-17', 135),
(372, 140, 2, 6, NULL, NULL, '2021-05-17', ' ສຸຂະພາບແຂງແຮງດີ', ' ບໍ່ມີ', '2021-05-17', 112),
(373, 140, 3, 6, 'ບໍ່ມີ', 'ບໍ່ມີ', '2021-05-17', ' ຄົນໃນຄອບຄົວແຂງແຮງດີ', ' ບໍ່ມີ', '2021-05-17', 112),
(374, 139, 2, 4, NULL, NULL, '2021-05-17', ' ເມື່ອຍຕົນໂຕ', ' ບໍ່ມີ', '2021-05-17', 140),
(375, 134, 2, 6, NULL, NULL, '2021-05-17', ' ປົກກະຕິ', ' ບໍ່ມີ', '2021-05-17', 105),
(376, 134, 3, 6, 'ຄອບຄົວ', 'ຄອບຄົວ', '2021-05-17', ' ປົກກະຕິແຂ່ງແຮງ', ' ບໍ່ມີ', '2021-05-17', 105),
(377, 155, 2, 6, NULL, NULL, '2021-05-17', ' ບໍ່ມີບໍ່ມີ', ' ບໍ່ມີ', '2021-05-17', 141),
(378, 125, 2, 6, NULL, NULL, '2021-05-18', ' ບໍ່ມີ', ' ບໍ່ມີ', '2021-05-18', 136),
(379, 128, 2, 6, NULL, NULL, '2021-05-17', ' ບໍ່ມີ', ' ບໍ່ມີ', '2021-05-18', 57),
(380, 157, 2, 6, NULL, NULL, '2021-05-18', ' ບໍ່ມີ', ' ບໍ່ມີ', '2021-05-18', 121),
(381, 157, 3, 6, 'ບໍ່ມີ', 'ບໍ່ມີ', '2021-05-18', ' ບໍ່ມີ', ' ບໍ່ມີ', '2021-05-18', 121),
(382, 140, 2, 6, NULL, NULL, '2021-05-18', ' ສຸຂະພາບແຂງແຮງດີ', ' ບໍ່ມີ', '2021-05-18', 112),
(383, 140, 3, 6, 'ບໍ່ມີ', 'ບໍ່ມີ', '2021-05-18', ' ຄົນໃນຂອບຄົວແຂງແຮງດີ', ' ບໍ່ມີ', '2021-05-18', 112),
(384, 190, 2, 6, NULL, NULL, '2021-05-18', 'ແຂງແຮງ', ' ບໍ່ມີ', '2021-05-18', 135),
(385, 162, 2, 6, NULL, NULL, '2021-05-18', ' ບໍ່', ' ບໍ່', '2021-05-18', 117),
(386, 190, 3, 6, 'ບໍ່ມີ', 'ບໍ່ມີ', '2021-05-18', ' ບໍ່ມີ', ' ບໍ່ມີ', '2021-05-18', 135),
(387, 162, 3, 6, 'ບໍ່ມີ', 'ບໍ່ມີ', '2021-05-18', ' ບໍ່ມີ', ' ບໍ່ມີ', '2021-05-18', 117),
(388, 135, 2, 6, NULL, NULL, '2021-05-18', 'ບໍ່ມີ ', ' ບໍ່ມີ', '2021-05-18', 133),
(389, 135, 3, 6, 'ບໍ່ມີ', 'ບໍ່ມີ', '2021-05-18', ' ບໍ່ມີ', ' ບໍ່ມີ', '2021-05-18', 133),
(390, 155, 2, 6, NULL, NULL, '2021-05-18', ' ບໍ່ມີ', ' ບໍ່ມີ', '2021-05-18', 141),
(391, 134, 2, 6, NULL, NULL, '2021-05-18', ' ປົກກະຕິ', ' ບໍ່ມີ', '2021-05-18', 105),
(392, 134, 3, 6, 'ຄອບຄົວແຂງແຮງ', 'ຄອບຄົວ', '2021-05-18', ' ແຂງແຮງປົກກະຕິ', ' ບໍ່ມີ', '2021-05-18', 105),
(393, 153, 2, 6, NULL, NULL, '2021-05-18', ' ບໍ່ມີ', ' ບໍ່ມີ', '2021-05-18', 119),
(394, 153, 3, 6, 'ບໍ່ມີ', 'ບໍ່ມີ', '2021-05-18', ' ບໍ່ມີ', ' ບໍ່ມິ', '2021-05-18', 119),
(395, 139, 2, 6, NULL, NULL, '2021-05-18', ' ບໍ່ມີ', ' ບໍ່ມີ', '2021-05-18', 140),
(396, 125, 2, 6, NULL, NULL, '2021-05-19', ' ບໍ່ມີ', ' ບໍ່ມີ', '2021-05-19', 136),
(397, 140, 2, 6, NULL, NULL, '2021-05-19', ' ສຸຂະພາບແຂງແຮງດີ', ' ບໍ່ມີ', '2021-05-19', 112),
(398, 140, 3, 6, 'ບໍ່ມີ', 'ບໍ່ມີ', '2021-05-19', ' ຄົນໃນຄອບຄົວແຂງແຮງດີ.', ' ບໍ່ມີ', '2021-05-19', 112),
(399, 190, 2, 6, NULL, NULL, '2021-05-19', ' ແຂງແຮງ', ' ບໍ່ມີ', '2021-05-19', 135),
(400, 190, 3, 6, 'ບໍ່ມີ', 'ບໍ່ມີ', '2021-05-19', ' ບໍ່ມີ', ' ບໍ່ມີ', '2021-05-19', 135),
(401, 139, 2, 6, NULL, NULL, '2021-05-19', ' ບໍ່ມີ', ' ບໍ່ມີ', '2021-05-19', 140),
(402, 134, 2, 6, NULL, NULL, '2021-05-19', ' ປົກກະຕິ', ' ບໍ່ມີ', '2021-05-19', 105),
(403, 134, 3, 6, 'ຄອບຄົວ', 'ຄອບຄົວ', '2021-05-19', ' ປົກກະຕິ', ' ບໍ່ມີ', '2021-05-19', 105),
(404, 162, 2, 6, NULL, NULL, '2021-05-26', ' ບໍ່ມີ', ' ບໍ່ມີ', '2021-05-19', 117),
(405, 162, 3, 6, 'ບໍ່ມີ', 'ບໍ່ມີ', '2021-05-19', ' ບໍ່ມີ', ' ບໍ່ມີ', '2021-05-19', 117),
(406, 157, 2, 6, NULL, NULL, '2021-05-19', ' ບໍ່ມີ', ' ບໍ່ມີ', '2021-05-19', 121),
(407, 157, 3, 6, 'ບໍ່ມີ', 'ບໍ່ມີ', '2021-05-19', ' ບໍ່ມີ', ' ບໍ່ມີ', '2021-05-19', 121),
(408, 155, 2, 6, NULL, NULL, '2021-05-19', ' ບໍ່ມີ', ' ບໍ່ມີ', '2021-05-19', 141),
(409, 135, 2, 6, NULL, NULL, '2021-05-19', ' ບໍ່ມີ', ' ບໍ່ມີ', '2021-05-19', 133),
(410, 135, 3, 6, 'ບໍ່ມີ', 'ບໍ່ມີ', '2021-05-19', ' ບໍ່ມີ', ' ບໍ່ມີ', '2021-05-19', 133),
(411, 128, 2, 6, NULL, NULL, '2021-05-19', ' ບໍ່ມີ', ' ບໍ່ມີ', '2021-05-19', 57),
(412, 125, 2, 6, NULL, NULL, '2021-05-20', ' ບໍ່ມີ', ' ບໍ່ມີ', '2021-05-20', 136),
(413, 140, 2, 6, NULL, NULL, '2021-05-20', ' ສຸຂະພາບແຂງແຮງດີ', ' ບໍ່ມີ', '2021-05-20', 112),
(414, 140, 3, 6, 'ບໍ່ມີ', 'ບໍ່ມີ', '2021-05-20', ' ຄົນໃນຄອບຄົວແຂງແຮງດີ', ' ບໍ່ມີ', '2021-05-20', 112),
(415, 140, 3, 6, 'ບໍ່ມີ', 'ບໍ່ມີ', '2021-05-20', ' ຄົນໃນຄອບຄົວແຂງແຮງດີ', ' ບໍ່ມີ', '2021-05-20', 112),
(416, 190, 2, 6, NULL, NULL, '2021-05-20', ' ແຂງແຮງ', ' ບໍ່ມີ', '2021-05-20', 135),
(417, 190, 3, 6, 'ບໍ່ມີ', 'ບໍ່ມີ', '2021-05-20', ' ບໍ່ມີ', ' ບໍ່ມີ', '2021-05-20', 135),
(418, 157, 2, 6, NULL, NULL, '2021-05-20', ' ບໍ່ມີ', ' ບໍ່ມີ', '2021-05-20', 121),
(419, 157, 3, 6, 'ບໍ່ມີ', 'ບໍ່ມີ', '2021-05-20', ' ບໍ່ມີ', ' ບໍ່ມີ', '2021-05-20', 121),
(420, 139, 2, 6, NULL, NULL, '2021-05-20', ' ບໍ່ມີ', ' ບໍມີ', '2021-05-20', 140),
(421, 155, 2, 6, NULL, NULL, '2021-05-20', ' ບໍ່ມີ', ' ບໍ່ມີ', '2021-05-20', 141),
(422, 162, 2, 6, NULL, NULL, '2021-05-20', ' ບໍ່', ' ບໍ່', '2021-05-20', 117),
(423, 162, 3, 6, 'ບໍ່', 'ບໍ່', '2021-05-20', ' ບໍ່', ' ບໍ່', '2021-05-20', 117),
(424, 125, 2, 6, NULL, NULL, '2021-05-21', ' ບໍ່ມີ', ' ບໍ່ມີ', '2021-05-21', 136),
(425, 162, 2, 6, NULL, NULL, '2021-05-21', ' ບໍ່', ' ບໍ່', '2021-05-21', 117),
(426, 162, 3, 6, 'ບໍ່', 'ບໍ່', '2021-05-21', ' ບໍ່', ' ບໍ່', '2021-05-21', 117),
(427, 140, 2, 6, NULL, NULL, '2021-05-21', ' ສຸຂະພາບແຂງແຮງດີ', ' ບໍ່ມີ', '2021-05-21', 112),
(428, 140, 3, 6, 'ບໍ່ມີ', 'ບໍ່ມີ', '2021-05-21', ' ຄົນໃນຂອບຄົວແຂງແຮງດີ.ຫມົດທຸກຄົນ', ' ບໍ່ມີ', '2021-05-21', 112),
(429, 135, 2, 6, NULL, NULL, '2021-05-21', ' ບໍ່ມີ', ' ບໍ່ມີ', '2021-05-21', 133),
(430, 135, 3, 6, 'ບໍ່ມີ', 'ບໍ່ມີ', '2021-05-21', ' ບໍ່ມີ', ' ບໍ່ມີ', '2021-05-21', 133),
(431, 128, 2, 6, NULL, NULL, '2021-05-21', ' ບໍ່ມີ', ' ບໍ່ມີ', '2021-05-21', 57),
(432, 157, 2, 6, NULL, NULL, '2021-05-21', ' ບໍ່ມີ', ' ບໍ່ມີ', '2021-05-21', 121),
(433, 157, 3, 6, 'ບໍ່ມີ', 'ບໍ່ມີ', '2021-05-21', ' ບໍ່ມີ', ' ບໍ່ມີ', '2021-05-21', 121),
(434, 190, 2, 6, NULL, NULL, '2021-05-21', ' ແຂງແຮງ', ' ບໍ່ມີ', '2021-05-21', 135),
(435, 190, 3, 6, 'ບໍ່ມີ', 'ບໍ່ມີ', '2021-05-21', ' ບໍ່ມີ', ' ບໍ່ມີ', '2021-05-21', 135),
(436, 125, 2, 6, NULL, NULL, '2021-05-22', ' ບໍ່ມີ', ' ບໍ່ມີ', '2021-05-22', 136),
(437, 190, 2, 6, NULL, NULL, '2021-05-22', ' ແຂງແຮງ', ' ບໍ່ມີ', '2021-05-22', 135),
(438, 190, 3, 6, 'ບໍ່ມີ', 'ບໍ່ມີ', '2021-05-22', ' ບໍ່ມີ', ' ບໍ່ມີ', '2021-05-22', 135),
(439, 157, 2, 6, NULL, NULL, '2021-05-22', ' ບໍ່ມີ', ' ບໍ່ມີ', '2021-05-22', 121),
(440, 157, 3, 6, 'ບໍ່ມີ', 'ບໍ່ມີ', '2021-05-22', ' ບໍ່ມີ', ' ບໍ່ມີ', '2021-05-22', 121),
(441, 140, 2, 6, NULL, NULL, '2021-05-22', ' ສຸຂະພາບແຂງແຮງດີ', ' ບໍ່ມີ', '2021-05-22', 112),
(442, 140, 3, 6, 'ບໍ່ມີ', 'ບໍ່ມີ', '2021-05-22', ' ຄົນໃນຄອບຄົວແຂງແຮງດີ. ຫມົດທຸກຄົນ', ' ບໍ່ມີ', '2021-05-22', 112),
(443, 162, 2, 6, NULL, NULL, '2021-05-22', ' ບໍ່', ' ບໍ່', '2021-05-22', 117),
(444, 162, 3, 6, 'ບໍ່', 'ບໍ່', '2021-05-22', ' ບໍ່ມີ', ' ບໍ່', '2021-05-22', 117),
(445, 134, 2, 6, NULL, NULL, '2021-05-22', ' ປົກກະຕິ', ' ບໍ່ມີ', '2021-05-22', 105),
(446, 134, 3, 6, 'ຄອບຄົວ', 'ຄອບຄົວ', '2021-05-22', ' ປົກກະຕິດີແຂງແຮງ', ' ບໍ່ມີ', '2021-05-22', 105),
(447, 135, 2, 6, NULL, NULL, '2021-05-22', ' ບໍ່ມີ', ' ບໍ່ມີ', '2021-05-22', 133),
(448, 135, 3, 6, 'ບໍ່ມີ', 'ບໍ່ມີ', '2021-05-22', ' ບໍ່ມີ', ' ບໍ່ມີ', '2021-05-22', 133),
(449, 190, 2, 6, NULL, NULL, '2021-05-30', ' ແຂງແຮງ', ' ບໍ່ມີ', '2021-05-23', 135),
(450, 190, 3, 6, 'ບໍ່ມີ', 'ບໍ່ມີ', '2021-05-23', ' ບໍ່ມີ', ' ບໍ່ມີ', '2021-05-23', 135),
(451, 135, 2, 6, NULL, NULL, '2021-05-23', ' ບໍ່ມີ', ' ບໍ່ມີ', '2021-05-23', 133),
(452, 135, 3, 6, 'ບໍ່ມີ', 'ບໍ່ມີ', '2021-05-23', ' ບໍ່ມີ', ' ບໍ່ມີ', '2021-05-23', 133),
(453, 128, 2, 6, NULL, NULL, '2021-05-24', ' ບໍ່ມີ', ' ບໍ່ມີ', '2021-05-23', 57),
(454, 125, 2, 6, NULL, NULL, '2021-05-23', ' ບໍ່ມີ', ' ບໍ່ມີ', '2021-05-23', 136),
(455, 162, 2, 6, NULL, NULL, '2021-05-23', ' ບໍ່ມີ', ' ບໍ່ມີ', '2021-05-23', 117),
(456, 162, 3, 6, 'ບໍ່ມີ', 'ບໍ່ມີ', '2021-05-23', ' ບໍ່', ' ບໍ່', '2021-05-23', 117),
(457, 140, 2, 6, NULL, NULL, '2021-05-23', ' ສຸຂະພາບແຂງແຮງດີ', ' ບໍ່ມີ', '2021-05-23', 112),
(458, 140, 2, 6, NULL, NULL, '2021-05-23', ' ສຸຂະພາບແຂງແຮງດີ', ' ບໍ່ມີ', '2021-05-23', 112),
(459, 140, 3, 6, 'ບໍ່ມີ', 'ບໍ່ມີ', '2021-05-23', ' ຄົນໃນຄອບຄົວແຂງແຮງດີ', ' ບໍ່ມີ', '2021-05-23', 112),
(460, 157, 2, 6, NULL, NULL, '2021-05-23', ' ບໍ່ມີ', ' ບໍ່ມີ', '2021-05-23', 121),
(461, 157, 3, 6, 'ບໍ່ມີ', 'ບໍ່ມີ', '2021-05-23', ' ບໍ່ມີ', ' ບໍ່ມີ', '2021-05-23', 121),
(462, 135, 2, 6, NULL, NULL, '2021-05-24', ' ບໍ່ມີ', ' ບໍ່ມີ', '2021-05-24', 133),
(463, 135, 3, 6, 'ບໍ່ມີ', 'ບໍ່ມີ', '2021-05-24', ' ບໍ່ມີ', ' ບໍ່ມີ', '2021-05-24', 133),
(464, 162, 2, 6, NULL, NULL, '2021-05-24', ' ບໍ່', ' ບໍ່', '2021-05-24', 117),
(465, 162, 3, 6, 'ບໍ່', 'ບໍ່', '2021-05-24', ' ບໍ່', ' ບໍ່', '2021-05-24', 117),
(466, 125, 2, 6, NULL, NULL, '2021-05-24', ' ບໍ່ມີ', ' ບໍ່ມີ', '2021-05-24', 136),
(467, 190, 2, 6, NULL, NULL, '2021-05-25', ' ແຂງແຮງ', ' ບໍ່ມີ', '2021-05-25', 135),
(468, 190, 3, 6, 'ບໍ່ມີ', 'ບໍ່ມີ', '2021-05-25', ' ບໍ່ມີ', ' ບໍ່ມີ', '2021-05-25', 135),
(469, 125, 2, 6, NULL, NULL, '2021-05-25', ' ບໍ່ມີ', ' ບໍ່ມີ', '2021-05-25', 136),
(470, 162, 2, 6, NULL, NULL, '2021-05-25', ' ບໍ່', ' ບໍ່', '2021-05-25', 117),
(471, 162, 3, 6, 'ບໍ່', 'ບໍ່', '2025-05-21', ' ບໍ່', ' ບໍ່', '2021-05-25', 117),
(472, 157, 2, 6, NULL, NULL, '2021-05-25', ' ບໍ່ມີ', ' ບໍ່ມີ', '2021-05-25', 121),
(473, 157, 3, 6, 'ບໍ່ມີ', 'ບໍ່ມີ', '2021-05-25', ' ບໍ່ມີ', ' ບໍ່ມີ', '2021-05-25', 121),
(474, 140, 2, 6, NULL, NULL, '2021-05-25', ' ສຸຂະພາບແຂງແຮງດີ', ' ບໍ່ມີ', '2021-05-25', 112),
(475, 140, 3, 6, 'ບໍ່ມີ', 'ບໍ່ມີ', '2021-05-25', ' ຄົນໃນຄອບຄົວແຂງແຮງດີ', ' ບໍ່ມີ', '2021-05-25', 112),
(476, 125, 2, 6, NULL, NULL, '2021-05-26', ' ບໍ່ມີ', ' ບໍ່ມີ', '2021-05-26', 136),
(477, 162, 2, 6, NULL, NULL, '2021-05-26', ' ບໍ່', ' ບໍ່', '2021-05-26', 117),
(478, 162, 3, 6, 'ບໍ່', 'ບໍ່', '2021-05-26', ' ບໍ່', ' ບໍ່', '2021-05-26', 117),
(479, 190, 2, 6, NULL, NULL, '2021-05-26', ' ແຂງແຮງດີ', ' ບໍ່ມີ', '2021-05-26', 135),
(480, 190, 3, 6, 'ບໍ່ມີ', 'ບໍ່ມີ', '2021-05-26', ' ບໍ່ມີ', ' ບໍ່ມີ', '2021-05-26', 135),
(481, 140, 2, 6, NULL, NULL, '2021-05-26', ' ສຸຂະພາບແຂງແຮງດີ', ' ບໍ່ມີ', '2021-05-26', 112),
(482, 140, 3, 6, 'ບໍ່ມີ', 'ບໍ່ມີ', '2021-05-26', ' ຄົນໃນຄອບຄົວແຂງແຮງດີ.', ' ບໍ່ມີ', '2021-05-26', 112),
(483, 157, 2, 6, NULL, NULL, '2021-05-26', ' ບໍ່ມີ', ' ບໍ່ມີ', '2021-05-26', 121),
(484, 157, 3, 6, 'ບໍ່ມີ', 'ບໍ່ມີ', '2021-05-26', ' ບໍ່ມີ', ' ບໍ່ມີ', '2021-05-26', 121),
(485, 125, 2, 6, NULL, NULL, '2021-05-27', ' ບໍ່ມີ', ' ບໍ່ມີ', '2021-05-27', 136),
(486, 190, 2, 6, NULL, NULL, '2021-05-27', ' ແຂງແຮງ', ' ບໍ່ມີ', '2021-05-27', 135),
(487, 190, 3, 6, 'ບໍ່ມີ', 'ບໍ່ມີ', '2021-05-27', ' ບໍ່ມີ', ' ບໍ່ມີ', '2021-05-27', 135),
(488, 157, 2, 6, NULL, NULL, '2021-05-27', ' ບໍ່ມີ', ' ບໍ່ມີ', '2021-05-27', 121),
(489, 157, 3, 6, 'ບໍ່ມີ', 'ບໍ່ມີ', '2021-05-27', ' ບໍ່ມີ', ' ບໍ່ມີ', '2021-05-27', 121),
(490, 140, 2, 6, NULL, NULL, '2021-05-27', ' ສຸຂະພາບແຂງແຮງດີ', ' ບໍ່ມີ', '2021-05-27', 112),
(491, 140, 3, 6, 'ບໍ່ມີ', 'ບໍ່ມີ', '2021-05-27', ' ຄົນໃນຄອບຄົວແຂງແຮງດີ', ' ບໍ່ມີ', '2021-05-27', 112),
(492, 190, 2, 6, NULL, NULL, '2021-05-29', ' ແຂງແຮງ', ' ບໍ່ມີ', '2021-05-28', 135),
(493, 190, 3, 6, 'ບໍ່ມີ', 'ບໍ່ມີ', '2021-06-04', ' ບໍ່ມີ', ' ບໍ່ມີ', '2021-05-28', 135),
(494, 125, 2, 6, NULL, NULL, '2021-05-28', ' ບໍ່ມີ', ' ບໍ່ມີ', '2021-05-28', 136),
(495, 157, 2, 6, NULL, NULL, '2021-05-28', ' ບໍ່ມີ', ' ບໍ່ມີ', '2021-05-28', 121),
(496, 157, 3, 6, 'ບໍ່ມີ', 'ບໍ່ມີ', '2021-05-29', ' ບໍ່ມີ', ' ບໍ່ມີ', '2021-05-28', 121),
(497, 162, 2, 6, NULL, NULL, '2021-05-28', ' ບໍ່', ' ບໍ່', '2021-05-28', 117),
(498, 162, 3, 6, 'ບໍ່', 'ບໍ່', '2021-05-28', ' ບໍ່', ' ບໍ່', '2021-05-28', 117),
(499, 140, 2, 6, NULL, NULL, '2021-05-28', ' ສຸຂະພາບແຂງແຮງດີ', ' ບໍ່ມີ', '2021-05-28', 112),
(500, 140, 3, 6, 'ບໍ່ມີ', 'ບໍ່ມີ', '2021-05-28', ' ຄົນໃນຄອບຄົວແຂງແຮງດີ', ' ບໍ່ມີ', '2021-05-28', 112),
(501, NULL, 2, 6, NULL, NULL, '2021-05-29', ' ແຂງແຮງ', ' ບໍ່ມີ', '2021-05-29', NULL),
(502, 190, 2, 6, NULL, NULL, '2021-05-29', ' ແຂງແຮງ', ' ບໍ່ມີ', '2021-05-29', 135),
(503, 190, 3, 6, 'ບໍ່ມີ', 'ບໍ່ມີ', '2021-05-29', ' ບໍ່ມີ', ' ບໍ່ມີ', '2021-05-29', 135),
(504, 157, 2, 6, NULL, NULL, '2021-05-29', ' ບໍ່ມີ', ' ບໍ່ມີ', '2021-05-29', 121),
(505, 157, 3, 6, 'ບໍ່ມີ', 'ບໍ່ມີ', '2021-05-29', ' ບໍ່ມີ', ' ບໍ່ມີ', '2021-05-29', 121),
(506, 140, 2, 6, NULL, NULL, '2021-05-30', ' ສຸຂະພາບແຂງແຮງດີ', ' ບໍ່ມີ', '2021-05-30', 112),
(507, 140, 3, 6, 'ບໍ່ມີ', 'ບໍ່ມີ', '2021-05-30', ' ຄົນໃນຄອບຄົວແຂງແຮງດີ', ' ບໍ່ມີ', '2021-05-30', 112),
(508, 162, 2, 6, NULL, NULL, '2021-05-31', ' Br', ' Br', '2021-05-30', 117),
(509, 162, 3, 6, 'Br mi', 'Br mi', '2021-05-30', ' Br', ' Br', '2021-05-30', 117),
(510, 157, 2, 6, NULL, NULL, '2021-05-31', ' ບໍ່ມີ', ' ບໍ່ມີ', '2021-05-31', 121),
(511, 157, 3, 6, 'ບໍ່ມີ', 'ບໍ່ມີ', '2021-05-31', ' ບໍ່ມີ', ' ບໍ່ມີ', '2021-05-31', 121),
(512, 162, 2, 6, NULL, NULL, '2021-05-31', ' ບໍ່', ' ບໍ່', '2021-05-31', 117),
(513, 162, 3, 6, 'ບໍ່', 'ບໍ່', '2021-05-31', ' ບໍ່', ' ບໍ່', '2021-05-31', 117);

-- --------------------------------------------------------

--
-- Table structure for table `tbl_symptoms_type`
--

CREATE TABLE `tbl_symptoms_type` (
  `st_id` int(11) NOT NULL,
  `st_name` varchar(250) CHARACTER SET utf8 DEFAULT NULL
) ENGINE=MyISAM DEFAULT CHARSET=latin1;

--
-- Dumping data for table `tbl_symptoms_type`
--

INSERT INTO `tbl_symptoms_type` (`st_id`, `st_name`) VALUES
(1, 'ມີໄຂ'),
(2, 'ເຈັບຄໍ'),
(3, 'ມີນ້ຳມູກ'),
(4, 'ເມື່ອຍ'),
(5, 'ຫາຍໃຈຝືດ'),
(6, 'ບໍ່ມີອາການ'),
(7, 'ອື່ນໆ');

-- --------------------------------------------------------

--
-- Table structure for table `tbl_time_line`
--

CREATE TABLE `tbl_time_line` (
  `tl_id` int(11) NOT NULL,
  `staff_id` int(11) DEFAULT NULL,
  `atv_id` int(11) DEFAULT NULL,
  `location_name` varchar(300) DEFAULT NULL,
  `district_id` int(11) DEFAULT NULL,
  `village_name` varchar(300) DEFAULT NULL,
  `date_atv` date DEFAULT NULL,
  `start_atv` time DEFAULT NULL,
  `stop_atv` time DEFAULT NULL,
  `detail_atv` mediumtext DEFAULT NULL,
  `detail_partnert` mediumtext DEFAULT NULL,
  `date_register` date DEFAULT NULL,
  `add_by` int(11) DEFAULT NULL,
  `partner_symptom` text DEFAULT NULL,
  `own_symptom` text DEFAULT NULL,
  `partner_act` text DEFAULT NULL
) ENGINE=MyISAM DEFAULT CHARSET=utf8;

--
-- Dumping data for table `tbl_time_line`
--

INSERT INTO `tbl_time_line` (`tl_id`, `staff_id`, `atv_id`, `location_name`, `district_id`, `village_name`, `date_atv`, `start_atv`, `stop_atv`, `detail_atv`, `detail_partnert`, `date_register`, `add_by`, `partner_symptom`, `own_symptom`, `partner_act`) VALUES
(1, 111, 1, 'ບໍລິສັດເຄພີ', 6, 'ນາແຮ່', '2021-04-23', '08:00:00', '17:00:00', ' ເຮັດວຽກຢູ່ບໍລິສັດ ', ' ເວລາ​15:20​ນາທີ​ອອກໄປບໍລິສັດໂຕໂຢຕ້າ ກັບເພັດຊາຍວັນ', '2021-04-24', 64, NULL, NULL, NULL),
(2, 111, 1, 'ບໍລິສັດເຄພີ', 6, 'ນາແຮ່', '2021-04-23', '08:00:00', '17:01:00', ' ເຮັດວຽກຢູ່ບໍລິສັດ', ' ', '2021-04-24', 64, NULL, NULL, NULL),
(3, 111, 1, 'ບໍລິສັດເຄພີ', 6, 'ນາແຮ່', '2021-04-24', '08:00:00', '17:00:00', ' ມາເຮັດວຽກປົກກະຕິ ', ' ', '2021-04-24', 64, NULL, NULL, NULL),
(4, 111, 4, 'ນາແຮ່', 6, 'ນາແຮ່', '2021-04-24', '15:20:00', '15:35:00', ' ໄປຊັນເອກະສານ ', ' ກັບາວເພັດຊາຍວັນ', '2021-04-24', 64, NULL, NULL, NULL),
(5, 3, 2, 'ຕະຫຼາດທົ່ງໂປ່ງ', 6, 'ທົ່ງໂປ່ງ', '2021-04-22', '17:25:00', '18:20:00', ' ຊື້ິຜັກປາ / ຫມູ ໄປເຮັດອາຫານ', ' \r\n-\r\n', '2021-04-26', 1, NULL, NULL, NULL),
(6, 3, 1, 'ບໍລິສັດ ເຄພີ ຈຳກັດ', 6, 'ນາແຮ່', '2021-04-22', '07:30:00', '17:05:00', ' ເຮັດວຽກປະຈຳວັນ', ' ພະນັກງານ', '2021-04-26', 1, NULL, NULL, NULL),
(7, 3, 1, 'ບໍລິສັດ ເຄພີ ຈຳກັດ', 6, 'ນາແຮ່', '2021-04-23', '10:20:00', '10:40:00', ' ຫ້ອງກາຮບ້ານນາແຮ່  ຂໍອະນຸມັດການມາເຮັດວຽກໃຫ້ພະນັກງານ', ' ນາຍບ້ານ', '2021-04-26', 1, NULL, NULL, NULL),
(8, 3, 1, 'ຫ້ອງການບ້ານນາແຮ່', 6, 'ນາແຮ່', '2021-04-23', '15:15:00', '15:30:00', ' ຍື່ນເອກະສານຂໍອະນຸມັດ ໃຫ້ພະນັກງານມາເຮັດວຽກໄລຍະ ການຄວບຄຸມການລະບາດ', ' ນາຍບ້ານ', '2021-04-26', 1, NULL, NULL, NULL),
(9, 3, 2, 'ຕະຫຼາດສີໄຄ', 6, 'ສີໄຄ', '2021-04-24', '09:00:00', '10:00:00', ' ຊື້ອາຫານແຫ້ງ ແລະ ວັດຖຸດິບເຮັດອາຫານ', ' -\r\n', '2021-04-26', 1, NULL, NULL, NULL),
(10, 3, 1, 'ບໍລິສັດ ເຄພີ ຈຳກັດ', 6, 'ນາແຮ່', '2021-04-26', '07:40:00', '17:00:00', ' ເຮັດວຽກປະຈຳວັນ', ' ', '2021-04-26', 1, NULL, NULL, NULL),
(11, 3, 4, 'ຫ້ອງການບ້ານນາແຮ່', 6, 'ນາແຮ່', '2021-04-26', '09:00:00', '09:20:00', ' ຍື່ນໜັງສືຂໍອະນຸມັດ ໃຫ້ພະນັກງານມາປະຕິບັດໜ້າທີ່ໄລຍະການຄວບຄຸມພະຍາດລະບາດ', ' ນາຍບ້ານ', '2021-04-26', 1, NULL, NULL, NULL),
(14, 45, 1, 'ບໍລະສັດ ເຄພີ', 6, 'ນາແຮ່', '1970-01-01', '08:00:00', '17:15:00', ' ມາເຮັດວຽກ', ' ', '2021-04-26', 44, NULL, NULL, NULL),
(15, 3, 1, 'ບໍລິສັດ ເຄພີ ຈຳກັດ', 6, 'ນາແຮ່', '2021-04-27', '07:40:00', '17:00:00', ' ປະຕິບັດໜ້າທີ່ປົກກຕິ', ' ພະນັກງານ', '2021-04-27', 1, ' -', ' -', ' -'),
(16, 2, 6, 'ຮ້ານກຽວລ້ຽວນຶງ', 1, 'ວັດຈັນ', '1970-01-01', '12:00:00', '12:30:00', ' ໄປເອົາອາຫານ', ' ນ້ອງສາວ', '2021-04-28', 65, NULL, NULL, NULL),
(17, 126, 6, 'ຢູ່ບ້ານ', 2, 'ຫນອງໃຮ', '2021-04-27', '08:00:00', '17:00:00', ' ເຮັດວຽກຢູ່ບ້ານ', ' ບໍ່ມີ', '2021-04-28', 30, NULL, NULL, NULL),
(18, 3, 1, 'K. P', 6, 'Nahae', '2021-04-28', '07:45:00', '17:00:00', ' ทำงานปกติ', ' พนักงาน', '2021-04-28', 1, NULL, NULL, NULL),
(19, 92, 6, 'ຢູ່ບ້ານ', 5, 'ສຳພັນນາ', '1970-01-01', '00:00:00', '00:00:00', ' ', ' ', '2021-04-28', 3, NULL, NULL, NULL),
(20, 153, 1, 'ບໍລິສັດkp', 6, 'ນາແຮ່', '2021-04-28', '08:00:00', '09:30:00', ' ຂາຍເຄື່ອງ', ' ', '2021-04-28', 119, NULL, NULL, NULL),
(21, 133, 4, 'ທົ່ງສາງນາງ ໂພນຕ້ອງສະຫວາດ ດົງປາແຫຼບ', 1, 'ທົ່ງສາງນາງ ໂພນຕ້ອງສະຫວາດ ດົງປາແຫຼບ', '1970-01-01', '08:00:00', '17:00:00', ' ໄປເກັບເງິນ ແລະ ຂາຍສິນຄ້າ ຢູນິຊາມ', ' ບໍ່ມີ', '2021-04-28', 132, NULL, NULL, NULL),
(22, 190, 1, 'ບ້ານຫນອງພະຍາ', 6, 'ບ້ານຫນອງພະຍາ', '2021-04-28', '10:05:00', '13:14:00', ' ໄປຂາຍເຄື່ອງໃຫ້ລູກຄ້າ', ' ບໍ່ມີ', '2021-04-28', 135, NULL, NULL, NULL),
(23, 119, 1, 'ບໍລິສັດເຄພີ ', 6, 'ນາແຮ່', '2021-04-28', '07:15:00', '10:30:00', ' 07.15-10.30 ແມ່ນເຮັດວຽກຢູ່ໃນຫ້ອງການ\r\n10.30-12.00 ໄປຮ້ານຈັນຫອມ\r\nຕະຫລາດທົ່ງຂັນຄຳມືດ\r\nຕະຫລາດຊັ່ງຈຽງ\r\nຕະຫລາດສີໄຄ\r\n12.30 ຮອດຫ້ອງການສີໄຄ\r\n16.30 ອອກຈາກຫ້ອງການເຄພີ\r\nແວະຊື້ແຫນມເນື່ອງຮຸ່ງນະພາ\r\nແວະຊື້ແນວກິນຢູ່ຕະຫລາດພະຂາວ\r\n17.30 ຮອດບ້ານ', ' ', '2021-04-28', 56, NULL, NULL, NULL),
(24, 147, 6, 'ຢູ່ບ້ານ', 9, 'ຄໍາຮຸ່ງ', '2021-04-28', '08:00:00', '17:00:00', ' ເຮັດວຽກຢູ່ບ້ານ', ' ', '2021-04-28', 37, NULL, NULL, NULL),
(25, 137, 6, 'ຢູ່ບ້ານກັກໂຕ', 6, 'ໝອງສະໂນຄຳ', '2021-04-28', '08:00:00', '18:00:00', ' ກັກໂຕຢູ່ບ້ານ', ' ພໍ່ໂລ້ ທ ພອນສະຫວັນ ນ ສຸກສາຄອນ ນາງ ພູຄຳ ທ້າວ ອຸ້ຍ\r\n ', '2021-04-28', 111, NULL, NULL, NULL),
(26, 170, 6, 'ບ້ານຕົນເອງ', 6, 'ໂພນຄຳ', '2021-04-27', '08:00:00', '17:00:00', ' ຢູ່ບ້ານບໍ່ໄດ້ອອກໄປທາງໃດ', ' ', '2021-04-28', 45, NULL, NULL, NULL),
(27, 175, 6, 'ຢູ່ບ້ານ', 9, 'ຄຳຮຸ່ງ', '2021-04-28', '08:00:00', '17:00:00', ' ', ' ', '2021-04-28', 70, NULL, NULL, NULL),
(28, 141, 4, 'Bank', 8, 'Nongbone', '2021-04-28', '14:30:00', '15:00:00', ' ', ' ', '2021-04-28', 115, NULL, NULL, NULL),
(29, 115, 2, 'ຕະຫລາດສີໄຄ', 6, 'ສີໄຄ', '2021-04-28', '15:00:00', '15:10:00', ' ໄປຊື້ກິນ', '', '2021-04-28', 41, NULL, NULL, NULL),
(30, 141, 2, 'Kokpho', 6, 'Oupmoung', '2021-04-28', '18:00:00', '18:40:00', ' ', ' ', '2021-04-28', 115, NULL, NULL, NULL),
(31, 135, 6, 'ບ້ານ', 6, 'ທົ່ງປົ່ງ', '1970-01-01', '08:00:00', '07:00:00', ' ເຮັດວຽກຢູ່ບ້ານ', ' ຄອບຄົວ', '2021-04-28', 133, NULL, NULL, NULL),
(32, 134, 1, 'ບໍລິສັດເຄພີຈຳກັດ', 6, 'ນາແຮ່', '2021-04-28', '07:54:00', '17:00:00', ' +ເວລາ7:54 ນາທີຮອດຫ້ອງການເຄພີ\r\n8:43ນາທີອອກຈາກບໍລິສັດເຄພີໄປສົ່ງເຄື່ອງຢູ່ໜ້າໂຮງໝໍໜ້າພະຍາ\r\n9:20 ນາທີ ໄປຂາຍເຄື່ອງຢູ່ເມືອງນາຊາຍທອງ ບ້ານນາຂອນ.ບ້ານຫົວຂົວ.ຕະຫລາດຫ້ວຍນ້ຳເຢັນ.ຕະຫລາດສົງເປືອຍ\r\n+ເວລາ14:54 ນາທີຮອດຫ້ອງການເຄພີ\r\n+ເວລາ17:05ນາທີກັບບ້ານ\r\n+ເວລາ17:33ນາທີຮອດບ້ານ\r\nບໍ່ໄດ້ໄປໃສພັກຜ່ອນຢູ່ເຮືອນ', ' ', '2021-04-28', 105, NULL, NULL, NULL),
(33, 136, 1, 'ຮ້ານໂຮມໄອເດຍ', 1, 'ສີຫອມ', '1970-01-01', '00:00:10', '00:01:11', ' ', ' ', '2021-04-28', 137, NULL, NULL, NULL),
(34, 136, 1, 'ຮ້ານໂຮມໄອເດຍ', 1, 'ສີຫອມ', '1970-01-01', '00:00:10', '00:00:11', ' ເພື່ອໄປເຊັກເຄື່ອງທາງຮ້ານຄ້າແລະເອົາອໍເດີ້', ' ', '2021-04-28', 137, NULL, NULL, NULL),
(35, 162, 1, 'ຕະຫຼາດສະພານທອງ', 7, 'ສະພານທອງ', '2021-04-28', '08:00:00', '14:30:00', ' ຂາຍເຄື່ອງ', ' ບໍ່ມີ', '2021-04-28', 117, NULL, NULL, NULL),
(36, 62, 6, 'ຢູ່ບ້ານ', 2, 'ບ້ານກາງ', '2021-04-28', '00:01:00', '23:59:00', ' ', ' ແຟນ\r\n', '2021-04-28', 16, NULL, NULL, NULL),
(37, 121, 6, 'ເຮັດວຽກຢູ່ເຮືອນ ', 6, 'ໂພສີ', '1970-01-01', '08:00:00', '18:00:00', ' ເຮັດວຽກຢູ່ເຮືອນ', ' ', '2021-04-28', 27, NULL, NULL, NULL),
(38, 132, 1, 'ນ ອຸໄລວອນ ສັນຕິສຸກ', 1, 'ຮອ່ງໄກ່ແກ້ວ', '1970-01-01', '08:00:00', '17:11:00', ' ໄປຂາຍເຄືອ່ງ', ' ', '2021-04-28', 116, NULL, NULL, NULL),
(39, 136, 1, 'ຮ້ານໂດຍໄອເດຍ', 1, 'ສີຫອມ', '1970-01-01', '00:00:10', '00:00:11', ' ເພື່ອໄປເຊັກເຄື່ອງທາງຮ້ານຄ້າແລະເອົາອໍເດີ້', ' ນາງແກ້ວ', '2021-04-28', 137, NULL, NULL, NULL),
(40, 132, 1, 'ບໍລິສັດkp', 6, 'ນາແຮ່', '1970-01-01', '08:00:00', '17:00:00', ' ອອກໄປຂາຍເຄືອ່ງ', ' ', '2021-04-28', 116, NULL, NULL, NULL),
(41, 132, 1, 'ບໍລິສັດKp', 6, 'ນາແຮ່', '1970-01-01', '08:00:00', '17:01:00', ' ອອກໄປຂາຍເຄື່ອງ', ' ອອກໄປຂາຍເຄືອງ', '2021-04-28', 116, NULL, NULL, NULL),
(42, 122, 1, 'KP Company', 6, 'ນາແຮ່', '1970-01-01', '08:00:00', '17:00:00', ' ເຮັດວຽກຢູ່ບໍລິສັດ', ' ', '2021-04-28', 55, NULL, NULL, NULL),
(43, 157, 1, 'ໜອງດ້ວງ_ຄຳຮຸ່ງ', 6, 'ໜອງດ້ວງ', '1970-01-01', '07:40:00', '15:05:00', ' ໄປຂາຍເຄຶ່ອງຍູ່ໜອງດ້ວງ_ຄຳຮຸ່ງ', ' ບໍ່ມີ', '2021-04-28', 121, NULL, NULL, NULL),
(44, 125, 1, 'Kp', 6, 'ນາແຮ່', '2021-04-28', '08:00:00', '05:00:00', ' ', ' ', '2021-04-28', 136, NULL, NULL, NULL),
(45, 138, 6, 'ບ້ານ', 6, 'ນາເລົ່າ', '2021-04-28', '08:00:00', '17:00:00', ' ຢູ່ບ້ານ \r\n14:30ຫາ15:30ໄປເກັບເງີນຢູ່ຕະຫຼາດສີໄຄ\r\n15:30 ກັບມາບ້ານ', ' ບໍ່ມີ', '2021-04-28', 139, NULL, NULL, NULL),
(46, 125, 1, 'Kp', 6, 'ນາແຮ່', '2021-04-28', '08:00:00', '05:00:00', ' ', ' ', '2021-04-28', 136, NULL, NULL, NULL),
(47, 150, 1, 'ບໍລິສັດເຄພີຈຳກັດ', 6, 'ນ່າແຮ່', '1970-01-01', '08:00:00', '17:00:00', ' ', ' ', '2021-04-28', 7, NULL, NULL, NULL),
(48, 139, 1, 'ບໍລິສັດkp', 6, 'ນາແຮ່', '2021-04-28', '08:00:00', '06:00:00', 'ເວລາ8:00ຮອດບໍລິສັດkp ເວລາ8:30 ອອກໄປຂາຍເຄື່ອງແທນທ້າວພອນສະຫວັນ ຢູ່ບ້ານເມືອງນ້ອຍ, ບ້ານ ຊຽງດາ ,ບ້ານ ດົງຄຳຊ້າງ ຈົນຮອດເວລາ 13ໂມງຈື່ງໄດ້ກັບບໍລິສັດkp  ຈົນຮອດເວລາ 6:00ຈື່ງໄດ້ກັບມາຫ້ອງພັກ', ' ທ້າວເສີກ ຄົນຂັບລົດ', '2021-04-28', 140, NULL, NULL, NULL),
(49, 128, 1, 'Kp company', 6, 'ນາແຮ່', '1970-01-01', '07:50:00', '17:30:00', ' ເຮັດວຽກໃນຫ້ອງການ', ' ', '2021-04-28', 57, NULL, NULL, NULL),
(50, 128, 1, 'Kp office ', 6, 'ນາແຮ່', '2021-04-28', '19:52:00', '17:30:00', ' ເຮັດວຽນໃນຫ້ອງການ', ' ', '2021-04-28', 57, NULL, NULL, NULL),
(51, NULL, 1, 'ບ້ານ ນາແຮ', 6, 'ບ້ານ ນາແຮ', '1970-01-01', '08:00:00', '19:00:00', ' ເວລາ 8:00 ເຊົ້າ ແມ່ນຮອດຫ້ອງການ\r\nຮອດເວລາ 9:00 ໄດ້ຂີ່ລົດອອກໄປຂາຍເຄື່ອງ.ຢູ່ຕານມີໄຊ. ຫລັງຈາກຂາຍເຄື່ອງຢູ່ບ້ານ ຕານມີໄຊແລ້ວ. ຮອດເລລາ 11:00\r\nໄດ້ຂີ່ລົດຂື້ນໄປ ຂາຍເຄື່ອງຕໍ່ ທີ່ບ້ານດົງໂດກ.ໄຊ້ເວລາຂາຍເຄື່ອງຢູ່ບ້ານ ດົງໂດກ ປະມານ 2 ຊົ່ວ ໂມງ ເຄີ່ງ ຫລັງຈາກນັ້ນໄດ້ແວ່ກິນເຂົ້າ ກັບຄົນຂັບລົດ. ຢຸ່ແຄມທາງ.\r\nກິນເຂົ້າແລ້ວໄດ້ອອກໄປຂາຍເຄື່ອງຕໍ່. ທີ່ບ້ານ ນາທົ່ມ ຈົນຮອດ 3:30 ກໍແລ້ວຈາກການຂາຍເຄື່ອງ. ຫລັງຈາກນັ້ນກໍ່ໄດ້ພາກັນກັບບໍລິສັດ KP ຮອດບໍລິສັດ ແມ່ນເວລາ 4:15 ນາທີ.ແລະ ກໍໄດ້ນັ່ງລົມນຳຫມູ່ຄູ່ຢູ່ຫ້ອງການ. ຮອດໂມງກັບບ້ານ 5:00 ກໍກັບບ້ານ.ຫລັງກັບມາຮອດບ້ານແລ້ວ ກໍຢູ່ບ້ານບໍ່ໄດ້ໄປໃສຕໍ່ ຈົນຮອດປະຈຸບັນ .', ' ', '2021-04-28', NULL, NULL, NULL, NULL),
(52, 53, 6, 'ບ້ານ', 6, 'ທົ່ງປົ່ງ', '1970-01-01', '00:00:00', '12:00:00', ' ຢູ່ບ້ານ', ' ', '2021-04-28', 54, NULL, NULL, NULL),
(53, 151, 1, 'ສີໄຄ', 6, 'ນາແຮ່', '1970-01-01', '08:00:00', '04:00:00', ' ຂາຍເຄື່ອງຕະຫຼາດດອນດອຍເກັບເງີນໝອງໄຮ', 'ບໍ່ມີ ', '2021-04-28', 128, NULL, NULL, NULL),
(54, 54, 1, 'ໂຊລູມໂຕໂຕ້', 7, 'ໂພນສະຫວັນເໜືອ', '2021-03-28', '08:31:00', '16:29:00', ' ໂທຕິດຕາມລູກຄ້າ ແລະ ຈັດເຄື່ອງໂຊໃນໂຊລູມ', ' ນາງ ເພັດສະໝອນ ພະນັກງານນຳກັນ', '2021-04-28', 77, NULL, NULL, NULL),
(55, 67, 1, 'ເຮືອນ', 6, 'ຫນອງແຕ່ງ', '2021-04-28', '00:00:00', '23:55:00', ' ເຮັດວຽກຢູ່ບ້ານ', ' ບໍ່ມີ', '2021-04-28', 14, NULL, NULL, NULL),
(56, 46, 6, 'ບ້ານ', 9, 'ພະຂາວ', '2021-04-28', '08:00:00', '17:00:00', ' ເຮົດວຽກຢູ່ບ້ານ', ' ', '2021-04-28', 9, NULL, NULL, NULL),
(57, 47, 1, 'ບໍລິສັດ ເຄພີ', 6, 'ນາແຮ່', '2021-04-28', '08:00:00', '17:00:00', 'ເຮັດວຽກປະຈຳການປົກກະຕິ', 'ມີພະນັກງານ ທ້າວ ໂອເຄສະ ຫວ່າງອາລົມ ທ້າວ ພຸດທາ ', '2021-04-28', 10, NULL, NULL, NULL),
(58, 68, 1, 'ຫ້ອງການ ບໍລິສັດ ເຄພີ ຈຳກັດ', 6, 'ນາແຮ່', '1970-01-01', '07:01:00', '07:45:00', ' ', ' ', '2021-04-29', 53, NULL, NULL, NULL),
(59, 45, 6, 'AT HOME', 8, 'NAHAE', '1970-01-01', '00:08:00', '00:15:00', ' ', ' ', '2021-04-29', 44, NULL, NULL, NULL),
(60, 181, 6, 'ບ້ານ', 4, 'ນາລ່ຽນ', '1970-01-01', '00:00:00', '00:00:00', 'ຢູ່ບ້ານ ', ' ຄອບຄົວ', '2021-04-29', 83, NULL, NULL, NULL),
(61, 46, 6, 'ຮ້ານຂາຍເຄືອງນາງ ນ້ອຍ', 9, 'ຄຳຮຸ່ງ', '2021-04-28', '17:30:00', '17:35:00', ' ຊື້ເຄື່ອງໃຊ້ໃນບ້ານ ກັບເຂົ້າບ້ານອານະໄມຕົນ ພ້ອມເຄື່ອງທີ່ຊື້ມາດ້ວຍ alcohal', 'ຜູ້ຂາຍ (ຜູ້ຊາຍ)', '2021-04-29', 9, NULL, NULL, NULL),
(62, 3, 1, 'ບໍລິສັດ ເຄພີ ຈຳກັດ', 6, 'ນາແຮ່', '2021-04-28', '07:35:00', '17:00:00', ' ເຮັດວຽກປົກກະຕິ', ' ພະນັກງານ', '2021-04-29', 1, NULL, NULL, NULL),
(63, 3, 1, 'ດ່ານກວດຄົນເຂົ້າ-ອອກ ບ້ານ', 6, 'ໂພສີ', '2021-04-28', '10:00:00', '10:15:00', ' ມອບໜ້າກາກອະນາໄມ + ນ້ຳດື່ມ', ' ທ. ທອງຂັນ + ເຈົ້າໜ້າທີ່', '2021-04-29', 1, NULL, NULL, NULL),
(64, 3, 1, 'ບໍລິສັດ ເຄພີ ຈຳກັດ', 6, 'ນາແຮ່', '2021-04-29', '07:40:00', '17:00:00', ' ເຮັດວຽກປົກກະຕິ', ' ພະນັກງານ', '2021-04-29', 1, NULL, NULL, NULL),
(65, 6, 1, 'ບໍລິສັດ ເຄພີ ຈໍາກັດ', 6, 'ນາແຮ່', '2021-04-28', '08:00:00', '16:00:00', ' ເຮັດວຽກຫ້ອງ ການ', ' ທ່ານ ນ. ສໍາເລີງ', '2021-04-29', 25, NULL, NULL, NULL),
(66, 48, 1, 'ເຄພິ', 6, 'ນາແຮ່', '1970-01-01', '08:00:00', '17:00:00', 'ມາເຮັດວຽກ', ' ', '2021-04-29', 66, NULL, NULL, NULL),
(67, 4, 1, 'ປ້ຳນ້ຳມັນໄພນຕ້ອງ', 1, 'ໂພນຕ້ອງ', '1970-01-01', '07:38:00', '07:45:00', ' ໃສ່ນຳ້ມັນ, ເຂົ້າຈິບຟີ້ຊື້ຜ້າປິດປາກ+ເຂົ້າໝົມ', ' ', '2021-04-29', 78, NULL, NULL, NULL),
(68, 4, 1, 'ບໍລິສັດ ເຄພີ ຈຳກັດ', 6, 'ນາແຮ່', '1970-01-01', '08:10:00', '17:00:00', 'ມາເຮັດປົກກະຕິ ', ' ', '2021-04-29', 78, NULL, NULL, NULL),
(69, 175, 6, 'ບ້ານ', 9, 'ຄຳຮຸ່ງ', '2021-04-29', '08:00:00', '17:00:00', ' ', ' ', '2021-04-29', 70, NULL, NULL, NULL),
(70, 72, 6, 'ບ້ານໂພນສະຫວາດເໜືອ', 6, 'ໂພນສະຫວາດເໜືອ', '2021-04-29', '08:00:00', '04:00:00', ' ', ' ', '2021-04-29', 106, NULL, NULL, NULL),
(71, 92, 6, 'ຢູ່ເຮືອນ', 5, 'ສຳພັນນາ', '2021-04-28', '00:00:00', '00:00:00', ' ນາງ ສາວມາສົ່ງແນວກິນ', ' ', '2021-04-29', 3, NULL, NULL, NULL),
(72, 54, 1, 'ໂຊລູມໂຕໂຕ້', 7, 'ໂພນສະຫວັນເໜືອ', '1970-01-01', '08:30:00', '16:30:00', ' ຈົດລາຍລະອຽດເຄື່ງໃນໂຊລູມແລະໂທຫາລູກຄ້າ', ' ນາງ ເພັດສະໝອນ', '2021-04-29', 77, NULL, NULL, NULL),
(73, 153, 1, 'ບໍລິສັດkp', 6, 'ບ ນາແຮ່', '2021-04-29', '08:00:00', '09:30:00', ' ເຮັດວຽກບໍລິສັດ', ' ', '2021-04-29', 119, NULL, NULL, NULL),
(74, 147, 6, 'ຢູ່ບ້ານໝົດມື້', 9, 'ຄໍາຮຸ່ງ', '2021-04-29', '08:00:00', '17:00:00', ' ເຮັດວຽກຢູ່ບ້ານ', ' ', '2021-04-29', 37, NULL, NULL, NULL),
(75, 126, 6, 'ເວີກຟອມໂຮມ', 2, 'ຫນອງໃຮ', '2021-04-29', '08:00:00', '17:00:00', ' ຢູ່ບ້ານ', ' ', '2021-04-29', 30, NULL, NULL, NULL),
(76, 132, 2, 'ຕະຫຼາດອົກຊີ', 6, 'ໜອງແຕ່ງ', '1970-01-01', '09:30:00', '17:00:00', ' ອອກຂາຍໄປເຄືອ່ງແລະເກັບເງີນ', ' ', '2021-04-29', 116, NULL, NULL, NULL),
(77, 151, 1, 'ສີໄຄ', 6, 'ນາແຮ່', '1970-01-01', '08:00:00', '03:00:00', ' ໄປຂາຍເຄື່ອງ ຢູ່ໂພນປ່າເປົ່າ\r\nເກັບເງີນລູກຄ້າຢູ່ສວນມວນ', ' ບໍ່ມີ', '2021-04-29', 128, NULL, NULL, NULL),
(78, 137, 6, 'ກັກໂຕຢູ່ບ້ານ', 6, 'ໝອງສະໂນຄຳ', '2021-04-29', '07:00:00', '17:00:00', ' ກັກໂຕຢູ່ເຮືອນ', ' ພໍ່ໂລ້ ທ ພອນສະຫວັນ ທ່າວ ນ ສຸກສາຄອນ(ເມຍ) ນ ພູຄຳ ທ ອຸ້ຍ', '2021-04-29', 111, NULL, NULL, NULL),
(79, 157, 1, 'Kp', 6, 'ນາແຮ່', '1970-01-01', '00:00:08', '13:11:00', ' ໄປຂາຍເຄື່ອງຕະຫລາດຂົວດິນ', ' ນຳລູກຄ້າ', '2021-04-29', 121, NULL, NULL, NULL),
(80, 122, 6, 'ຢູ່ບ້ານ', 8, 'ໂພນພະເນົາ', '2021-04-29', '08:00:00', '18:00:00', ' ຢູ່ບ້ານ', ' ', '2021-04-29', 55, NULL, NULL, NULL),
(81, 121, 1, 'ບໍລິສັດເຄພີ', 6, 'ນາແຮ່', '2021-04-29', '08:01:00', '17:29:00', ' ຄີຂາຍ, ເຮັດເອກະສານ', ' ພະນັກງານບໍລິສັດເຄພີ', '2021-04-29', 27, NULL, NULL, NULL),
(82, 125, 1, 'Kp', 6, 'ນາແຮ່', '2021-04-29', '08:00:00', '05:00:00', ' ບໍ່ມີ', ' ບໍ່ມີ', '2021-04-29', 136, NULL, NULL, NULL),
(83, 135, 1, 'ຫ້ອງການ ເຄພີ', 6, 'ທົ່ງປົ່ງ', '2021-04-29', '08:00:00', '05:00:00', ' ເຂົ້າບິນ', ' ', '2021-04-29', 133, NULL, NULL, NULL),
(84, 191, 1, 'ທ້າວ ບຸນມີ ແກ້ວມະນີ', 6, 'ໜອງໜ້ຽວ', '1970-01-01', '07:55:00', '18:00:00', 'ອອກຈາກບ້ານໄປບໍລິສັດ 7:50 ຮອດ 7:55, ໂທຫາລູກຄ້າເອົາອໍເດີຮອດ 9:30 ເລີມອອກໄປຂາຍ 10:00 ຮອດຮ້ານລູກຄ້າ 12:00 ຂາຍແລ້ວ 14:30 ແວ່ກິນເຂົ້າສວຍຢູ່ ຮ້ານເຂົ້າປຽກນາເຄືອ ແລ້ວກັບບໍລິສັດ ຮອດ 16:30 17:30 ກັບບ້າຍ', '', '2021-04-29', 142, NULL, NULL, NULL),
(85, 154, 1, 'ໜອງດວ້ງ', 6, 'ບ້ານ ໜອງດວ້ງ', '1970-01-01', '08:06:00', '408:00:00', ' ຢູ່ບ້ານ', ' ', '2021-04-29', 129, NULL, NULL, NULL),
(86, 190, 1, 'ຫນອງດ້ວງ', 6, 'ບ້ານຫນອງດ້ວງ', '2021-04-29', '09:30:00', '11:30:00', ' ໄປຂາຍເຄື່ອງເກັບເງີນ', ' ບໍ່ມີ', '2021-04-29', 135, NULL, NULL, NULL),
(87, 129, 6, 'ບ້ານຫນອງສ້າງທໍ່', 8, 'ຫນອງສ້າງທໍ່', '1970-01-01', '07:00:00', '18:00:00', ' ຢູ່ບ້ານໂທເອົາອໍເດີ', ' ບໍມີໃຜ', '2021-04-29', 8, NULL, NULL, NULL),
(88, 134, 1, 'ບໍລິສັດເຄພີຈຳກັດ', 6, 'ນາແຮ່', '2021-04-29', '07:44:00', '17:03:00', ' +ເວລາ07:44ຮອດຫ້ອງການເຄພີ\r\n+9:46 ອອກຈາກຫ້ອງການເຄພີ ແວ່ກິນເຂົ້າປຽກສີໄຄທ່າແລ້ວອອກໄປຂາຍເຄື່ອງເມືອງນາຊາຍທອງມີບ້ານສົງເປື້ອນ.ໂພນຄຳ.ນາຂ່າ.ໂພນມ່ວງ.ບ້ານບົວ.ໜອງສະ.ນາດີ.ສີວິໄລ\r\n+16:04ນາທີຮອດຫ້ອງການເຄພີ\r\n+17:03ຈ້ຳໂປ້ອອກຈາກຫ້ອງການເຄພີເພື່ອກັບບ້ານ\r\n+17:43ຮອດເຮືອນພັກຜ່ອນບໍ່ໄດ້ໄປໃສອີກ\r\n', ' ', '2021-04-29', 105, NULL, NULL, NULL),
(89, 133, 4, 'ໄປຍາມລູກຄ້າ ຕາມແຜນຂາຍ', 1, 'ຫນອງທາເໜືອ ຫວ້ຍຫົງ', '1970-01-01', '08:00:00', '17:00:00', 'ໄຜຂາຍສິນຄ້າ unicharm ຕາມແຜນຂາຍແຕ່ລະວັນ ແລະ ເກັບເງິນຕາມຮ້ານຄ້າທີ່ມີຫນີ້', ' ', '2021-04-29', 132, NULL, NULL, NULL),
(90, 130, 1, 'ບໍລິສັດເຄພີ', 6, 'ນາແຮ່', '2021-04-29', '08:00:00', '05:00:00', ' 5:00 ກັບບ້ານ', ' ເພື່ອນຮ່ວມງານ', '2021-04-29', 138, NULL, NULL, NULL),
(91, 138, 1, 'ຕະຫຼາດ', 6, 'ສີໄຄ', '2021-04-29', '08:00:00', '17:00:00', ' 8:00ຫາ9:30ຢູ່ບໍລິສັດເຄພີ\r\n10:11ໄປຫາລູກຄ້າຢູ່ທ່ດຫຼວງ\r\n12:00ກັບບ້ານ\r\n14:30ຫາ16:00ເຂົ້າເກັບເງີນຢູ່ສີໄຄ\r\n17:00ກັບຮອດບ້ານ', 'ບໍ່ມີ ', '2021-04-29', 139, NULL, NULL, NULL),
(92, 119, 6, 'ບ້ານ', 9, 'ບ້ານໂຊກໃຫຍ່', '2021-04-29', '07:30:00', '18:30:00', ' 7:30 ຕັ້ງແຕ່ຕອນນອນ\r\nຢູ່ບ້ານ ບໍ່ໄດ້ອອກໄປໃສ\r\n18:00 ອອກກຳລັງກາຍຢູ່ບ້ານ\r\nບໍ່ໄດ້ໄປໃສ', ' ', '2021-04-29', 56, NULL, NULL, NULL),
(93, 139, 1, 'ບໍລິສັດkp', 6, 'ນາແຮ່', '2021-04-29', '08:00:00', '05:00:00', ' ເຮັດວຽກຢູ່ຫ້ອງການ', ' ທ້າວ ຄຳຮັກ', '2021-04-29', 140, NULL, NULL, NULL),
(94, 53, 6, 'ຢູ່ບ້ານ', 6, 'ທົ່ງປົ່ງ', '1970-01-01', '00:00:00', '23:00:00', ' ເຮັດວຽກຢູ່ບ້ານ', ' ນາງ ປານິນ ດວງປະເສີດ 96868992', '2021-04-29', 54, NULL, NULL, NULL),
(95, 149, 6, 'ສີໄຄ', 6, 'ສີໄຄທົ່ງ', '1970-01-01', '18:30:00', '00:55:00', ' ເຮັດວຽກຢູ່ບ້ານ', ' ບໍມີ', '2021-04-29', 18, NULL, NULL, NULL),
(96, 140, 1, 'ບ້ານ ນາແຮ', 6, 'ບ້ານ ນາແຮ', '1970-01-01', '08:00:00', '19:00:00', ' ເວລາ 8:00 ຫາ 9:30 ແມ່ນຢູ່ຫ້ອງການ ບໍລິສັດ KP 9:35 ແມ່ນອອກໄປຂາຍເຄື່ອງ.ຢູ່ບ້ານ ປາກງື່ມ ເມື່ອງ ໄຊທານີ.ແຂວງນະຄອນຫລວງ.ຈຸດເລີມຕົ້ນຂາຍເຄື່ອງ.ເວລາ 11:15 ແມ່ນລົງຂາຍເຄື່ອງ ຢູ່ບ້ານ ສົມສະຫວັນ ຫລັກ 27.ຮອດເວລາ 12:30 ຂື້ນໄປຂາຍເຄື່ອງຕໍ່ ບ້ານ ພ້າວ ຕາມປົກກະຕິ ຫລັງຈາດຂາຍເຄື່ອງຢູ່ບ້ານ ພ້າວແລ້ວ ໄດ້ຂື້ນໄປຂາຍເຄື່ອງຕໍ່ ທີ່ ປາກງື່ມຕໍ່. ຈົນຮອດເວລາ 3:00 ຈື່ງໄດ້ກັບ ບໍລິສັດ. ຮອດບໍ່ລິສັດແມ່ນ 4:15 ນາທີ່. ຖອກເງີນຫ້ອງການ ກ່ອນກັບບ້ານ. ຮອດບ້ານ 5:00 ມາຮອດກະຢູ່ບ້ານ ຕາມປົກກະຕິ ກັກໂຕຢູ່ບ້ານ ບໍ່ໄດ້ໄປໃສຈົນຮອດເວລາ 19:00', ' ', '2021-04-29', 112, NULL, NULL, NULL),
(97, 53, 6, 'ບ້ານ', 6, 'ທົ່ງປົ່ງ', '2021-04-29', '00:00:00', '23:00:00', ' ເຮັດວຽກຢູ່ບ້ານ', ' ນາງ ປານິນ ດວງປະເສີດ 96868992 ', '2021-04-29', 54, NULL, NULL, NULL),
(98, 162, 2, 'ຕະຫຼາດຂົວດີນ', 7, 'ໜອງຈັນ', '2021-04-29', '00:00:09', '00:00:12', ' ຂາຍເຄື່ອງ', ' ລູກຄ້າ', '2021-04-29', 117, NULL, NULL, NULL),
(99, 2, 6, 'ຊື້ເຄື່ອງ', 1, 'ຝາຍ', '2021-04-29', '15:10:00', '15:45:00', ' ຊື້ເຄື່ອງ', ' ນ້ອງໃພ້', '2021-04-29', 65, NULL, NULL, NULL),
(100, 2, 6, 'ຮ້ານກາເຟ', 1, 'ສີເມືອງ', '2021-04-29', '16:00:00', '16:05:00', ' ຊື່ກາເຟ', ' ', '2021-04-29', 65, NULL, NULL, NULL),
(101, 108, 6, 'ຢູ່ບ້ານ', 9, 'ສີວິໄລ', '1970-01-01', '08:00:00', '05:01:00', ' ', ' ', '2021-04-29', 23, NULL, NULL, NULL),
(102, 141, 1, 'KP company', 6, 'Sikhai', '2021-04-29', '07:30:00', '17:00:00', ' ', ' ', '2021-04-29', 115, NULL, NULL, NULL),
(103, 106, 6, 'ຢູ່ບ້ານ', 6, 'ໂພນສົມບູນ', '1970-01-01', '20:00:00', '17:00:00', ' ຢູ່ບ້ານໝົດມື້', 'ຢູ່ກັບຄອບຄົວ', '2021-04-29', 60, NULL, NULL, NULL),
(104, 7, 6, 'ຢູ່ບ້ານບໍ່ໄດ້ໄປໃສ', 1, 'ໜອງທາໃຕ້', '2021-04-29', '08:00:00', '17:00:00', ' ', ' ', '2021-04-29', 21, NULL, NULL, NULL),
(105, 115, 2, 'ຕະຫລາດສີໄຄ', 6, 'ສີໄຄ', '2021-04-29', '18:30:00', '18:40:00', ' ໄປຊື້ຂອງກິນ', ' ນຳຫມູ່ 1ຄົນ', '2021-04-29', 41, NULL, NULL, NULL),
(106, NULL, 1, 'ບໍລິສັດເຄພີ', 6, 'ນາແຮ່', '2021-04-29', '08:00:00', '05:00:00', ' 5:00 ກັບບ້ານ', ' ເພື່ອນຮ່ວມງານ', '2021-04-29', NULL, NULL, NULL, NULL),
(107, 47, 1, 'ບໍລິສັດເຄພີ', 6, 'ນາແຮ່', '2021-04-29', '08:00:00', '17:00:00', ' ເຮັດວຽກປົກກະຕິ', 'ທ້າວ ໂອເຄ ທ້າວພຸດທາ ', '2021-04-30', 10, NULL, NULL, NULL),
(108, 168, 6, 'ຢູ່ບ້ານ', 8, 'ຮ່ອງແກ', '2021-04-30', '08:00:00', '00:00:00', ' ຢູ່ບ້ານ', ' ຄົນດຽວ', '2021-04-30', 26, NULL, NULL, NULL),
(109, 161, 1, 'สีไถ', 6, 'นาเเร่', '1970-01-01', '192:00:00', '17:00:00', ' ห้องกานหนดมี', ' 02055033031', '2021-04-30', 118, NULL, NULL, NULL),
(110, 45, 2, 'ັຫົວຂັວ', 8, 'ຫົວຂັວ', '1970-01-01', '00:17:10', '00:18:00', ' ຊື້ຂອງກິນ', ' ', '2021-04-30', 44, NULL, NULL, NULL),
(111, 48, 1, 'KP', 6, 'ນາແຮ່', '1970-01-01', '07:10:00', '17:05:00', ' ມາເຮັດວຽກຢູ່ບໍລິສັດເຄພີ', ' ', '2021-04-30', 66, NULL, NULL, NULL),
(112, 46, 6, 'ຢູ່ບ້ານ', 9, 'ພະຂາວ', '2021-04-29', '06:00:00', '19:00:00', ' ເຮັດວຽກຢູ່ບ້ານ', ' ', '2021-04-30', 9, NULL, NULL, NULL),
(113, 111, 6, 'ຢູ່ບ້ານ', 9, 'ຫນອງພະຍາ', '2021-04-29', '08:00:00', '12:00:00', ' ', ' ', '2021-04-30', 64, NULL, NULL, NULL),
(114, 128, 1, 'ເຮັດວຽກຢູ່ບ້ານ', 1, 'ສີສະຫວາດ', '2021-04-29', '08:00:00', '05:01:00', ' ໂທລະສັບຫາລູກຄ້າ ແລະ ທີມງານຂາຍໃນກູ່ມ', ' ', '2021-04-30', 57, NULL, NULL, NULL),
(115, 170, 1, 'ບໍລິສັດ ເຄພີ ຈຳກັດ', 6, 'ນາແຮ່', '2021-04-29', '08:00:00', '17:00:00', ' ໄປເຮັດວຽກຕາມກຳນົດວັນເວລາ', ' ພະນັກງານບັນຊີພາຍໃນພະແນກ', '2021-04-30', 45, NULL, NULL, NULL),
(116, 145, 6, 'ຫ້ອງການ', 6, 'ນາແຮ່', '2021-04-30', '08:00:00', '15:00:00', 'ກວດຍອດຂາຍ ເພື່ອຂາຍມື້ສຸດທ້າຍໃຫ້ໄດ້າຕາມເປົ້າ', ' ທີມງາຍຂາຍ ທີມງານ ຢູນີລີເວີ້', '2021-04-30', 127, NULL, NULL, NULL),
(117, 175, 6, 'ບ້ານ', 9, 'ຄຳຮຸ່ງ', '2021-04-30', '08:00:00', '17:00:00', ' ', ' ', '2021-04-30', 70, NULL, NULL, NULL),
(118, 92, 3, 'ໂຮງຫມໍເມືອງ ສັງທອງ', 5, 'ເພຍລາດ', '2021-04-30', '09:00:00', '11:00:00', 'ຄວບຄົວໄປສັກວັກຊີນ', ' ນ້ອງສາວ ແມ່ ຜົວ', '2021-04-30', 3, NULL, NULL, NULL),
(119, 140, 1, 'ບ້ານ ນາແຮ', 6, 'ບ້ານ ນາແຮ', '2021-04-30', '08:00:00', '17:00:00', ' 8:00 ຮອດຫ້ອງການ.ລະຂື້ນໄປລວມ ຊັ້ນ 2. ຮອດເວລາ 9:00 ໄດ້ອອກໄປຂາຍເຄື່ອງຢູ່ບ້ານເກີດ . ຮອດບ່ອນຂາຍເຄື່ອງແມ່ນ 10:40 ລົງຂາຍເຄື່ອງປົກກະຕິ .ຮອດເວລາ 12:00 ແວກິນເຂົ້າຢູ່ຕະຫລາດບ້ານເກີນ.ພັກພ່ອນຫນ້ອຍຫນື່ງ. ຮອດເວລາ 1:30 ໄດ້ອອກໄປຂາຍເຄື່ອງຕໍ່ ບ້ານປາກກະຍຸງ ຮອດເວລາ 3:20 ຈື່ງກັບບໍລິສັດ KP. ຮອດບໍລິສັດແມ່ນ ເວລາ 16:40 ພັກຜ່ອນຫນື່ງ ຮອດ 17:00 ກັບບ້ານ ປະຈຸບັນຢູ່ບ້ານ ບໍ່ໄດ້ໄປໃສ ກັກໂຕ', ' ບໍ່ມີ', '2021-04-30', 112, NULL, NULL, NULL),
(120, 153, 1, 'ບໍລິສັດເຄພີ', 6, 'ນາແຮ່', '2021-04-30', '08:00:00', '09:30:00', 'ເຄຼຣບີນ ', ' ເຊວ', '2021-04-30', 119, NULL, NULL, NULL),
(121, 162, 2, 'ພະໄຊ-ບຶງຂະຍອງ', 7, 'ພະໄຊ', '2021-04-30', '00:00:09', '00:00:13', ' ຂາຍເຄື່ອງ', ' ລູກຄ້າ', '2021-04-30', 117, NULL, NULL, NULL),
(122, 137, 6, 'ກັກໂຕຢູ່ບ້ານໂທຫາອໍເດີ້', 6, 'ໝອງສະໂນຄຳ', '2021-04-30', '80:00:00', '17:00:00', ' ', ' ', '2021-04-30', 111, NULL, NULL, NULL),
(123, 135, 6, 'ບ້ານ', 6, 'ທົ່ງປົ່ງ', '2021-04-30', '08:00:00', '05:00:00', ' ເຮັດວຽກ', ' ຄົວຄອບ', '2021-04-30', 133, NULL, NULL, NULL),
(124, 190, 1, 'ໄປຂາຍເຄື່ອງແຄມທາງຫນອງດ້ວງ ຊຳເກດ', 6, 'ບ້ານຊຳເກດ', '2021-04-30', '09:30:00', '12:30:00', ' ໄປຂາຍເຄື່ອງເກັບເງິນແຄມທາງຫນອງດ້ວງຊຳເກດ', ' ບໍ່ມີ', '2021-04-30', 135, NULL, NULL, NULL),
(125, 121, 1, 'ບໍລິສັດເຄພີ', 6, 'ນາແຮ່', '2021-04-30', '09:00:00', '17:29:00', 'ເຮັດວຽກປົກກະຕິ', ' ພະນັກບໍລິສັດເຄພີ', '2021-04-30', 27, NULL, NULL, NULL),
(126, 147, 6, 'ຢູ່ບ້ານ', 9, 'ຄໍາຮຸ່ງ', '2021-04-30', '08:00:00', '17:00:00', ' ເຮັດວຽກຢຸ່ບ້ານ', ' ', '2021-04-30', 37, NULL, NULL, NULL),
(127, 125, 1, 'Kp', 6, 'ນາແຮ່', '2021-04-30', '08:00:00', '05:00:00', 'ບໍ່ມີ', ' ບໍ່ມີ', '2021-04-30', 136, NULL, NULL, NULL),
(128, 133, 4, 'ຕາມຮ້ານຄ້າໃນແຜນຂາຍ', 1, 'ໂພນສະຫວ່າງ ສິວິໄລ ຄຳຮຸ່ງ ສາງຄູ ພະຂາວ', '1970-01-01', '08:00:00', '17:00:00', ' ຂາຍສິນຄ້າ unicharm ກວດເຊັກສຕອັກ ແບະ ເກັບເງິນ', ' ', '2021-04-30', 132, NULL, NULL, NULL),
(129, 136, 1, '  Mini bigc', 8, 'ພະຂາວ', '1970-01-01', '00:00:08', '00:00:10', ' ໄປວາວບີນເກັບເງີນຮ້ານຄ້າ', ' ', '2021-04-30', 137, NULL, NULL, NULL),
(130, 134, 1, 'ບໍລິສັດເຄພີຈຳກັດ', 6, 'ນາແຮ່', '2021-04-30', '07:44:00', '17:00:00', '+ເວລາ7:44 ຮອດຫ້ອງການເຄພີ\r\n10:06 ອອກສົ່ງເຄື່ອງຢູ່ໜ້າໂຮງໝໍໜຶ່ງພະຍາ ແລະ ອອກໄປຂາຍເຄື່ອງຢູ່ບ້ານໂນນສະອາດ.ບ້ານອຸດົມຜົນ.ບ້ານລາດຄວາຍ.ບ້ານນາສາລາ.ບ້ານປາກຊາບ\r\n+16:15ກັບຮອດຫ້ອງການເຄພີ\r\n+17:00ກັບບ້ານ +17:44ຮອດເຮືອນບໍ່ໄດ້ໄປໃສອີກ\r\n ', ' ', '2021-04-30', 105, NULL, NULL, NULL),
(131, 122, 1, 'ບໍລິສັດເຄພີ', 6, 'ນາແຮ່', '2021-04-30', '08:00:00', '18:00:00', ' ເຮັດວຽກ', ' ', '2021-04-30', 55, NULL, NULL, NULL),
(132, 136, 1, 'J-mart', 9, 'ສີວິໄລ', '1970-01-01', '01:30:00', '02:30:00', ' ແຈ້ງບີນລູກຄ້າ', ' ', '2021-04-30', 137, NULL, NULL, NULL),
(133, 151, 1, 'ສີໄຄ', 6, 'ນາແຮ່', '1970-01-01', '08:00:00', '04:30:00', '8:00ຢູ່ຫ້ອງການ11,12,1,2,3,ຂາຍເຄື່ອງແຖວໂສກປ່າລວງ ທົ່ງກາງ ຫຼັກ4 ເກັບເງີນຢູ່ຕະຫຼາດສວນມວນ ໂພນປ່າເປົ່າ ', 'ບໍ່ມີ ', '2021-04-30', 128, NULL, NULL, NULL),
(134, 136, 1, 'DLC', 9, 'ຫວຍຫົງ', '1970-01-01', '03:00:00', '04:00:00', ' ວາງບີນລູກຄ້າ', ' ', '2021-04-30', 137, NULL, NULL, NULL),
(135, 154, 1, 'ດອນຂາຊາຍ', 2, 'ດອນຂາຊາຍ', '1970-01-01', '09:05:00', '12:00:00', ' ໄປຫາລູກຄ້າ', ' ບໍ່ມີ', '2021-04-30', 129, NULL, NULL, NULL),
(136, 132, 1, 'ນາແຮ່', 6, 'ນາແຮ່', '1970-01-01', '08:00:00', '17:00:00', ' ອອກໄປຂາຍເຄືອງ', ' ', '2021-04-30', 116, NULL, NULL, NULL),
(137, 136, 1, 'B-mart', 6, 'ທົ່ງປົ່ງ', '1970-01-01', '04:00:00', '04:30:00', ' ເກັບເງີນແລະເຂົ້າມາຫ້ອງການKP', ' ', '2021-04-30', 137, NULL, NULL, NULL),
(138, 138, 1, 'ຮ້ານຄ້າ', 6, 'ສີໄຄ', '2021-04-30', '08:00:00', '17:00:00', ' 8:00ຫາ10:00 ຢູ່ຫອ້ງການເຄພີ\r\n10:00ຫາ11:00 ໄປຮ້ານສົມສັກສີໄຄ\r\n13:00ເຂົ້າໂອນເງີນຢູ່ທະນາຄານການຄ້າສາຂາສີໄຄ\r\n13:30ຫາ16:00ເຂົ້າຕະຫຼາດສີໄຄ\r\n17:00ກັບຮອດບ້ານ', ' ບໍ່ມີ', '2021-04-30', 139, NULL, NULL, NULL),
(139, 119, 1, 'Kp Company', 6, 'ນາແຮ່', '2021-04-30', '07:20:00', '18:30:00', ' 7:30 ຮອດຫ້ອງການເຄພີ\r\n10:30 ອອກໄປຕະຫລາດທົ່ງຂັນຄຳມືດ\r\n11:30 ຢູ່ຕະຫລາດໂພນຕ້ອງ\r\n12:30 ຮອດຫ້ອງການເຄພີ\r\n17:30 ອອກຈາກຫ້ອງການເພື່ອກັບບ້ານ\r\nມາແວະເອົາເຄື່ອງຢູ່ຫນ້າຕະຫລາດທົ່ງຂັນຄຳ\r\n18:30 ຮອດບ້ານ\r\n', ' ', '2021-04-30', 56, NULL, NULL, NULL),
(140, 191, 1, 'ບໍລິສັດເຄພີ', 6, 'ນາແຮ່', '2021-04-30', '07:50:00', '06:00:00', ' ຂາຍເຄື່ອງ', ' ທ້າວບຸນມີ 78201090', '2021-04-30', 142, NULL, NULL, NULL),
(141, 128, 1, 'Kp office', 6, 'ນາແຮ່', '2021-04-30', '08:00:00', '12:00:00', ' ເຮັດວຽນໃນຫ້ອງການ', ' ', '2021-04-30', 57, NULL, NULL, NULL),
(142, 130, 1, 'ບໍລິສັດເຄພີ', 6, 'ນາແຮ່', '1970-01-01', '08:00:00', '06:25:00', ' ຫຼັງຈາກນັ້ນກັບບ້ານ', ' ເພື່ອນຮ່ວມງານ', '2021-04-30', 138, NULL, NULL, NULL),
(143, 128, 6, 'ອອກເກັບເງີນລູກຄ້າ', 4, 'ຫນອງຄັນຄູ', '1970-01-01', '12:00:00', '02:00:00', ' ເກັບເງີນ ແລະ ເອົາອໍເດີ້ລູກຄ້າ ຮ້ານທ້າວພອນ ຫນອງຄັນຄູ', ' ທ້າວ ຄຳຮັກ', '2021-04-30', 57, NULL, NULL, NULL),
(144, 128, 1, 'Kp office', 6, 'ນາແຮ່', '2021-04-30', '02:00:00', '06:00:00', ' ເຮັດວຽງຫ້ອງການ', ' ', '2021-04-30', 57, NULL, NULL, NULL),
(145, 128, 1, 'ນອກສະຖານທີ', 4, 'ຫນອງຄັນຄູ', '2021-04-30', '12:00:00', '02:58:00', ' ເກັບເງີນ ແລະ ເອົາອໍເດີ້ລູກຄ້າ ຮ້ານທ້າວພອນ', ' ທ້າວຄຳຮັກ', '2021-04-30', 57, NULL, NULL, NULL),
(146, 139, 1, 'ບໍລິສັດkp', 6, 'ນາແຮ່', '2021-04-30', '08:00:00', '05:30:00', ' 8:00ຮອດບໍລິສັດ 10:00 ອອກໄປຂາຍເຄື່ອງແລະສົ່ງເຄື່ອງແທນທ້າວພອນສະຫວັນ ບ້ານ ດົງຈອງ ບ້ານ ຄຳສະຫວາດ ບ້ານ ເມືອງນ້ອຍ ບ້ານ ດົງຄຳຊ້າງ ບ້ານ ໜອງໄຮ ບ້ານ ຫ້ອມ ຫຼັງຈາກນັ້ນກັບມາບໍລິສັດ', ' ທ້າວ ເສີກ ', '2021-04-30', 140, NULL, NULL, NULL),
(147, 141, 1, 'KP company', 6, 'Sikhai', '2021-04-30', '08:00:00', '17:00:00', ' ', ' ', '2021-04-30', 115, NULL, NULL, NULL),
(148, 170, 6, 'ຢູ່ບ້ານໂຕເອງ', 6, 'ໂພນຄຳ', '2021-04-30', '08:00:00', '17:00:00', ' ຢູ່ບ້ານບໍ່ໄດ້ອອກໄປທາງໃດ', ' ', '2021-04-30', 45, NULL, NULL, NULL),
(149, 150, 1, 'ບໍລິສັດເຄພີ', 6, 'ນາແຮ່', '2021-04-30', '08:00:00', '19:00:00', ' ', ' ', '2021-04-30', 7, NULL, NULL, NULL),
(150, NULL, 1, 'B-mart', 6, 'ທົ່ງປົ່ງ', '1970-01-01', '04:00:00', '04:30:00', ' ເກັບເງີນແລະເຂົ້າມາຫ້ອງການKP', ' ', '2021-04-30', NULL, NULL, NULL, NULL),
(151, NULL, 1, 'DLC', 9, 'ຫວຍຫົງ', '1970-01-01', '03:00:00', '04:00:00', ' ວາງບີນລູກຄ້າ', ' ', '2021-04-30', NULL, NULL, NULL, NULL),
(152, 175, 6, 'ບ້ານ', 9, 'ຄຳຮຸ່ງ', '2021-05-01', '08:00:00', '17:00:00', ' ', ' ', '2021-05-01', 70, NULL, NULL, NULL),
(153, 47, 7, 'ບ້ານຕົນເອງ', 6, 'ບ້ານວັດໄຕໃຫຍ່ທ່າ', '2021-04-30', '08:00:00', '17:00:00', 'ເຮັດວຽກປະສານງານກັບທີມງານຜ່ານລະບົບຊື່ສານ line ', '', '2021-05-01', 10, NULL, NULL, NULL),
(154, 115, 2, 'ຕະຫລາດສີໄຄ', 6, 'ສີໄຄ', '2021-04-30', '14:20:00', '14:30:00', ' ໄປຊື້ຂອງກິນ', ' ຫມູ່ຄົນ1', '2021-05-01', 41, NULL, NULL, NULL),
(155, 115, 7, 'ບ້ານ', 6, 'ສີໄຄ', '2021-04-30', '08:00:00', '14:00:00', ' ເຮັດວຽກຢູ່ບ້ານ', ' ', '2021-05-01', 41, NULL, NULL, NULL),
(156, 115, 1, 'ບໍລິສັດ ເຄພີ', 6, 'ນາແຮ່', '2021-04-30', '15:30:00', '15:50:00', ' ໄປເອົາເຄື່ອງແຖມສົ່ງລູກຄ້າ ແລະ ເບີ່ງເຄື່ອງຕົວຢ່າງຂອງລູກຄ້າມາສະເຫນິ', ' ', '2021-05-01', 41, NULL, NULL, NULL),
(157, NULL, 1, 'ບໍລິສັດເຄພີ', 6, 'ນາແຮ່', '1970-01-01', '08:00:00', '06:25:00', ' ຫຼັງຈາກນັ້ນກັບບ້ານ', ' ເພື່ອນຮ່ວມງານ', '2021-05-01', NULL, NULL, NULL, NULL),
(158, 67, 6, 'ຢູ່ເຮືອນ', 6, 'ຫນອງແຕ່ງ', '2001-03-05', '00:00:00', '24:00:00', ' ຢູ່ບ້ານ', ' ກັນນ້ອງ', '2021-05-01', 14, NULL, NULL, NULL),
(159, 92, 6, 'ເຮືອນ', 5, 'ສຳພັນນາ', '2021-05-01', '00:00:00', '00:00:00', ' ', ' ກັບຄວບຄົວ', '2021-05-01', 3, NULL, NULL, NULL),
(160, 106, 6, 'ໂພນສົມບູນ', 6, 'ໂພນສົມບູນ', '1970-01-01', '08:01:00', '00:00:05', ' ', ' ', '2021-05-01', 60, NULL, NULL, NULL),
(161, 106, 6, 'ໂພນສົມບູນ', 6, 'ໂພນສົມບູນ', '2021-04-30', '20:00:00', '17:00:00', ' ຍູ່ບ້ານ', ' ', '2021-05-01', 60, NULL, NULL, NULL),
(162, 147, 6, 'ຄໍາຮຸ່ງ', 9, 'ຄໍາຮຸ່ງ', '2021-06-01', '08:00:00', '17:00:00', ' ', ' ', '2021-05-01', 37, NULL, NULL, NULL),
(163, 140, 6, 'ບ້ານ ໂພສີ ', 6, 'ບ້ານ ໂພສີ', '2021-05-01', '06:00:00', '20:00:00', ' ກັກໂຕຢູ່ບ້ານ . ບໍ່ໄດ້ໄປທາງໃດ', ' ', '2021-05-01', 112, NULL, NULL, NULL),
(164, 122, 7, 'ເຮືອນ', 8, 'ໂພນພະເນົາ', '2021-05-01', '08:00:00', '20:00:00', ' ຢູ່ບ້ານ', ' ', '2021-05-01', 55, NULL, NULL, NULL),
(165, 162, 6, 'ວຽງສະຫວັນ', 6, 'ວຽງສະຫວັນ', '2021-05-01', '00:00:08', '00:00:08', ' ຢູ່ບ້ານ', ' ນ້ອງ', '2021-05-01', 117, NULL, NULL, NULL),
(166, 125, 6, 'ທົ່ງປົ່ງ', 6, 'ທົ່ງປົ່ງ', '2021-05-01', '08:00:00', '05:00:00', ' ບໍ່ມີ', ' ບໍ່ມີ', '2021-05-01', 136, NULL, NULL, NULL),
(167, 139, 6, 'ຫ້ອງຂອງຕົນເອງ', 6, 'ໜອງແຕ່ງ', '2021-05-01', '05:00:00', '07:00:00', ' ຢູ່ຫ້ອງໝົດມື້', ' ບໍ່ມີ', '2021-05-01', 140, NULL, NULL, NULL),
(168, 129, 6, 'ບ້ານຫນອງສ້າງທໍ່', 8, 'ຫນອງສ້າງທໍ່', '2021-05-01', '06:00:00', '20:00:00', 'ຢູ່ບ້ານ ', ' ', '2021-05-01', 8, NULL, NULL, NULL),
(169, 132, 6, 'ຮອ່ງໄກ່ແກ້ວ', 1, 'ຮອ່ງໄກ່ແກ້ວ', '1970-01-01', '08:00:00', '17:00:00', ' ຢູ່ບ້ານ', ' ', '2021-05-01', 116, NULL, NULL, NULL),
(170, 126, 6, 'ຫນອງໃຮ', 2, 'ຫນອງໃຮ', '2021-05-01', '08:00:00', '07:00:00', ' ', ' ', '2021-05-01', 30, NULL, NULL, NULL),
(171, 121, 6, 'ເຮືອນຕົວເອງ', 6, 'ໂພສີ', '2021-05-01', '08:00:00', '08:30:00', ' ຢູ່ບ້ານໝົດມື້', ' ຄົນໃນຄອບຄົວ', '2021-05-01', 27, NULL, NULL, NULL),
(172, 157, 6, 'ຈອມມະນີ', 8, 'ຈອມມະນີ', '1970-01-01', '08:50:00', '00:55:00', ' ຍູ່ບ້ານ', ' ບໍ່ມີ', '2021-05-01', 121, NULL, NULL, NULL),
(173, 133, 6, 'ຫນອງບົວທອງ', 6, 'ຫນອງບົວທອງເໜືອ', '1970-01-01', '08:00:00', '24:00:00', ' ຢູ່ບ້ານເພື່ອຊາດ', ' ', '2021-05-01', 132, NULL, NULL, NULL),
(174, 134, 6, 'ບ້ານໜອງດາ', 6, 'ໜອງດາ', '2021-05-01', '07:30:00', '20:25:00', '+ ຢູ່ບ້ານ ພັກຜ່ອນ\r\n+ ເວລາ9:30 ອອກໄປນາຢູ່ບ້ານການຊີ້ເມືອງນາຊາຍທອງ\r\n+20:26 ຢູ່ເຮືອນໜອງດາບໍ່ໄດ້ໄປໃສອີກ\r\n', ' ບໍ່ມີ', '2021-05-01', 105, NULL, NULL, NULL),
(175, 137, 6, 'ບ້ານໝອງສະໂນຄຳ', 6, 'ໝອງສະໂນຄຳ', '2021-05-01', '08:00:00', '17:00:00', ' ', ' ', '2021-05-01', 111, NULL, NULL, NULL),
(176, 128, 6, 'ເຮືອນຕົນເອງ', 1, 'ສີສະຫວາດ', '2021-05-01', '08:00:00', '05:00:00', ' ພັກຜ່ອນ', ' ກັບຄອບຄົວ', '2021-05-01', 57, NULL, NULL, NULL),
(177, 153, 6, 'ວຽງສະຫວັນ', 6, 'ວຽງສະຫວັນ', '2021-05-01', '08:00:00', '20:00:00', 'ຢູ່ບ້ານ ', ' ບໍ່ມີ', '2021-05-01', 119, NULL, NULL, NULL),
(178, 135, 6, 'ບ້ານ', 6, 'ທົ່ງປົ່ງ', '2021-05-01', '06:00:00', '06:00:00', ' ພັກຜ່ອນ', ' ຄອບຄົວ', '2021-05-01', 133, NULL, NULL, NULL),
(179, 154, 6, 'ດອນຂາຊາຍ', 2, 'ດອນຂາຊາຍ', '1970-01-01', '08:00:00', '22:00:00', ' ຢູ່ບ້ານ', ' ບໍ່ມີ', '2021-05-01', 129, NULL, NULL, NULL),
(180, 190, 6, 'ບ້ານຕາດທອງ', 6, 'ບ້ານຕາດທອງ', '2021-05-01', '07:00:00', '20:30:00', ' ນອນຢູ່ບ້ານຫມົດມື້ບໍ່ໄດ້ໄປໃສ', ' ບໍ່ມີ', '2021-05-01', 135, NULL, NULL, NULL),
(181, 170, 6, 'ບ້ານໂພນຄຳ', 6, 'ບ້ານຕົນເອງບໍ່ໄດ້ໄປທາງໃດ', '2021-05-01', '08:00:00', '17:00:00', ' ຢູ່ບ້ານບໍ່ໄດ້ໄປທາງໃດ', ' ', '2021-05-01', 45, NULL, NULL, NULL),
(182, 119, 6, 'ໂຊກໃຫຍ່', 9, 'ໂຊກໃຫຍ່', '2021-05-01', '07:30:00', '06:30:00', ' 07.30 ແມ່ນພັກຜ່ອນຢູ່ບ້ານ\r\n14:00 ອອກໄປຊື້ຫົວອາຫານໃຫ້ໂຕຫມາຢູ່ແຖວວຽງຈັນເຊັນເຕີ\r\nຂາກັບແວະຕະຫລາດໂພນສະຫວ່າງ\r\nແວະຊື້ຢາຢູ່ແຖວຫນ້າໂຮງຫມໍ150ຕຽງ\r\n15:30 ກັບຮອດບ້ານ', ' ', '2021-05-01', 56, NULL, NULL, NULL),
(183, NULL, 1, 'DLC', 9, 'ຫວຍຫົງ', '1970-01-01', '03:00:00', '04:00:00', ' ວາງບີນລູກຄ້າ', ' ', '2021-05-01', NULL, NULL, NULL, NULL),
(184, 136, 8, 'ໂພນປ່າເປົ້າ', 7, 'ບ້ານໂພນປ່າເປົ້າ', '1970-01-01', '08:00:00', '12:00:00', ' ຕື່ນນອນແລ້ວໄປຊື້ຂອງກີນຢູ່ສະພານທອງ', ' ', '2021-05-01', 137, NULL, NULL, NULL),
(185, 136, 8, 'ໂພນປ່າເປົ້າ', 7, 'ໂພນປ່າເປົ້າ', '1970-01-01', '01:00:00', '08:00:00', ' ບໍ່ໄດ້ໄປໃສຢູ່ບ້ານປົກກະຕິ', ' ', '2021-05-01', 137, NULL, NULL, NULL),
(186, 145, 6, 'ດອນກອຍ', 7, 'ດອນກອຍ', '1970-01-01', '09:00:00', '06:00:00', ' ', ' ', '2021-05-01', 127, NULL, NULL, NULL),
(187, NULL, 8, 'ໂພນປ່າເປົ້າ', 7, 'ໂພນປ່າເປົ້າ', '1970-01-01', '01:00:00', '08:00:00', ' ບໍ່ໄດ້ໄປໃສຢູ່ບ້ານປົກກະຕິ', ' ', '2021-05-01', NULL, NULL, NULL, NULL),
(188, 130, 6, 'ເຮືອນ', 9, 'ໜອງພະຍາ', '1970-01-01', '08:00:00', '08:00:00', 'ຢູ່ເຮືອນໝົດມື້ ບໍ່ໄດ້ອອກໄປໃສ ', ' ພໍ່ ແລະ ແມ່', '2021-05-02', 138, NULL, NULL, NULL),
(189, NULL, 6, 'ເຮືອນ', 9, 'ໜອງພະຍາ', '1970-01-01', '08:00:00', '08:00:00', 'ຢູ່ເຮືອນໝົດມື້ ບໍ່ໄດ້ອອກໄປໃສ ', ' ພໍ່ ແລະ ແມ່', '2021-05-02', NULL, NULL, NULL, NULL),
(190, 175, 8, 'ບ້ານ', 9, 'ຄຳຮຸ່ງ', '2021-05-02', '08:00:00', '17:00:00', ' ', ' ', '2021-05-02', 70, NULL, NULL, NULL),
(191, 115, 2, 'ຕະຫລາດສີໄຄ', 6, 'ສີໄຄ', '2021-05-01', '13:00:00', '13:20:00', ' ໄປຊື້ຂອງກິນ', ' ', '2021-05-02', 41, NULL, NULL, NULL),
(192, 115, 2, 'ຕະຫລາດສີໄຄ', 6, 'ສີໄຄ', '2021-05-01', '18:00:00', '18:15:00', ' ໄປຊື້ຂອງກິນ', ' ', '2021-05-02', 41, NULL, NULL, NULL),
(193, 154, 6, 'ດອນຂາຊາຍ', 2, 'ດອນຂາຊາຍ', '1970-01-01', '01:10:00', '12:55:00', ' ບໍ່ມີ', ' ບໍ່ມີ', '2021-05-02', 129, NULL, NULL, NULL),
(194, 92, 6, 'ເຮືອນ', 5, 'ສຳພັນນາ', '1970-01-01', '00:00:00', '00:00:00', ' ນ້ອງສາວມາສົ່ງແນວກິນ', ' ຄວບຄໄວ', '2021-05-02', 3, NULL, NULL, NULL),
(195, 119, 6, 'ບ້ານໂຊກໃຫຍ່', 9, 'ໂຊກໃຫຍ່', '2021-05-02', '19:30:00', '06:30:00', ' 07:30-18:30 ພັກຜ່ອນຢູ່ບ້ານບໍ່ໄດ້ໄປໃສ', ' ', '2021-05-02', 56, NULL, NULL, NULL),
(196, 147, 8, 'ສະກາຍຊຸບເປີມາເກັດ ຕະຫຼາດຕານມີໄຊ', 9, 'ຄໍາຮຸ່ງ', '2021-06-02', '08:00:00', '17:00:00', ' 11-12ໂມງໄປສະກາຍແລະຕະຫຼາດຕານມີໄຊ', ' ', '2021-05-02', 37, NULL, NULL, NULL),
(197, 140, 6, 'ບ້ານ ໂພສີ', 6, 'ບ້ານ ໂພສີ', '2021-05-02', '06:00:00', '19:00:00', ' ກັກໂຕຢູ່ບ້ານ. ບໍ່ໄດ້ໄປໃສ', ' ບໍ່ມີ', '2021-05-02', 112, NULL, NULL, NULL),
(198, 170, 6, 'ບ້ານໂພນຄຳ', 6, 'ບ້ານໂພນຄຳ ບ້ານຕົນເອງ', '2021-05-02', '08:00:00', '17:00:00', ' ຢູ່ບ້ານບໍ່ໄດ້ອອກໄປທາງໃດ', ' ', '2021-05-02', 45, NULL, NULL, NULL),
(199, 122, 6, 'ເຮືອນ', 8, 'ໂພນພະເນົາ', '2021-05-02', '06:00:00', '19:30:00', 'ຢູ່ບ້ານ', ' ', '2021-05-02', 55, NULL, NULL, NULL),
(200, 190, 6, 'ບ້ານຕາດທອງ', 6, 'ບ້ານຕາດທອງ', '2021-05-02', '06:00:00', '23:00:00', ' ນອນຢູ່ບ້ານຫມົດມື້ບໍ່ໄດ້ໄປໃສ', ' ພໍ່ແມ່ລູກນ້ອງຊາຍນ້ອງສາວຄອບຄົວມີ7ຄົນ', '2021-05-02', 135, NULL, NULL, NULL),
(201, 141, 6, 'Oupmoung', 6, 'Oupmoung', '2021-05-02', '06:00:00', '00:00:00', ' ', ' ', '2021-05-02', 115, NULL, NULL, NULL),
(202, 137, 6, 'ບ້ານຫນອງສະໂນຄຳ', 6, 'ໝອງສະໂນຄຳ', '2021-05-02', '06:00:00', '17:00:00', ' ', ' ', '2021-05-02', 111, NULL, NULL, NULL),
(203, 125, 6, 'ທົ່ງປົ່ງ', 6, 'ທົ່ງປົ່ງ', '2021-05-02', '08:00:00', '05:00:00', ' ບໍ່ມີ', ' ບໍ່ມີ', '2021-05-02', 136, NULL, NULL, NULL),
(204, 132, 6, 'ຮ່ອງໄກ່ແກ້ວ', 1, 'ຮອ່ງໄກ້ແກ້ວ', '1970-01-01', '08:00:00', '17:00:00', 'ຢູບ້ານບໍໄດ້ອອກໄປໃສ ', ' ', '2021-05-02', 116, NULL, NULL, NULL),
(205, 138, 6, 'ບ້ານ', 6, 'ນາເລົ່າ', '2021-06-02', '08:00:00', '24:00:00', 'ຢູ່ບ້ານ ', 'ຄອບຄົວນຳກັນ10ຄົນ', '2021-05-02', 139, NULL, NULL, NULL),
(206, 121, 2, 'ຕະຫຼາດສີໄຄ', 6, 'ສີໄຄ', '2021-05-02', '05:15:00', '05:30:00', ' ຊື້ອາຫານ', ' ແມ່ຄ້າຂາຍຊີ້ນແລະຂາຍຜັກ', '2021-05-02', 27, NULL, NULL, NULL),
(207, 129, 6, 'ຫນອງສ້າງທໍ່', 8, 'ຫນອງສ້າງທໍ່', '2021-05-02', '06:00:00', '20:00:00', ' ຢູ່ບ້ານປົກກະຕິ', ' ', '2021-05-02', 8, NULL, NULL, NULL),
(208, 136, 6, 'ໂພນປ່າເປົ້າ', 7, 'ໂພນປ່າເປົ້າ', '1970-01-01', '08:00:00', '11:00:00', ' ໄປຊື້ເຂົ້າປຽກສະພານທອງແລ້ວກັບບ້ານ', ' ', '2021-05-02', 137, NULL, NULL, NULL),
(209, 136, 6, 'ໂພນປ່າເປົ້າ', 7, 'ໂພນປ່າເປົ້າ', '1970-01-01', '12:00:00', '20:00:00', ' ຢູ່ບ້ານປົກກະຕິບໍ່ຫດ້ໄປໃສ', ' ', '2021-05-02', 137, NULL, NULL, NULL),
(210, 135, 6, 'ບ້ານ', 6, 'ທົ່ງປົ່ງ', '2021-05-02', '06:00:00', '06:00:00', ' ເຮັດວຽກ', ' ຄອບຄົວ', '2021-05-02', 133, NULL, NULL, NULL),
(211, 106, 8, 'ຮ້ານຄ້າແຖວບ້ານ', 6, 'ໂພນສົມບູນ', '2021-05-01', '08:00:00', '15:30:00', ' ອອກໄປຊື້ເຄື່ອງຢູ່ຮ້ານຄ້າແຖວບ້ານ', ' ', '2021-05-02', 60, NULL, NULL, NULL),
(212, 133, 6, 'ໜອງບົວທອງ', 6, 'ຫນອງບົວທອງເຫນືອ', '1970-01-01', '08:00:00', '24:00:00', ' ຢູ່ບ້ານເພື່ອຊາດ', ' ', '2021-05-02', 132, NULL, NULL, NULL),
(213, 157, 6, 'ຈອມມະນີ', 8, 'ຈອມມະນີ', '1970-01-01', '08:00:00', '00:50:00', ' ຍູ່ບ້ານ', ' ລູກ', '2021-05-02', 121, NULL, NULL, NULL),
(214, 130, 6, 'ບ້ານ', 9, 'ໜອງພະຍາ', '2021-05-02', '08:00:00', '08:00:00', ' ຢູ່ບ້ານ ບໍ່ໄດ້ໄປໃສ', ' ພໍ່ ແລະ ແມ່', '2021-05-02', 138, NULL, NULL, NULL),
(215, 134, 6, 'ບ້ານໜອງດາ', 6, 'ໜອງດາ', '2021-05-02', '07:00:00', '20:34:00', 'ຢູ່ເຮືອນພັກຜ່ອນ ', ' ບໍ່ມີ', '2021-05-02', 105, NULL, NULL, NULL),
(216, 139, 6, 'ຫ້ອງຕົນເອງ', 6, 'ໜອງແຕ່ງ', '2021-05-02', '05:00:00', '07:00:00', ' ຢູ່ຫ້ອງໝົດມື້', ' ບໍ່ມີ', '2021-05-02', 140, NULL, NULL, NULL),
(217, 191, 6, 'ບ້ານ', 6, 'ໜອງໜ້ຽວ', '2021-05-02', '08:00:00', '18:00:00', ' ຢູ່ບ້ານ', ' ບຸນມີ 88201090', '2021-05-02', 142, NULL, NULL, NULL),
(218, NULL, 6, 'ໂພນປ່າເປົ້າ', 7, 'ໂພນປ່າເປົ້າ', '1970-01-01', '12:00:00', '20:00:00', ' ຢູ່ບ້ານປົກກະຕິບໍ່ຫດ້ໄປໃສ', ' ', '2021-05-02', NULL, NULL, NULL, NULL),
(219, 128, 6, 'ເຮືອນຕົນເອງ', 1, 'ສີສະຫວາດ', '2021-05-02', '01:00:00', '12:00:00', ' ຜ່ອນຜ່ອນຢູ່ເຮືອນ 24 ຊົວໂມງ', ' ກັບຄອບຄົວ', '2021-05-02', 57, NULL, NULL, NULL),
(220, 153, 6, 'ວຽງສະຫວັນ', 6, 'ວຽງສະຫວັນ', '2021-05-02', '08:00:00', '19:00:00', 'ຢູ່ບ້ານ ', ' ບໍ່ມີ', '2021-05-03', 119, NULL, NULL, NULL),
(221, 175, 8, 'ບ້ານ', 9, 'ຄຳຮຸ່ງ', '2021-05-03', '08:00:00', '17:00:00', ' ', ' ', '2021-05-03', 70, NULL, NULL, NULL),
(222, 92, 6, 'ເຮືອນ', 5, 'ສຳພັນນາ', '2003-05-21', '00:00:00', '00:00:00', ' ', ' ຄວບຄົວ', '2021-05-03', 3, NULL, NULL, NULL),
(223, 147, 6, 'ຢູ່ບ້ານ', 9, 'ຄໍາຮຸ່ງ', '1970-01-01', '08:00:00', '17:00:00', ' ຢູ່ບ້ານໝົດມື້', ' ', '2021-05-03', 37, NULL, NULL, NULL),
(224, 140, 6, 'ບ້ານ ໂພສີ', 6, 'ບ້ານ ໂພສີ', '2021-05-03', '06:00:00', '19:00:00', 'ຢູ່ບ້ານ ກັກໂຕ. ບໍ່ໄດ້ໄປທາງໃດ', ' ບໍ່ມີ', '2021-05-03', 112, NULL, NULL, NULL),
(225, 137, 6, 'ໝອງສະໂນຄຳ', 6, 'ໝອງສະໂນຄຳ', '2021-05-03', '07:00:00', '17:00:00', ' ', ' ', '2021-05-03', 111, NULL, NULL, NULL),
(226, 106, 6, 'ບ້ານໂພນສົມບູ', 6, 'ໂພນສົມບູ', '2021-05-03', '08:00:00', '17:00:00', ' ຢູ່ບ້ານ', ' ', '2021-05-03', 60, NULL, NULL, NULL),
(227, 154, 6, 'ດອນຂາຊາຍ', 2, 'ດອນຂາຊາຍ', '1970-01-01', '08:11:00', '12:16:00', ' ຢູ່ບ້ານ', ' ບໍ່ມີ', '2021-05-03', 129, NULL, NULL, NULL),
(228, 132, 6, 'ຮ່ອງໄກາແກ້ວ', 1, 'ຮ່ອງໄກ່ແກ້ວ', '1970-01-01', '08:00:00', '17:00:00', ' ຢູ່ບ້ານ', ' ', '2021-05-03', 116, NULL, NULL, NULL),
(229, 162, 6, 'ວຽງສະຫວັນ', 6, 'ວຽງສະຫວັນ', '2021-05-03', '00:00:08', '00:00:20', ' ບໍ່ມີ', ' ບໍ່ມີ', '2021-05-03', 117, NULL, NULL, NULL),
(230, 157, 6, 'ຈອມມະນີ', 8, 'ຈອມມະນີ', '1970-01-01', '08:00:00', '13:00:00', ' ຍູ່ບ້ານ', ' ລູກສາວ', '2021-05-03', 121, NULL, NULL, NULL),
(231, 157, 6, 'ຈອມມະນີ', 8, 'ຈອມມະນີ', '1970-01-01', '08:00:00', '13:00:00', ' ຍູ່ບ້ານ', ' ລູກສາວ', '2021-05-03', 121, NULL, NULL, NULL),
(232, 125, 6, 'ທົ່ງປົ່ງ', 6, 'ທົ່ງປົ່ງ', '2021-05-03', '08:00:00', '05:00:00', ' ບໍ່ມີ', ' ບໍ່ມີ', '2021-05-03', 136, NULL, NULL, NULL),
(233, 130, 6, 'ບ້ານ', 9, 'ໜອງພະຍາ', '2021-05-03', '08:00:00', '08:01:00', ' ຢູ່ບ້ານ ບໍ່ໄດ້ອອກໄປໃສ', ' ພໍ່ ແລະ ແມ່', '2021-05-03', 138, NULL, NULL, NULL),
(234, 135, 7, 'ບ້ານ', 6, 'ທົ່ງປົ່ງ', '2021-05-03', '06:00:00', '06:00:00', ' ເຮັດວຽກ', 'ຄອບຄົວ ', '2021-05-03', 133, NULL, NULL, NULL),
(235, 153, 6, 'ວຽງສະຫວັນ', 6, 'ວຽງສະຫວັນ', '2021-05-03', '08:00:00', '19:36:00', ' ຢູ່ບ້ານ', ' ບໍ່ມີ', '2021-05-03', 119, NULL, NULL, NULL),
(236, 121, 6, 'ເຮືອນ', 6, 'ໂພສີ', '2021-05-03', '06:01:00', '07:00:00', ' ຢູ່ເຮືອນ', ' ຄົນໃນຄອບຄົວ', '2021-05-03', 27, NULL, NULL, NULL),
(237, 136, 6, 'ໂພນປ່າເປົ້າ', 7, 'ໂພນປ່າເປົ້າ', '1970-01-01', '08:00:00', '11:00:00', ' ໄປຊື້ຂອງກີນຢູ່ຕະຫລາດສະພານທອງ', ' ', '2021-05-03', 137, NULL, NULL, NULL),
(238, 136, 6, 'ໂພນປ່າເປົ້າ', 7, 'ໂພນປ່າເປົ້າ', '1970-01-01', '12:00:00', '20:00:00', ' ຢູ່ບ້ານປົກກະຕິ', ' ', '2021-05-03', 137, NULL, NULL, NULL),
(239, 128, 6, 'ເຮືອນຕົນເອງ', 1, 'ສີສະຫວາດ', '2021-05-03', '01:00:00', '12:00:00', ' ກັກໂຕຢູ່ບ້ານຊ່ວຍຊາດ', ' ກັບຄອບຄົວ', '2021-05-03', 57, NULL, NULL, NULL),
(240, 141, 6, 'Oupmoung', 6, 'Oupmoung', '2021-05-03', '00:00:00', '12:00:00', ' ', ' ', '2021-05-03', 115, NULL, NULL, NULL),
(241, 190, 6, 'ບ້ານຕາດທອງ', 6, 'ບ້ານຕາດທອງ', '2021-05-03', '06:00:00', '00:00:00', ' ນອນຢູ່ບ້ານຫມົດມື້', ' ຄອບຄົວມີ7ຄົນ', '2021-05-03', 135, NULL, NULL, NULL),
(242, 119, 6, 'ບ້ານໂຊກໃຫຍ່', 9, 'ບ້ານໂຊກໃຫຍ່', '2021-05-03', '07:30:00', '07:30:00', '07:30 -18:30 ແມ່ນຕື່ນ ແລະ ເຮັດກິດຈະກຳຕ່າງໆຢູ່ບ້ານ ບໍ່ໄດ້ອອກໄປໃສ', ' ', '2021-05-03', 56, NULL, NULL, NULL),
(243, 139, 6, 'ຫ້ອງຕົນເອງ', 6, 'ໜອງແຕ່ງ', '2021-05-03', '08:00:00', '07:00:00', ' ຢູ່ຫ້ອງ', ' ບໍ່ມີ', '2021-05-03', 140, NULL, NULL, NULL),
(244, 133, 6, 'ໜອງບົວທອງ', 6, 'ໜອງບົວທອງເໜືອ', '1970-01-01', '08:00:00', '24:00:00', ' ຢູ່ບ້ານເພື່ອຊາດ #SaveLao', ' ', '2021-05-03', 132, NULL, NULL, NULL),
(245, 138, 6, 'ບ້ານ', 6, 'ນາເລົ່າ', '2021-06-03', '08:00:00', '24:00:00', ' ຢູ່ບ້ານ', ' ກັບຄອບຄົວ', '2021-05-03', 139, NULL, NULL, NULL),
(246, 134, 6, 'ໜອງດາ', 6, 'ໜອງດາ', '2021-05-03', '07:30:00', '20:52:00', 'ຢູ່ເຮືອນພັກຜ່ອນ ', ' \r\nບໍ່ມີ\r\n\r\n', '2021-05-03', 105, NULL, NULL, NULL),
(247, 122, 6, 'ຢູ່ບ້ານ', 8, 'ໂພນພະເນົາ', '2021-05-03', '06:00:00', '21:00:00', ' ຢຸ່ບ້ານ', ' ', '2021-05-03', 55, NULL, NULL, NULL),
(248, NULL, 6, 'ບ້ານໂພນຄຳ', 6, 'ບ້ານໂພນຄຳ ບ້ານຕົນເອງ', '2021-05-02', '08:00:00', '17:00:00', ' ຢູ່ບ້ານບໍ່ໄດ້ອອກໄປທາງໃດ', ' ', '2021-05-04', NULL, NULL, NULL, NULL),
(249, 170, 6, 'ບ້ານຕົນເອງ', 6, 'ໂພນຄຳ', '2021-05-03', '08:00:00', '17:00:00', ' ຢູ່ບ້ານບໍ່ໄດ້ອອກໄປທາງໃດ', ' ', '2021-05-04', 45, NULL, NULL, NULL),
(250, NULL, 6, 'ບ້ານ', 9, 'ໜອງພະຍາ', '2021-05-03', '08:00:00', '08:01:00', ' ຢູ່ບ້ານ ບໍ່ໄດ້ອອກໄປໃສ', ' ພໍ່ ແລະ ແມ່', '2021-05-04', NULL, NULL, NULL, NULL),
(251, NULL, 6, 'ດອນກອຍ', 7, 'ດອນກອຍ', '1970-01-01', '09:00:00', '06:00:00', ' ', ' ', '2021-05-04', NULL, NULL, NULL, NULL),
(252, 92, 8, 'ເຮືອນ', 5, 'ສຳພັນນາ', '2021-05-04', '00:00:00', '00:00:00', ' ', ' ຄວບຄົວ', '2021-05-04', 3, NULL, NULL, NULL),
(253, NULL, 6, 'ບ້ານຕົນເອງ', 6, 'ໂພນຄຳ', '2021-05-03', '08:00:00', '17:00:00', ' ຢູ່ບ້ານບໍ່ໄດ້ອອກໄປທາງໃດ', ' ', '2021-05-04', NULL, NULL, NULL, NULL),
(254, 154, 1, 'ໜອງບົວທອງ', 6, 'ຮອງຄ້າ', '1970-01-01', '09:05:00', '12:06:00', 'ມາ ຂາຍເຄືອງ', ' ບໍ່ມີ', '2021-05-04', 129, NULL, NULL, NULL),
(255, 132, 1, 'ບໍລິສັດkp', 6, 'ນາແຮ່', '1970-01-01', '08:00:00', '17:00:00', ' ອອກໄປຂາຍເຄື່ອງແລະເກັບເງີນຕາມຕະຫຼາດແລະແຄມທາງ', ' ບໍມີ', '2021-05-04', 116, NULL, NULL, NULL),
(256, 132, 1, 'ບໍລິສັດkp', 6, 'ນາແຮ່', '1970-01-01', '08:00:00', '17:00:00', ' ອອກໄປຂາຍເຄື່ອງແລະເກັບເງີນຕາມຕະຫຼາດແລະແຄມທາງ', ' ບໍມີ', '2021-05-04', 116, NULL, NULL, NULL),
(257, 125, 1, 'kp', 6, 'ນາແຮ່', '2021-05-04', '08:00:00', '05:00:00', ' ບໍ່ມີ', ' ບໍ່ມີ', '2021-05-04', 136, NULL, NULL, NULL),
(258, 190, 1, 'ຕະລາດຫນອງດ້ວງ', 6, 'ບ້ານຫນອງດ້ວງ', '2021-05-04', '09:30:00', '12:30:00', ' ໄປຂາຍເຄື່ອງເກັບເງິນລູກຄ້່າ', ' ບໍ່ມີ', '2021-05-04', 135, NULL, NULL, NULL),
(259, 122, 1, 'ບໍລິສັດເຄພີ', 6, 'ນາແຮ່', '2021-05-04', '08:00:00', '16:30:00', ' ເຮັດວຽກ', ' ', '2021-05-04', 55, NULL, NULL, NULL),
(260, 137, 1, 'ບໍລີສັດເຄພີ', 6, 'ນາແຮ່', '2021-05-04', '07:40:00', '17:00:00', 'ໄປຂາຍເຄື່ອງ ', ' ', '2021-05-04', 111, NULL, NULL, NULL),
(261, 191, 1, 'ບໍລິສັດເຄພີ', 6, 'ນາແຮ່', '2021-05-04', '07:50:00', '18:00:00', ' ໄປຂາຍເຄື່ອງຢູ່ຫຼັກ52', ' ບຸນມີ 78201090', '2021-05-04', 142, NULL, NULL, NULL),
(262, 121, 6, 'ບ້ານຕົວເອງ', 6, 'ໂພສີ', '2021-05-04', '08:00:00', '20:00:00', ' ເຮັດວຽກຢູ່ບ້ານ ແລະ ຊ່ໃນເວລາ 14:00--15:00 ໄດ້ໄປສັກວັກຊີນປ້ອງກັນໂຄວິດຢູ່ໂຮງໝໍທະຫານ ບ້ານໜອງໜ້ຽວ ເມືອງສີໂຄດຕະບອງ', ' ທ່ານໝໍ ແລະ ປະຊາຊົນຜູ້ທີ່ໄປສັກວັກຊີນ ປະມານ 20ຄົນເຊີ່ງໄດ້ເວັ້ນໄລຍະຫ່າງ1ແມັດ', '2021-05-04', 27, NULL, NULL, NULL),
(263, 153, 1, 'ບໍລິສັດkp', 6, 'ນາແຮ່', '2021-05-04', '08:00:00', '10:00:00', ' ເຮັດວຽກ', ' ', '2021-05-04', 119, NULL, NULL, NULL),
(264, NULL, 6, 'ໂພນປ່າເປົ້າ', 7, 'ໂພນປ່າເປົ້າ', '1970-01-01', '12:00:00', '20:00:00', ' ຢູ່ບ້ານປົກກະຕິ', ' ', '2021-05-04', NULL, NULL, NULL, NULL),
(265, 140, 1, 'ບ້ານ ນາແຮ', 6, 'ບ້ານ ນາແຮ', '2021-05-04', '06:00:00', '20:00:00', ' 8:00 ຮອດຫ້ອງການ\r\n9:00 ກຽມອອກໄປຂາຍເຄື່ອງ.ບ້ານ ທ່າງອນ.ໄຊທານີ\r\n10:00 ຮອດບ່ອນຂາຍເຄື່ອງ. ຕະຫລາດທ່າງອນ\r\n11:30 ແວ່ກິນເຂົ້າ\r\n1:30 ຂາຍເຄື່ອງຕໍ່ບ້ານ ເວີນຄຳ\r\n3:00 ກັບຫ້ອງການ\r\n4:15 ຮອດຫ້ອງການ.ຖອກເງີນ\r\n5:00 ກັບບ້ານ.ຈົນມາຮອດ 8:00 ແມ່ນກັກໂຕຢູ່ບ້ານ ບໍ່ໄດ້ໄປທາງໃດ', ' ບໍ່ມີ', '2021-05-04', 112, NULL, NULL, NULL),
(266, 136, 1, 'B-mart', 6, 'ທົ່ງປົ່ງ', '1970-01-01', '09:00:00', '10:00:00', ' ໄປກວດເຄື່ອງແລະເອົາອໍເດີ້', ' ', '2021-05-04', 137, NULL, NULL, NULL),
(267, 139, 1, 'ບໍລິສັດkp', 6, 'ນາແຮ່', '2021-05-04', '08:00:00', '05:00:00', ' ຢູ່ຫ້ອງການ', ' ທີມງານບໍລິສັດ', '2021-05-04', 140, NULL, NULL, NULL),
(268, 136, 1, 'ຮ້ານ ພີມາກ-ພາກຊັນ', 1, 'ໜອງຈັນ', '1970-01-01', '11:00:00', '12:00:00', ' ໄປວາງບີນແລະເຊັກເຄື່ອງ', ' ', '2021-05-04', 137, NULL, NULL, NULL),
(269, 162, 2, 'ສະພານທອງ', 7, 'ສະພານທອງ', '2021-05-04', '00:00:08', '00:00:15', ' ຄ້າເຄື່ອງ', ' ລູກຄ້າ', '2021-05-04', 117, NULL, NULL, NULL),
(270, 170, 1, 'ບໍລິສັດເຄພີຈຳກັດ', 6, 'ນາແຮ່', '2021-05-04', '08:00:00', '17:00:00', ' ໄປເຮັດວຽກຕາມກຳນົດເວລາ', ' ພະນັກງານພະແນກບັນຊີ ການເງິນ', '2021-05-04', 45, NULL, NULL, NULL),
(271, 183, 1, 'ສີສະຫວາດ', 1, 'ສີສະຫວາດ', '1970-01-01', '09:00:00', '04:12:00', ' ໄປຂາຍເຄື່ອງ', ' ບໍ່ມີ', '2021-05-04', 124, NULL, NULL, NULL),
(272, 135, 1, 'ຫ້ອງການເຄພິ', 6, 'ນາແຮ່', '2021-05-04', '08:00:00', '23:00:00', ' ', ' ', '2021-05-04', 133, NULL, NULL, NULL),
(273, 128, 1, 'ບໍລິສັດ ເຄພີ', 6, 'ນາແຮ່', '2021-05-04', '07:56:00', '06:00:00', 'ສະຫລູບຍອດຂາຍ ທີຫ້ອງການເຄພີ', ' ພະນັກງານໃນພະແນກ', '2021-05-04', 57, NULL, NULL, NULL),
(274, 149, 1, 'ບໍລິສັດເຄພີ', 6, 'ນາແຮ່', '1970-01-01', '08:00:00', '05:00:00', ' ໄປເຮັດວຽກ', ' ພະນັກງານ5-6', '2021-05-04', 18, NULL, NULL, NULL),
(275, 136, 1, 'ໂພນປ່າເປົ້າ', 7, 'ໂພນປ່າເປົ້າ', '1970-01-01', '04:00:00', '05:00:00', ' ກັບບ້ານ', ' ', '2021-05-04', 137, NULL, NULL, NULL),
(276, 134, 1, 'ບໍລິສັດເຄພີຈຳກັດ', 6, 'ນາແຮ່', '2021-05-04', '07:54:00', '17:00:00', '+ເວລາ7:54 ຮອດຫ້ອງການເຄພີ\r\n+ເວລາ9:30ອອກຈາກຫ້ອງການໄປຂາຍເຄື່ອງມີບ້ານໃໝ່.ບ້ານອ່າງໃຫຍ່.ບ້ານສຳພັນນາ.ບ້ານເພຍລາດ.ບ້ານໄຮ່ໃຕ້.ບ້ານໂຄກເພີງ.ບ້ານປາກຕອນ ', ' \r\nມີໂຊເຟີລົດ', '2021-05-04', 105, NULL, NULL, NULL),
(277, 119, 1, 'ບໍລິສັດເຄພີຈຳກັດ', 6, 'ນາແຮ່', '2021-05-04', '07:15:00', '07:10:00', ' 07:15 ຮອດຫ້ອງການເຄພີ\r\n18:00 ອອກຈາກຫ້ອງການເຄພີ\r\nກ່ອນກັບບ້ານແວະ ມີນິມາກຈິບຟີ້ສາຂາໂພນຕ້ອງ\r\n19:10 ຮອດບ້ານ', ' ', '2021-05-04', 56, NULL, NULL, NULL),
(278, 141, 1, 'Sikhai', 6, 'Sikhai', '2021-05-04', '08:00:00', '17:00:00', ' ', ' ', '2021-05-04', 115, NULL, NULL, NULL),
(279, 141, 1, 'Sikhai', 6, 'Sikhai', '2021-05-04', '08:00:00', '17:00:00', ' ', ' ', '2021-05-04', 115, NULL, NULL, NULL),
(280, 133, 1, 'ໜອງດ້ວຝ', 6, 'ໜອງດ້ວງ ຂົວຫຼວງ ຮ້ອງຄ້າ', '1970-01-01', '08:00:00', '17:00:00', 'ຂາຍສິນຄ້າ Unicharm ເຂົ້າຮ້ານຄ້າ ', ' ', '2021-05-04', 132, NULL, NULL, NULL),
(281, 147, 1, 'ບໍລິສັດເຄພີ', 6, 'ນາແຮ່', '2021-05-04', '08:00:00', '17:00:00', ' ເຮັດວຽກ', ' ', '2021-05-04', 37, NULL, NULL, NULL),
(282, 138, 1, 'ຮ້ານຄ້າ', 6, 'ປາກທ້າງ', '2021-06-04', '08:00:00', '17:00:00', ' ເຂົ້າບໍລິສັດ8:00-9:30\r\n10:00-14:30 ລົງຮ້ານຄ້າເອົາອໍເດີ້', ' ບໍ່ມີ', '2021-05-04', 139, NULL, NULL, NULL),
(283, 130, 1, 'ບໍລິສັດ ເຄພີ ຈໍາກັດ', 6, 'ນາແຮ່', '2021-05-04', '08:00:00', '05:00:00', ' ຫຼັງຈາກນັ້ນກັບບ້ານ', ' ເພື່ອນຮ່ວມງານ', '2021-05-04', 138, NULL, NULL, NULL),
(284, 106, 6, 'ຍ້ານໂພນສົມບູນ', 6, 'ໂພນສົມບູນ', '2021-05-04', '08:00:00', '05:00:00', ' ຢູ່ບ້ານໝົດມື້', ' ', '2021-05-04', 60, NULL, NULL, NULL),
(285, NULL, 1, 'ໂພນປ່າເປົ້າ', 7, 'ໂພນປ່າເປົ້າ', '1970-01-01', '04:00:00', '05:00:00', ' ກັບບ້ານ', ' ', '2021-05-04', NULL, NULL, NULL, NULL),
(286, 175, 8, 'ບ້ານ', 9, 'ຄຳຮຸ່ງ', '2021-05-05', '08:00:00', '17:00:00', ' ', ' ', '2021-05-04', 70, NULL, NULL, NULL),
(287, 92, 6, 'ເຮືອນ', 5, 'ສຳພັນນາ', '2021-05-05', '00:00:00', '00:00:00', ' ເອົາແນວກິນເຮືອນນ້ອງສາວ', ' ', '2021-05-05', 3, NULL, NULL, NULL),
(288, 106, 6, 'ໂພນສົມບູນ', 6, 'ໂພນສົມບູນ', '2021-05-05', '08:00:00', '05:00:00', ' ຢູ່ບ້ານໝົດມື້', ' ', '2021-05-05', 60, NULL, NULL, NULL),
(289, 162, 1, 'ເກົ່າຍອດ', 7, 'ສີເມືອງ', '2021-05-05', '00:00:08', '00:00:15', ' ຂາຍເຄື່ອງ', ' ລູກຄ້າ', '2021-05-05', 117, NULL, NULL, NULL),
(290, 153, 1, 'ບໍລິສັດkp', 6, 'ນາແຮ່', '2021-05-05', '08:00:00', '10:30:00', ' ໄປຫາລູກຄ້າ', ' ', '2021-05-05', 119, NULL, NULL, NULL),
(291, 154, 1, 'ໜອງດ້ວງ', 6, 'ໜອງດວ້ງ', '1970-01-01', '09:04:00', '12:10:00', ' ຂາຍ', ' ບໍ່ມີ', '2021-05-05', 129, NULL, NULL, NULL),
(292, 149, 2, 'ທົ່ງຂັນຄຳ', 1, 'ທົ່ງຂັນຄຳ', '2021-05-05', '08:00:00', '05:00:00', ' ໄປຂາຍດຄື່ອງ', ' ບໍມີ', '2021-05-05', 18, NULL, NULL, NULL),
(293, 183, 1, 'ຕະຫຼາດທົ່ງຂັນຄຳ', 1, 'ສີສະຫວາດ', '2021-05-06', '09:10:00', '04:18:00', ' ໄປຂາຍເຄື່ອງ', ' ບໍ່ມີ', '2021-05-05', 124, NULL, NULL, NULL),
(294, 137, 1, 'ບໍລີສັດເຄພີ ', 6, 'ນາແຮ່', '2021-05-05', '08:00:00', '17:00:00', ' ', ' ', '2021-05-05', 111, NULL, NULL, NULL),
(295, 139, 1, 'ບໍລິສັດkp', 6, 'ນາແຮ່', '2021-05-05', '08:00:00', '05:00:00', ' ໄປວຽກປົກກະຕິ', ' ທ່ານ ເພັດສາກົນ ທ່ານ ແສງແກ້ວ', '2021-05-05', 140, NULL, NULL, NULL),
(296, 121, 1, 'ບໍລິສັດເຄພີ', 6, 'ນາແຮ່', '2021-05-05', '08:00:00', '17:00:00', 'ວຽກເອກະສານຕ່າງໆ', ' ພະນັກງານບໍລິສັດ', '2021-05-05', 27, NULL, NULL, NULL),
(297, 190, 1, 'ແຄມທາງຫນອງພະຍາ', 6, 'ບ້ານຫນອງພະຍາ', '2021-05-05', '09:30:00', '13:00:00', ' ໄປຂາຍເຄື່ອງເກັບເງິນແຄມທາງຫນອງພະຍາ', ' ບໍ່ມີ', '2021-05-05', 135, NULL, NULL, NULL),
(298, 125, 1, 'Kp', 6, 'ນາແຮ່', '2021-05-05', '08:00:00', '05:00:00', ' ບໍ່ມີ', ' ບໍ່ມີ', '2021-05-05', 136, NULL, NULL, NULL),
(299, 136, 1, 'ໜອງບອນ', 8, 'ໜອງບອນ', '1970-01-01', '09:00:00', '10:03:00', ' ລົງເຊັກເຄື່ອງຮ້ານຄ້າ', ' ', '2021-05-05', 137, NULL, NULL, NULL),
(300, 132, 1, 'ບໍລິສັດເຄພີ', 6, 'ນາແຮ່ ', '1970-01-01', '08:00:00', '17:00:00', 'ອອກຂາຍເຄື່ອງແລະເກັບເງີນ ເຂົ້າທະນາຄານ ', ' ', '2021-05-05', 116, NULL, NULL, NULL),
(301, 138, 1, 'ຮ້ານຄ້າ', 9, 'ດອນຫນູນ', '2021-06-05', '08:00:00', '17:00:00', ' ລົງເອົາອໍເດີ້ ແລະເກັບເງີນລູກຄ້າຕາມສາຍແຕ່ລະມື້', ' ບໍ່ມີ', '2021-05-05', 139, NULL, NULL, NULL),
(302, 133, 1, 'ຮ້ານຄ້າ', 1, 'ທົ່ງສາງນາງ ສີບຸນເຮືອງ ຮ່ອງໄກ່ແກ້ວ ຕະຫຼາດໂພນຕ້ອງຈອມມະນີ ໂພນຕ້ອງສະຫວາດ ດົງປາແຫຼບ', '1970-01-01', '00:00:08', '00:00:17', ' ຂາຍສິນຄ້າ Unicharm ລົງຮ້ານຄ້າ ເກັບເງິນ ແລະ ຖອກເງິນຜ່ານທະນາຄານການຄ້າ ສາຂາໜອງດ້ວງ', ' ', '2021-05-05', 132, NULL, NULL, NULL),
(303, 141, 1, 'Sikhai', 6, 'Sikhai', '2021-05-05', '08:00:00', '17:00:00', ' ', ' ', '2021-05-05', 115, NULL, NULL, NULL),
(304, 140, 1, 'ບ້ານ ນາແຮ .ບໍລິສັດ KP', 6, 'ບ້ານ ນາແຮ', '2021-05-05', '08:00:00', '19:00:00', ' 8:00 ຮອດຫ້ອງການ.ຂື້ນຳປລວມຊັ້ນ2\r\n9:00 ອອກໄປຂາຍເຄື່ອງ.ຢູ່ດົງໂດກ.ນາທົ່ມ. ໄຊທານີ\r\n11:40 ແວ່ກິນເຂົ້າ.ແຖວດົງໂດກ\r\n12:30: ເລາະຂາຍເຄື່ອງຕໍ່\r\n15:30 .ແລ້ວຂາຍເຄື່ອງ. ກັບບໍລິສັດ\r\n16:15 ຮອດບໍລິສັດ\r\n17:00 ກັບຮອດບ້ານ.ຈົນຮອດປະຈຸບັນ 19:30 ກັກຖຕຢູ່ບ້ານ.ບໍ່ໄດ້ໄປໃສ', ' ບໍ່ມີ', '2021-05-05', 112, NULL, NULL, NULL),
(305, 135, 6, 'ບ້ານ', 6, 'ທົ່ງປົ່ງ', '2021-05-05', '06:00:00', '06:02:00', ' ວຽກ', ' ຄອບຄົວ', '2021-05-05', 133, NULL, NULL, NULL),
(306, 119, 1, 'ບໍລິສັດເຄພີຈຳກັດ', 7, 'ນາແຮ', '2021-05-05', '07:40:00', '05:30:00', ' 07:40 ແມ່ນຮອດຫ້ອງການເຄພີ\r\n10:00 ອອກໄປຕະຫລາດທົ່ງຂັນຄຳມືດ\r\n11.00 ໄປ ທະນາຄານການຄ້າສາຂາທົ່ງຂັນຄຳ\r\n11:30 ໄປ ທະນາຄານ ມາລູຮານ\r\n12:00 ແວະຕະຫລາດສີໄຄ\r\n12:30 ຮອດຫ້ອງການເຄພີ\r\n17:00 ອອກຈາກຫ້ອງການເຄພີ ເພື່ອກັບບ້ານ\r\nຂາກັບ ແວ່ຕະຫລາດໂພນສະຫວ່າງ\r\n18:30 ຮອດບ້ານ', ' ', '2021-05-05', 56, NULL, NULL, NULL),
(307, 122, 1, 'ບໍລິສັດ ເຄພີ', 6, 'ນາແຮ່', '2021-05-05', '08:00:00', '17:00:00', ' ເຮັດວຽກ', ' ', '2021-05-05', 55, NULL, NULL, NULL),
(308, 147, 1, 'ເຄພີ', 6, 'ນາແຮ່', '2021-05-05', '08:00:00', '17:00:00', ' ເຮັດວຽກຫ້ອງການ', ' ', '2021-05-05', 37, NULL, NULL, NULL),
(309, NULL, 1, 'ບໍລິສັດເຄພີ', 6, 'ນາແຮ່', '2021-05-05', '08:00:00', '17:00:00', 'ວຽກເອກະສານຕ່າງໆ', ' ພະນັກງານບໍລິສັດ', '2021-05-06', NULL, NULL, NULL, NULL);
INSERT INTO `tbl_time_line` (`tl_id`, `staff_id`, `atv_id`, `location_name`, `district_id`, `village_name`, `date_atv`, `start_atv`, `stop_atv`, `detail_atv`, `detail_partnert`, `date_register`, `add_by`, `partner_symptom`, `own_symptom`, `partner_act`) VALUES
(310, 92, 6, 'ເຮືອນ', 5, 'ສຳພັນນາ', '2021-05-06', '12:00:00', '05:00:00', ' ເຮືອນນ້ອງສາວ', ' ຄວບຄົວ', '2021-05-06', 3, NULL, NULL, NULL),
(311, 153, 1, 'ບໍລິສັດkp', 6, 'ນາແຮ່', '2021-05-06', '08:00:00', '14:30:00', ' ໄປຫາລູກຄ້າ', ' ລູກຄ້າ', '2021-05-06', 119, NULL, NULL, NULL),
(312, 183, 1, 'ທົ່ງຂັນຄຳ', 1, 'ສີສະັວາດ', '2021-05-06', '09:10:00', '04:20:00', ' ໄປຂາຍເຄື່ອງ', ' ບໍ່ມີ', '2021-05-06', 124, NULL, NULL, NULL),
(313, 157, 1, 'Kp', 6, 'ນາແຮ່', '2021-05-06', '08:00:00', '14:00:00', ' ຕະຫລາດຂົວດິນ_ນາໄຊ', ' ລູກຄ້າ', '2021-05-06', 121, NULL, NULL, NULL),
(314, 137, 1, 'ບໍລີສັດເຄພີ ໄປຮ້ານຄ້າທັງຫມົດ22ຮ້ານ', 6, 'ນາແຮ່', '2021-05-06', '08:00:00', '17:00:00', ' ', ' ', '2021-05-06', 111, NULL, NULL, NULL),
(315, 132, 1, 'ບໍລິສັດkp', 6, 'ນາແຮ່', '1970-01-01', '08:00:00', '17:00:00', ' ອອກໄປຂາຍເຄອື່ງແລະເກັບເງີນ ເຂົ້າທະນາຄານ', ' ', '2021-05-06', 116, NULL, NULL, NULL),
(316, 162, 2, 'ຕະຫຼາດຂົວດີນ', 7, 'ໝອງຈັນ', '2021-05-06', '08:00:00', '14:35:00', ' ຂາຍເຄື່ອງ', ' ລູກຄ້າ', '2021-05-06', 117, NULL, NULL, NULL),
(317, 128, 1, 'Office kp', 6, 'ນາແຮ', '2021-05-06', '08:00:00', '05:00:00', ' ປະຕິບັດວຽກໃນຫ້ອງການ', ' ພະນັກງານຫລາຍຄົນໃນທີມຂາຍ', '2021-05-06', 57, NULL, NULL, NULL),
(318, 125, 1, 'Kp', 6, 'ນາແຮ່', '2021-05-06', '08:00:00', '05:00:00', ' ບໍ່ມີ', ' ບໍ່ມີ', '2021-05-06', 136, NULL, NULL, NULL),
(319, 121, 1, 'ບໍລິສັດເຄພີ', 6, 'ນາແຮ່', '2021-05-06', '08:00:00', '17:00:00', ' ເອກະສານຕ່າງໆ', ' ພະນັກງານເຄພີ', '2021-05-06', 27, NULL, NULL, NULL),
(320, 138, 1, 'ຮ້ານຄ້າ', 8, 'ຫົວຂົວ', '2021-05-06', '08:00:00', '17:00:00', ' ລົງເອົາອໍເດີ້ ແລ້ວເກັບເງີນຮ້ານຄ້າ', 'ບໍ່ມີ ', '2021-05-06', 139, NULL, NULL, NULL),
(321, 119, 7, 'ບ້ານໂຊກໃຫຍ່', 9, 'ບ້ານໂຊກໃຫຍ່', '2021-05-06', '07:30:00', '06:30:00', ' 07:30 -17:30 ເຮັດວຽກຢູ່ບ້ານ\r\nບໍ່ໄດ້ອອກໄປໃສ', ' ', '2021-05-06', 56, NULL, NULL, NULL),
(322, 135, 1, 'ຫ້ອງການເຄພິ', 6, 'ນາແຮ່', '2021-05-06', '08:00:00', '12:30:00', ' ວຽກ', ' ພະນັກງານເຄພິ', '2021-05-06', 133, NULL, NULL, NULL),
(323, 133, 1, 'ຫ້ວຍຫົງ', 1, 'ຫນອງທາ ຫ້ວຍຫົງ ຕານມີໄຊ', '1970-01-01', '00:00:08', '00:00:17', ' ໄປຂາຍສິນຄ້າເຂົ້າຮ້ານຄ້າ ເກັບເງິນລູກຄ້າ ແລ້ວຖອກຜ່ານທະນາຄານ', ' ', '2021-05-06', 132, NULL, NULL, NULL),
(324, 151, 1, 'ສີໄຄ', 6, 'ນາແຮ່', '1970-01-01', '08:00:00', '03:30:00', 'ຂາຍເຄື່ອງສາຍທາງ ໂພນປ່າເປົ່າ\r\nເກັບເງີນຕະຫຼາດສວນມວນ ', ' ບໍ່ມີ', '2021-05-06', 128, NULL, NULL, NULL),
(325, 154, 1, 'ຊຳເກດ', 9, 'ຊຳເກດ', '1970-01-01', '09:59:00', '12:55:00', ' ຂາຍເຄືອງ', ' ບໍ່ມີ', '2021-05-06', 129, NULL, NULL, NULL),
(326, 190, 1, 'ແຄມທາງຫນອງດ້ວງ', 6, 'ບ້ານຫນອງດ້ວງ', '2021-05-06', '09:30:00', '13:30:00', ' ໄປຂາຍເຄື່ອງເກັບເງິນ', ' ບໍ່ມີ', '2021-05-06', 135, NULL, NULL, NULL),
(327, 136, 1, 'ບໍລິສັດເຄພີ', 6, 'ນາແຮ່', '1970-01-01', '08:00:00', '05:00:00', ' ເຂົ້າຫ້ອງການແລະປະຊຸມກັບຫົວໜ້າຈົນຮອດເວລາ10:00ຫລັງຈາກນັ້ນອອກໄປເຊັນບີນທາງຮ້ານຄ້າພາກຊັນຮອດເວລາ12:00ຫລັງຈາກນັ້ນເວລາ1:00ໄປເກັບໜີ້ນຳລູກຮ້ານເຊີງຊ່າງ2:00ແລ້ວມາເກັບໜີ້ທາງຮ້ານພີມາກ3:00ແລ້ວອອກໄປຖອກເງີນທະນາຄານສາຂາໂພນທັນ4:00ແມ່ນເຂົ້າຮ້ານເຈມາກສາຂາສະພານທອງ5:00ແລ້ວກັບບ້ານ', ' ', '2021-05-06', 137, NULL, NULL, NULL),
(328, 122, 6, 'ເຮືອນ', 8, 'ໂພນພະເນົາ', '2021-05-06', '06:00:00', '20:30:00', ' ເຮັດວຽກຢູ່ບ້ານ', ' ', '2021-05-06', 55, NULL, NULL, NULL),
(329, 140, 1, 'ບ້ານ ນາແຮ . ບໍລິສັດ ເຄພີ', 6, 'ບ້ານ ນາແຮ', '2021-05-06', '08:00:00', '20:00:00', ' 8:00 ຮອດຫ້ອງການ\r\n9:00 ອອກໄປຂາຍເຄື່ອງ.ປາກງື່ມ. ໄຊທານີ\r\n10:30 ຮອດບ້ານ ພ້າວ ລົງຂາຍເຄື່ອງປົກກະຕິ\r\n11:25 ຂື້ນໄປຂາຍເຄື່ອງຢູ່ ປາກງື່ມ\r\n12:30 ແວ່ກິນເຂົ້າ\r\n13:30 ຂາຍເຄື່ອງຕໍ່\r\n15:00 ກັບບໍລິສັດ\r\n16:40 ຮອດຫ້ອງການ. ຖອກເງີນ.ຮອດ 5ໂມງ ກັບບ້ານ .ຢູ່ບ້ານ ກັກໂຕບໍ່ໄດ້ໄປທາງໃດຕໍ່ ຈົນຮອດປັດຈຸບັນ\r\n', ' ບໍ່ມີ', '2021-05-06', 112, NULL, NULL, NULL),
(330, 147, 1, ' ເຄພີ', 6, 'ນາແຮ່', '2021-05-06', '08:00:00', '17:00:00', ' ເຮັເວຽກຫ້ອງການ', ' ', '2021-05-06', 37, NULL, NULL, NULL),
(331, 139, 1, 'ບໍລິສັດkp', 6, 'ນາແຮ່', '2021-05-06', '08:00:00', '05:00:00', ' ເຮັດວຽກຫ້ອງການ', ' ທ່ານ ເພັດສາກົນ ທ້າວຄຳຮັກ', '2021-05-06', 140, NULL, NULL, NULL),
(332, 134, 1, 'ບໍລິສັດເຄພີຈຳກັດ', 6, 'ນາແຮ່', '2021-05-06', '07:54:00', '17:00:00', '+07:54 ຮອດຫ້ອງການເຄພີ\r\n+9:15ອອກຈາກບໍລິສັດເຄພີໄປຂາຍເຄື່ອງບ້ານນາຂ່າ.ບ້ານໂພນມ່ວງ.ບ້ານນາງ່າ.ບ້ານບົວ.ບ້ານໜອງສະ.ບ້ານນາດີ.ບ້ານສີວິໄລ\r\n15:00ຮອດຫ້ອງການເຄພີ\r\n17:00ກັບບ້ານ\r\n ', ' ບໍ່ມີ', '2021-05-06', 105, NULL, NULL, NULL),
(333, 130, 1, 'ບໍລິສັດ ເຄພີ', 6, 'ນາແຮ່', '2021-05-06', '08:00:00', '05:30:00', ' ຫຼັງຈາກນັ້ນກັບບ້ານ', ' ເພື່ອນ ຮ່ວມງານ', '2021-05-06', 138, NULL, NULL, NULL),
(334, NULL, 1, 'ບໍລິສັດ ເຄພີ', 6, 'ນາແຮ່', '2021-05-06', '08:00:00', '05:30:00', ' ຫຼັງຈາກນັ້ນກັບບ້ານ', ' ເພື່ອນ ຮ່ວມງານ', '2021-05-06', NULL, NULL, NULL, NULL),
(335, NULL, 1, 'ບໍລິສັດເຄພີ', 6, 'ນາແຮ່', '1970-01-01', '08:00:00', '05:00:00', ' ເຂົ້າຫ້ອງການແລະປະຊຸມກັບຫົວໜ້າຈົນຮອດເວລາ10:00ຫລັງຈາກນັ້ນອອກໄປເຊັນບີນທາງຮ້ານຄ້າພາກຊັນຮອດເວລາ12:00ຫລັງຈາກນັ້ນເວລາ1:00ໄປເກັບໜີ້ນຳລູກຮ້ານເຊີງຊ່າງ2:00ແລ້ວມາເກັບໜີ້ທາງຮ້ານພີມາກ3:00ແລ້ວອອກໄປຖອກເງີນທະນາຄານສາຂາໂພນທັນ4:00ແມ່ນເຂົ້າຮ້ານເຈມາກສາຂາສະພານທອງ5:00ແລ້ວກັບບ້ານ', ' ', '2021-05-07', NULL, NULL, NULL, NULL),
(336, 145, 2, 'ຮ້ານ CSC ', 9, 'ໂຊກນ້ອຍ', '1970-01-01', '13:00:00', '05:00:00', ' ຫາລູກຄ້າ', ' ພົວພັນກັບຈັດຊື້ ລູກຄ້າ ຊາຟິດເນ່', '2021-05-07', 127, NULL, NULL, NULL),
(337, 92, 6, 'ເຮືອນ', 5, 'ສຳພັນນາ', '2021-05-07', '00:00:00', '00:00:00', ' ', ' ຄວບຄົວ', '2021-05-07', 3, NULL, NULL, NULL),
(338, 153, 1, 'ບໍລິສັດkp', 6, 'ນາແຮ່', '2021-05-07', '08:00:00', '14:30:00', 'ໄປຫາລູກຄ້າ ', ' ຂາຍເຄື່ອງ', '2021-05-07', 119, NULL, NULL, NULL),
(339, 135, 6, 'ບ້ານ', 6, 'ທົ່ງປົ່ງ', '2021-05-07', '06:00:00', '06:00:00', ' ວຽກ', ' ຄອບຄົວ', '2021-05-07', 133, NULL, NULL, NULL),
(340, 190, 1, 'ແຄມທາງຊຳເກດ', 6, 'ບ້ານຊຳເກດ', '2021-05-07', '09:30:00', '01:30:00', ' ໄປຂາຍເຄື່ອງເກັບເງິນ', ' ບໍ່ມີ', '2021-05-07', 135, NULL, NULL, NULL),
(341, 132, 1, 'ບໍລິສັດkp', 6, 'ນາແຮ່', '1970-01-01', '08:00:00', '17:00:00', ' ອອກໄປຂາຍເຄືອງແລະເກັບເງີນ ແລະເຂົ້າທະນາຄານ', ' ', '2021-05-07', 116, NULL, NULL, NULL),
(342, 136, 1, 'ບໍລິສັດເຄພີ', 7, 'ນາແຮ່', '1970-01-01', '08:00:00', '17:00:00', ' ເຂົ້າຫ້ອງການແລ້ວອອກໄປໄປຮ້ານຄ້າ-ພາກຊັນ-ເຈມາກ-Skyສະພັງມືກ-mini bigc-ຮ້ານ 365', ' ', '2021-05-07', 137, NULL, NULL, NULL),
(343, 121, 7, 'ບ້ານຕົວເອງ', 6, 'ໂພສີ', '2021-05-07', '08:00:00', '17:00:00', ' ຕິດຕໍ່ລູກຄ້າແລະວຽກເອກະສານ', ' ຄົນໃນຄອບຄົວ', '2021-05-07', 27, NULL, NULL, NULL),
(344, 137, 1, 'ບໍລີສັດເຄພີ', 6, 'ນາແຮ່', '2021-05-07', '08:00:00', '17:00:00', ' ', ' ', '2021-05-07', 111, NULL, NULL, NULL),
(345, 122, 1, 'ບໍລິສັດເຄພີ', 6, 'ນາແຮ່', '2021-05-07', '08:00:00', '17:00:00', ' ເຮັດວຽດ', ' ', '2021-05-07', 55, NULL, NULL, NULL),
(346, 147, 1, ' ເຄພີ', 6, 'ນາແຮ່', '2021-05-07', '08:00:00', '17:00:00', ' ເຮັດວຽກຫ້ອງການ', ' ', '2021-05-07', 37, NULL, NULL, NULL),
(347, 157, 1, 'Kp', 6, 'ນາແຮ່', '2021-05-07', '08:00:00', '14:00:00', ' ທ່ງຂັນຄຳ_ໂພນປ່າເປົ້າ', ' ລູກຄ້າ', '2021-05-07', 121, NULL, NULL, NULL),
(348, 140, 1, 'ບໍລິສັດ ເຄພີ .ບ້ານ ນາແຮ', 6, 'ບ້ານ.ນາແຮ', '2021-05-07', '08:00:00', '19:00:00', ' 8:00 ຮອດຫ້ອງການ\r\n9:00 ອອກໄປຂາຍເຄື່ອງ.ຢູ່ບ້ານເກີນ\r\n10:40 ຮອດຮ້ານຂາຍເຄື່ອງ ລົງຂາຍເຄື່ອງປົກກະຕິ\r\n12:00 ແວ່ກິນເຂົ້າ. ຢູ່ຕະຫລາດບ້ານເກີນ\r\n13:30 ເລາະຂາຍເຄື່ອງຕໍ່.ບ້ານ ປາກກະຍຸ່ງ\r\n15:30 ກັບບໍລິສັດ ເຄພີ\r\n16:30 ຮອດຫ້ອງການ.ຖອກເງີນປົກກະຕິ\r\n17:00 ກັບບ້ານ. ມາຮອດບ້ານ ກະບໍ່ໄດ້ໄປໃສຕໍ່.ກັກໂຕຢູ່ບ້ານ ຈົນຮອດ 19:00 ປະຈຸບັນ', ' ບໍ່ມີ', '2021-05-07', 112, NULL, NULL, NULL),
(349, 125, 1, 'Kp', 6, 'ນາແຮ່', '2021-05-07', '08:00:00', '05:00:00', ' ບໍ່ມີ', ' ບໍ່ມີ', '2021-05-07', 136, NULL, NULL, NULL),
(350, NULL, 1, 'ຫ້ວຍຫົງ', 1, 'ຫນອງທາ ຫ້ວຍຫົງ ຕານມີໄຊ', '1970-01-01', '00:00:08', '00:00:17', ' ໄປຂາຍສິນຄ້າເຂົ້າຮ້ານຄ້າ ເກັບເງິນລູກຄ້າ ແລ້ວຖອກຜ່ານທະນາຄານ', ' ', '2021-05-07', NULL, NULL, NULL, NULL),
(351, 119, 1, 'ບໍລິສັດເຄພີ', 6, 'ນາແຮ່', '2021-05-07', '07:30:00', '05:05:00', ' 07:30 ຮອດຫ້ອງການເຄພີ\r\n16:30 ອອກຈາກຫ້ອງການເຄພີ\r\nແວະເອົາເຄື່ອງຢູ່ແຖວຫນອງຫນ້ອງ\r\nແວະຊື້ແນວກິນຢູ່ຫນ້າຕະຫລາດໂພນສະຫວ່າງ\r\n18:30 ຮອດບ້ານ', ' ', '2021-05-07', 56, NULL, NULL, NULL),
(352, 133, 1, 'ຮ້ານຄ້າ ຕ່າງໆ ຕາມແຜນຂາຍ', 1, 'ໂພນສະຫວ່າງ ຄຳຮຸ່ງ ພະຂາວ ສິວິໄລ ຊ້າງຄູ', '1970-01-01', '00:00:08', '00:00:17', 'ຂາຍ ແລະ ນຳສະເຫນີສິນຄ້າ ຢູນີຊາມ ເຂົ້າຮ້ານຄ້າ ເກັບເງິນນຳລູກຄ້າ ແລະຖອກເງິນຜ່ານທາງທະນາຄານ', ' ', '2021-05-07', 132, NULL, NULL, NULL),
(353, 130, 1, 'ບໍລິສັດ ເຄພີ', 6, 'ນາແຮ່', '2021-05-07', '08:00:00', '05:14:00', ' ຫຼັງຈາກນັ້ນກັບບ້ານ', ' ເພື່ອນຮ່ວມງານ', '2021-05-07', 138, NULL, NULL, NULL),
(354, 138, 1, 'ຮ້ານຄ້າ', 6, 'ສີໄຄ', '2021-05-07', '08:00:00', '17:00:00', ' ເຂົ້າຫອ້ງການແລະມີລົງຮ້ານຄ້າເພື່ອເອົາອໍເດີ້ \r\nແລ້ວກັບບ້ານ ບໍ່ໄດ້ໄປໃສ', ' ບໍ່ມີ', '2021-05-07', 139, NULL, NULL, NULL),
(355, 162, 1, 'ພະໄຊ', 7, 'ພະໄຂ', '2021-05-07', '08:00:00', '14:00:00', ' ເຮັດວຽກ', ' ລູກຄ້າ', '2021-05-07', 117, NULL, NULL, NULL),
(356, 151, 1, 'ສີໄຄ', 6, 'ນາແຮ່', '1970-01-01', '08:00:00', '05:00:00', 'ໄປຂາຍເຄື່ອງໂສກປ່າລວງເກັບເງີນຢູ່ສວນມວນ ', ' ບໍ່ມີ', '2021-05-07', 128, NULL, NULL, NULL),
(357, 154, 1, 'ໜອງພະຍາ', 9, 'ໜອງພະຍາ', '1970-01-01', '09:05:00', '12:57:00', ' ຂາຍເຄືອງ', ' ບໍ່ມີ', '2021-05-07', 129, NULL, NULL, NULL),
(358, 156, 1, 'ຄູວຽງ-ທົງກາງ-ທ່າພະລານໄຊ-ດອນນົກຂຸ້ມ', 7, 'ທົງກາງ-ທ່າພະລານໄຊ-ດອນນົກຂຸ້ມ', '2021-05-07', '09:07:00', '16:30:00', ' ໄປຂາຍເຄື່ອງເກັບໜີ້', ' ', '2021-05-07', 134, NULL, NULL, NULL),
(359, 175, 8, 'ບ້ານ', 9, 'ຄຳຮຸ່ງ', '2021-05-08', '08:00:00', '17:00:00', ' ', ' ', '2021-05-08', 70, NULL, NULL, NULL),
(360, NULL, 1, 'ບໍລິສັດເຄພີ', 7, 'ນາແຮ່', '1970-01-01', '08:00:00', '17:00:00', ' ເຂົ້າຫ້ອງການແລ້ວອອກໄປໄປຮ້ານຄ້າ-ພາກຊັນ-ເຈມາກ-Skyສະພັງມືກ-mini bigc-ຮ້ານ 365', ' ', '2021-05-08', NULL, NULL, NULL, NULL),
(361, NULL, 1, 'ບໍລິສັດ ເຄພີ ຈຳກັດ', 6, 'ນາແຮ່', '2021-04-29', '08:00:00', '17:00:00', ' ໄປເຮັດວຽກຕາມກຳນົດວັນເວລາ', ' ພະນັກງານບັນຊີພາຍໃນພະແນກ', '2021-05-08', NULL, NULL, NULL, NULL),
(362, 170, 6, 'ບ້ານຕົນເອງ', 6, 'ໂພນຄຳ', '2021-05-05', '08:00:00', '17:00:00', ' ຢູ່ບ້ານບໍ່ໄດ້ອອກໄປທາງໃດ', ' ', '2021-05-08', 45, NULL, NULL, NULL),
(363, 170, 1, 'ບໍລິສັດເຄພີຈຳກັດ', 6, 'ນາແຮ່', '2021-05-06', '08:00:00', '17:00:00', ' ໄປເຮັດວຽກ', ' ພະນັກງານພາຍໃນພະແນກບັນຊີ ການເງິນ', '2021-05-08', 45, NULL, NULL, NULL),
(364, 170, 1, 'ບໍລິສັດເຄພີຈຳກັດ', 6, 'ນາແຮ່', '2021-05-07', '08:00:00', '17:00:00', ' ໄປເຮັດວຽກ', ' ພະນັກງານພາຍໃນພະແນກບັນຊີ ການເງິນ', '2021-05-08', 45, NULL, NULL, NULL),
(365, NULL, 1, 'ບໍລິສັດ ເຄພີ', 6, 'ນາແຮ່', '2021-05-07', '08:00:00', '05:14:00', ' ຫຼັງຈາກນັ້ນກັບບ້ານ', ' ເພື່ອນຮ່ວມງານ', '2021-05-08', NULL, NULL, NULL, NULL),
(366, 92, 6, 'ເຮືອນ', 5, 'ສຳພັນນາ', '2021-05-08', '00:00:00', '00:00:00', ' ', ' ຄວບຄໄວ', '2021-05-08', 3, NULL, NULL, NULL),
(367, 190, 6, 'ບ້ານຕາດທອງ', 6, 'ບ້ານຕາດທອງ', '2021-05-08', '06:00:00', '23:05:00', ' ນອນຢູ່ເຮືອນບໍ່ໄດ້ໄປໃສ', ' ຢູ່ກັບຄອບຄົວມີ7ຄົນ', '2021-05-08', 135, NULL, NULL, NULL),
(368, 128, 6, 'ບ້ານ', 1, 'ສີສະຫວາດ', '2021-05-08', '01:00:00', '00:00:00', ' ຢູ່ບ້ານ', ' ຄອບຄົວ', '2021-05-08', 57, NULL, NULL, NULL),
(369, 139, 6, 'ຫ້ອງຕົນເອງ', 6, 'ໜອງແຕ່ງ', '2021-05-08', '08:00:00', '06:00:00', ' ນອນຢູ່ຫ້ອງ', ' ບໍ່ມີ', '2021-05-08', 140, NULL, NULL, NULL),
(370, 119, 6, 'ໂຊກໃຫຍ່', 9, 'ໂຊກໃຫຍ່', '2021-05-08', '07:30:00', '07:30:00', ' 9:00 ໄປຕະຫລາດທົ່ງຂັນຄຳມືດ\r\n11:00 ເມືອບ້ານຫນອງບົວທອງ\r\n12:00 ຮອດບ້ານ', ' ', '2021-05-08', 56, NULL, NULL, NULL),
(371, 140, 6, 'ບ້ານ.ໂພສີ', 6, 'ບ້ານ.ໂພສີ', '2021-05-08', '06:00:00', '20:00:00', ' ຢູ່ບ້ານ.ບໍ່ໄດ້ໄປທາງໃດ.', ' ບໍ່', '2021-05-08', 112, NULL, NULL, NULL),
(372, 183, 7, 'ບ້ານນາແຮ່', 6, 'ນາແຮ່', '2021-05-08', '08:08:00', '05:10:00', ' ຢູ່ບ້ານ', ' ບໍ່ມີ', '2021-05-08', 124, NULL, NULL, NULL),
(373, 125, 6, 'ທົ່ງປົ່ງ', 6, 'ທົ່ງປົ່ງ', '2021-05-08', '08:00:00', '05:00:00', ' ບໍ່ມີ', ' ບໍ່ມີ', '2021-05-08', 136, NULL, NULL, NULL),
(374, 147, 6, 'ບ້ານ', 9, 'ຄໍາຮຸ່ງ', '2021-05-08', '08:00:00', '17:00:00', ' ຢູ່ບ້ານໝົດມື້', ' ', '2021-05-08', 37, NULL, NULL, NULL),
(375, 122, 6, 'ເຮືອນ', 8, 'ໂພນພະເນົາ', '2021-05-08', '06:00:00', '20:00:00', ' ຢູ່ບ້ານ', ' ', '2021-05-08', 55, NULL, NULL, NULL),
(376, 141, 6, 'Oupmoung', 6, 'Oupmoun', '2021-05-08', '08:00:00', '00:00:00', ' ', ' ', '2021-05-08', 115, NULL, NULL, NULL),
(377, 135, 6, 'ບ້ານ', 6, 'ທົ່ງປົ່ງ', '2021-05-08', '06:00:00', '06:00:00', ' ພັກຜ່ອນ', ' ຄອບຄົວ', '2021-05-08', 133, NULL, NULL, NULL),
(378, 154, 6, 'ດອນຂາຊາຍ', 2, 'ດອນຂາຊາຍ', '1970-01-01', '06:00:00', '23:00:00', ' ຢູ່ບ້ານ', ' ຄອບຄົວ', '2021-05-08', 129, NULL, NULL, NULL),
(379, 121, 6, 'ເຮືອນຕົວເອງ', 6, 'ໂພສີ', '2021-05-08', '06:00:00', '08:35:00', ' ຢູ່ບ້ານໝົດມື້', ' ຄອບຄົວ', '2021-05-08', 27, NULL, NULL, NULL),
(380, 137, 6, 'ບ້ານໝອງສະໂນຄຳ', 6, 'ບ້ານໝອງສະໂນຄຳ', '2021-05-08', '08:00:00', '17:00:00', ' ', ' ', '2021-05-08', 111, NULL, NULL, NULL),
(381, 132, 6, 'ຮອ່ງໄກ່ແກ້ວ', 1, 'ຮອ່ງໄກ່ແກ້ວ', '1970-01-01', '08:00:00', '17:00:00', ' ຢູບ້ານ', ' ', '2021-05-08', 116, NULL, NULL, NULL),
(382, 136, 6, 'ໂພນປ່າເປົ້າ', 7, 'ໂພນປ່າເປົ້າ', '1970-01-01', '08:00:00', '20:00:00', ' ຢູ່ບ້ານປົກກະຕິບໍ່ໄດ້ໄປໃສ', ' ', '2021-05-08', 137, NULL, NULL, NULL),
(383, 138, 6, 'ບ້ານ', 6, 'ນາເລົ່າ', '2021-05-09', '08:00:00', '24:00:00', ' ຢູ່ບ້ານ', ' ຄອບຄົວ', '2021-05-08', 139, NULL, NULL, NULL),
(384, 134, 6, 'ບ້ານໜອງດາ', 6, 'ໜອງດາ', '2021-05-08', '06:30:00', '20:49:00', 'ຢູ່ເຮືອນ ', 'ບໍ່ມີ', '2021-05-08', 105, NULL, NULL, NULL),
(385, 162, 6, 'ວຽງສະຫວັນ', 6, 'ວຽງສະຫວັນ', '2008-05-21', '08:00:00', '20:00:00', ' ບໍ່ມີ', ' ບໍ່ມີ', '2021-05-08', 117, NULL, NULL, NULL),
(386, 153, 6, 'ວຽງສະຫວັນ', 6, 'ວຽງສະຫວັນ', '2021-05-08', '08:00:00', '19:00:00', ' ຢູ່ບ້ານ', ' ', '2021-05-08', 119, NULL, NULL, NULL),
(387, 157, 6, 'ຈອມມະນີ', 8, 'ຈອມມະນີ', '2021-05-08', '08:00:00', '01:00:00', ' ຍູ່ບ້ານ', ' ກັບລູກ', '2021-05-08', 121, NULL, NULL, NULL),
(388, 133, 6, 'ໜອງບົວທອງ', 6, 'ໜອງບົວທອງເໜືອ', '1970-01-01', '00:00:01', '00:00:24', ' ຢູ່ບ້ານເພື່ອຊາດ', ' ', '2021-05-08', 132, NULL, NULL, NULL),
(389, 156, 7, 'ສີໄຄ', 6, 'ສີໄຄ', '2021-05-08', '08:22:00', '23:00:00', ' ຢູ່ບ້ານ', ' ', '2021-05-08', 134, NULL, NULL, NULL),
(390, 175, 8, 'ບ້ານ', 9, 'ຄຳຮຸ່ງ', '1970-01-01', '08:00:00', '17:00:00', ' ', ' ', '2021-05-09', 70, NULL, NULL, NULL),
(391, NULL, 6, 'ໂພນປ່າເປົ້າ', 7, 'ໂພນປ່າເປົ້າ', '1970-01-01', '08:00:00', '20:00:00', ' ຢູ່ບ້ານປົກກະຕິບໍ່ໄດ້ໄປໃສ', ' ', '2021-05-09', NULL, NULL, NULL, NULL),
(392, 115, 2, 'ຕະຫລາດສີໄຄ', 6, 'ສີໄຄ', '2021-05-08', '15:10:00', '15:30:00', ' ໄປຊື້ຂອງກິນ', ' ', '2021-05-09', 41, NULL, NULL, NULL),
(393, 115, 1, 'ຫ້ອງການເຄພີ', 6, 'ນາແຮ່', '2021-05-07', '10:30:00', '17:00:00', ' ໄປວຽກປົກກະຕິ', ' ', '2021-05-09', 41, NULL, NULL, NULL),
(394, 115, 7, 'ບ້ານ', 6, 'ສີໄຄ', '2021-05-06', '08:00:00', '12:00:00', ' ເຮັດວຽກ', ' ', '2021-05-09', 41, NULL, NULL, NULL),
(395, 115, 2, 'ຕະຫລາດສີໄຄ', 6, 'ສີໄຄ', '2021-05-06', '12:30:00', '13:30:00', ' ໄປຊື້ຂອງກິນ', ' ', '2021-05-09', 41, NULL, NULL, NULL),
(396, 153, 6, 'ວຽງສະຫວັນ', 6, 'ວຽງສະຫວັນ', '2021-05-09', '08:00:00', '18:00:00', 'ຢູ່ບ້ານ ', ' ', '2021-05-09', 119, NULL, NULL, NULL),
(397, 92, 6, 'ເຮືອນ', 5, 'ສຳພັນນາ', '2021-05-09', '00:00:00', '00:00:00', ' ', ' ຄວບຄົວ', '2021-05-09', 3, NULL, NULL, NULL),
(398, 183, 6, 'ນາແຮ່', 6, 'ນາແຮ່', '2021-05-09', '08:00:00', '18:05:00', ' ປົກກະຕິ', ' ບໍ່ມີ', '2021-05-09', 124, NULL, NULL, NULL),
(399, 125, 6, 'ທົ່ງປົ່ງ', 6, 'ທົ່ງປົ່ງ', '2021-05-09', '08:00:00', '05:00:00', ' ບໍ່ມີ', ' ບໍ່ມີ', '2021-05-09', 136, NULL, NULL, NULL),
(400, 139, 6, 'ຫ້ອງຕົນເອງ', 6, 'ໜອງແຕ່ງ', '2021-05-09', '08:00:00', '06:00:00', ' ຢູ່ຫ້ອງ', ' ບໍ່ມີ', '2021-05-09', 140, NULL, NULL, NULL),
(401, 119, 6, 'ບ້ານໂຊກໃຫຍ່', 9, 'ບ້ານໂຊກໃຫຍ່', '2021-05-09', '07:30:00', '06:30:00', ' 07:30 - 18:30 ແມ່ນຢູ່ບ້ານບໍ່ໄດ້ໄປໃສ', ' ', '2021-05-09', 56, NULL, NULL, NULL),
(402, 137, 6, 'ບ້ານ ໝອງສະໂນຄຳ', 6, 'ໝອງສະໂນຄຳ', '2021-05-09', '08:00:00', '17:00:00', ' ', ' ', '2021-05-09', 111, NULL, NULL, NULL),
(403, 132, 6, 'ຮອ່ງໄກ່ແກ້ວ', 1, 'ຮອ່ງໄກ່ແກ້ວ', '1970-01-01', '08:00:00', '17:00:00', ' ຢູບ້ານບໍອອກໄປໃສ', ' ', '2021-05-09', 116, NULL, NULL, NULL),
(404, 140, 6, 'ບ້ານ ໂພສີ', 6, 'ບ້ານ ໂພສີ', '2021-05-09', '06:00:00', '19:00:00', ' ຢູ່ບ້ານ ກັກໂຕ ບໍ່ໄດ້ໄປທາງໃດ', ' ບໍ່ມີ', '2021-05-09', 112, NULL, NULL, NULL),
(405, 106, 8, 'ອອກໄປດິນບ້ານໄໝ່', 6, 'ບ້ານໄໝ່', '2021-05-08', '12:01:00', '16:15:00', ' ອອກໄປເບີ່ງດິນ ແລ້ວກັບບ້ານ', ' ', '2021-05-09', 60, NULL, NULL, NULL),
(406, 106, 6, 'ເຮື່ອນ', 6, 'ໂພນສົມບູນ', '2021-05-09', '08:00:00', '17:00:00', ' ຢູ່ບ້ານໝົດມື້', ' ', '2021-05-09', 60, NULL, NULL, NULL),
(407, 147, 8, 'ບ້ານ', 9, 'ຄໍາຮຸ່ງ', '2021-05-09', '08:00:00', '17:00:00', ' ຢູ່ບ້ານ', ' ', '2021-05-09', 37, NULL, NULL, NULL),
(408, 136, 6, 'ໂພນປ່າເປົ້າ', 7, 'ໂພນປ່າເປົ້າ', '1970-01-01', '08:00:00', '19:00:00', ' ຢູ່ບ້ານປົກກະຕິບໍ່ໄດ້ໄປໃສ', ' ', '2021-05-09', 137, NULL, NULL, NULL),
(409, 133, 6, 'ໜອງບົວທອງ', 6, 'ໜອງບົວທອງເໜືອ', '1970-01-01', '00:00:01', '24:00:00', ' ຢູ່ບ້ານເພືອຊາດ', ' ', '2021-05-09', 132, NULL, NULL, NULL),
(410, 122, 6, 'ເຮືອນຂອງຕົນ', 8, 'ໂພນພະເນົາ', '2021-05-09', '06:00:00', '19:00:00', 'ພັກຜ່ອນຢູ່ບ້ານ', ' ', '2021-05-09', 55, NULL, NULL, NULL),
(411, 156, 7, 'ສີໄຄ', 6, 'ສີໄຄ', '1970-01-01', '10:08:00', '09:00:00', ' ຢູ່ບ້ານບໍ່ໄດ້ໄປໃສ', ' ', '2021-05-09', 134, NULL, NULL, NULL),
(412, 190, 6, 'ບ້ານຕາດທອງ', 6, 'ບ້ານຕາດທອງ', '2021-05-09', '06:30:00', '23:10:00', ' ນອນຢູ່ບ້ານບໍ່ໄດ້ໄປໃສ', ' ຢູ່ນຳຄອບຄົວມີ7ຄົນ', '2021-05-09', 135, NULL, NULL, NULL),
(413, 121, 6, 'ເຮືອນຕົວເອງ', 6, 'ໂພສີ', '2021-05-09', '08:00:00', '07:40:00', ' ຢູ່ບ້ານໝົດມື້', ' ຄອບຄົວ', '2021-05-09', 27, NULL, NULL, NULL),
(414, 130, 6, 'Home', 8, 'ໜອງພະຍາ', '2021-05-09', '08:00:00', '08:00:00', ' ຢູ່ບ້ານໝົດມື້ ບໍ່ໄດ້ໄປໃມ', ' ພໍ່ ແລະ ແມ່', '2021-05-09', 138, NULL, NULL, NULL),
(415, 130, 6, 'ບ້ານ', 9, 'ໜອງພະຍາ', '2021-05-08', '08:01:00', '08:00:00', ' ຢູ່ບ້ານໝົດມື້', ' ພໍ່ ແລະ ແມ່', '2021-05-09', 138, NULL, NULL, NULL),
(416, 135, 6, 'ບ້ານ', 6, 'ທົ່ງປົ່ງ', '2021-05-09', '05:00:00', '05:00:00', ' ພັກຜ່ອນ', ' ຄອບຄົວ', '2021-05-09', 133, NULL, NULL, NULL),
(417, 162, 6, 'ນາຊອນ', 4, 'ນາຊອນ', '2021-05-09', '08:00:00', '19:00:00', ' ບໍ່', ' ບໍ່', '2021-05-09', 117, NULL, NULL, NULL),
(418, NULL, 1, 'ບໍລິສັດເຄພີຈຳກັດ', 6, 'ນາແຮ່', '2021-05-07', '08:00:00', '17:00:00', ' ໄປເຮັດວຽກ', ' ພະນັກງານພາຍໃນພະແນກບັນຊີ ການເງິນ', '2021-05-09', NULL, NULL, NULL, NULL),
(419, NULL, 1, 'ບໍລິສັດເຄພີ', 6, 'ນາແຮ່', '2021-05-04', '07:50:00', '18:00:00', ' ໄປຂາຍເຄື່ອງຢູ່ຫຼັກ52', ' ບຸນມີ 78201090', '2021-05-09', NULL, NULL, NULL, NULL),
(420, 191, 6, 'ໜອງໜ້ຽວ', 6, 'ໜອງໜ້ຽວ', '2021-05-09', '06:00:00', '05:00:00', ' ຢູ່ບ້ານ', ' ບຸນມີ 78201090', '2021-05-09', 142, NULL, NULL, NULL),
(421, 128, 6, 'ເຮືອນ', 1, 'ສີສະຫວາດ', '2021-05-09', '01:01:00', '00:01:00', ' ພັກຜ່ອນຢູບ້ານ', ' ຄອບຄົວ', '2021-05-09', 57, NULL, NULL, NULL),
(422, NULL, 1, 'ບໍລິສັດເຄພີຈຳກັດ', 6, 'ນາແຮ່', '2021-05-04', '08:00:00', '17:00:00', ' ໄປເຮັດວຽກຕາມກຳນົດເວລາ', ' ພະນັກງານພະແນກບັນຊີ ການເງິນ', '2021-05-10', NULL, NULL, NULL, NULL),
(423, 151, 1, 'ສີໄຄ', 6, 'ນາແຮ່', '1970-01-01', '08:00:00', '05:00:00', 'ຂາຍເຄື່ອງແຄມທາງ ຫຼັກສີ່ສົມວັງໝອງໄຮ ຕະຫຼາດສວນມວນ ', ' ບໍ່ມີ', '2021-05-10', 128, NULL, NULL, NULL),
(424, 137, 1, 'ບໍລີສັດເຄພີ', 6, 'ນາແຮ່', '2021-05-10', '08:00:00', '17:00:00', ' ', ' ', '2021-05-10', 111, NULL, NULL, NULL),
(425, 121, 1, 'ບໍລິສັດເຄພີ', 6, 'ນາແຮ່', '2021-05-10', '01:01:00', '17:00:00', 'ຊ່ວງເຊົ້າເຮັດວຽກຢູ່ບ້ານ ແລະ ຊ່ວງບ່າຍໄດ້ເຂົ້າການເພື່ອເຮັດເອກະສານ', 'ພະນັກງານບໍລິສັດເຄພີ', '2021-05-10', 27, NULL, NULL, NULL),
(426, 140, 1, 'ບໍລິສັດ ເຄພີ.', 6, 'ບ້ານ ນາແຮ່', '2021-05-10', '08:00:00', '19:00:00', ' 8:00 ຮອດຫ້ອງການ\r\n9:00 ອອກໄປຂາຍເຄື່ອງ. ທ່າງອນ .ເວີນຄຳ.ເມື່ອງ ໄຊທານິ\r\n10:30 ລົງຂາຍເຄື່ອງຢູ່ຕະຫລາຍທ່າງອນ.ບ້ານ ທ່າສະຫວ່າງ.\r\n12:00 ແວ່ກິນເຂົ້າ. ຢູ່ແຖວທ່າງອນ\r\n1:20 ອອກໄປຂາຍເຄື່ອງຕໍ່ ບ້ານ ເວີນຄຳ\r\n3:30 ກັບບໍລິສັດ\r\n4:30 ຮອດຫ້ອງການ. ຖອກເງີນ.ຮອດ 5 ໂມງແລງ ກັບບ້ານ .ກັກໂຕຢູ່ບ້ານ ບໍ່ໄດ້ໄປທາງໃດ ຈົນຮອດປະຈຸບັນ', ' ບໍ່ມີ', '2021-05-10', 112, NULL, NULL, NULL),
(427, 125, 1, 'Kp', 6, 'ນາແຮ່', '2021-05-10', '08:00:00', '05:00:00', ' ບໍ່ມີ', ' ບໍ່ມີ', '2021-05-10', 136, NULL, NULL, NULL),
(428, 147, 1, 'ເຄພີ', 6, 'ນາແຮ່', '2021-05-10', '08:00:00', '17:00:00', ' ໄປວຽກຫ້ອງການ ຕອນບ່າຍໄປສົ່ງສະການແມ່ປ້າເສຍຢູ່ວັດບ້ານດອນແດງ, ໃສ່ຜ້າປິດປາກ,ລ້າງມືຕະຫຼອດ', ' ໄປສົ່ງສະການມີແຕ່ພີ່ນ້ອງ', '2021-05-10', 37, NULL, NULL, NULL),
(429, 183, 1, 'ທົ່ງສາງນາງ', 1, 'ທົ່ງສາງນາງ', '2021-05-10', '09:10:00', '14:20:00', ' ໄປຂາຍເຄື່ອງ', ' ບໍ່ມີ', '2021-05-10', 124, NULL, NULL, NULL),
(430, 122, 6, 'ເຮືອນຂອງຕົນ', 8, 'ໂພນພະເນົາ', '2021-05-10', '06:00:00', '19:30:00', ' ເຮັດວຽກຢູ່ບ້ານ', ' ', '2021-05-10', 55, NULL, NULL, NULL),
(431, 190, 1, 'ໄປເລາະຂາຍເຄື່ອງແຄມທາງຂົວຫລວງ.ຮ່ອງຄ້າ.ຫນອງບົວທອງ', 6, 'ຂົວຫລວງ.ຫນອງບົວທອງ.ຮ່ອງຄ້າ', '2021-05-10', '09:30:00', '13:30:00', ' ໄປຂາຍເຄື່ອງເກັບເງິນ', ' ບໍ່ມີ', '2021-05-10', 135, NULL, NULL, NULL),
(432, 139, 1, 'ບໍລິສັດkp', 6, 'ນາແຮ່', '2021-05-10', '08:00:00', '05:00:00', ' 9:30ອອກໄປຂາຍເຄື່ອງນຳເຊວ ນາງ ຕິນ່າ ຢູ່ໜອງພະຍາ-ສີເກີດ ແລ້ວຈາກນັ້ນກໍ່ກັບບໍລິສັດkp', ' ທ້າວ ກຳ ນາງ ຕິນ່າ', '2021-05-10', 140, NULL, NULL, NULL),
(433, 154, 1, 'ຕ/ຫ ໜອງດວ້ງ', 6, 'ໜອງດວ້ງ', '1970-01-01', '08:10:00', '12:57:00', ' ຂາຍເຄືອງ', ' ບໍ່ມີ', '2021-05-10', 129, NULL, NULL, NULL),
(434, 153, 1, 'ບໍລິສັດkp', 6, 'ນາແຮ່', '2021-05-10', '08:00:00', '14:30:00', ' ໄປຫາລູກຄ້າ', ' ', '2021-05-10', 119, NULL, NULL, NULL),
(435, 133, 1, 'ຮ້ານຄ້າຕ່າງໆ', 1, 'ຊຽງຢືນ ຕະຫຼາດເຊົ້າ ສີສະຫວາດ ຕະຫຼາດມືດທົ່ງຂັນຄຳ ທົ່ງຂັນຄຳ', '1970-01-01', '08:00:00', '17:00:00', 'ນຳສະເໜີສິນຄ້າເຂົ້າຮ້ານຄ້າ ເກັບເງິນຕາມຮ້ານຄ້າ', ' ', '2021-05-10', 132, NULL, NULL, NULL),
(436, 134, 1, 'ບໍລິສັດເຄພີ', 6, 'ນາແຮ່', '2021-05-10', '07:54:00', '17:32:00', '+7:54 ຮອດຫ້ອງການເຄພີ\r\n9:30 ອອກຫ້ອງການເຄພີໄປຮ້ານຄ້າທາງໜອງບຶກ.ຊຳເກດ.ໜອງພະຍາ.ສີເກີດ\r\n+15:30ຮອດຫ້ອງການເຄພີ\r\n17:23 ກັບບ້ານ\r\n', ' ບໍ່ມີ\r\n', '2021-05-10', 105, NULL, NULL, NULL),
(437, 157, 1, 'Kp', 6, 'ນາແຮ່', '2021-05-10', '08:00:00', '14:00:00', ' ສີເມືອງ_ສວນມອນ', ' ລູກຄ້າ', '2021-05-10', 121, NULL, NULL, NULL),
(438, 135, 6, 'ບ້ານ', 6, 'ທົ່ງປົ່ງ', '2021-05-10', '06:01:00', '08:00:00', 'ວຽກ ', ' ຄອບຄົວ', '2021-05-10', 133, NULL, NULL, NULL),
(439, 162, 2, 'ສະພານທອງ', 7, 'ສະພານທອງ', '2010-05-21', '09:00:00', '13:00:00', ' ຂາຍເຄື່ອງ', ' ລູກຄ້າ', '2021-05-10', 117, NULL, NULL, NULL),
(440, NULL, 6, 'ໂພນປ່າເປົ້າ', 7, 'ໂພນປ່າເປົ້າ', '1970-01-01', '08:00:00', '19:00:00', ' ຢູ່ບ້ານປົກກະຕິບໍ່ໄດ້ໄປໃສ', ' ', '2021-05-10', NULL, NULL, NULL, NULL),
(441, 136, 1, 'ບໍລິສັດເຄພີ', 6, 'ນາແຮ່', '1970-01-01', '08:00:00', '17:00:00', 'ໄປເຊັກເຄື່ອງຮ້ານຄ້າແລະເກັບເງີນ', ' ', '2021-05-10', 137, NULL, NULL, NULL),
(442, 128, 1, 'Kp office', 6, 'ສີໂຄດຕະບອງ', '2021-05-10', '08:00:00', '09:29:00', ' ປະຊູມທີມງານຂາຍປະຈຳຕົ້ນອາທິດ', ' ຮ່ວມພະນັກງານຂາຍ 12 ຄົນ', '2021-05-10', 57, NULL, NULL, NULL),
(443, 128, 4, 'ຮ້ານລູກຄ້ສ', 4, 'ບ້ານ ນາຊາຍ ບ້ານຫນອງຄັນຄູ', '2021-05-10', '09:30:00', '01:30:00', ' ອອກກວດຮ້ານຄ້າ', ' ຮ່ວມຜູ້ສະຫນອງ ຄຸນເຮງ', '2021-05-10', 57, NULL, NULL, NULL),
(444, 128, 1, 'Kp office', 6, 'ນາແຮ່', '2021-05-10', '02:00:00', '06:00:00', ' ເຮັດລາຍງານປະຈຳເດືອນ4', ' ທ່ານ ແສງແກ້ວ', '2021-05-10', 57, NULL, NULL, NULL),
(445, 119, 1, 'ບໍລິສັດເຄພີຈຳກັດ', 6, 'ນາແຮ່', '2021-05-10', '07:30:00', '05:10:00', ' 07:30 ຮອດຫ້ອງການເຄພີ\r\n17:30 ອອກຈາກຫ້ອການເຄພີ\r\nແວະຮ້ານຈັນຫອມ\r\nແວະຊື້ຫມາກໄມ້ ຫມາກເບັງໂພນຕ້ອງ\r\nແວະຮ້ານບີບີສະປອດຊື້ເຄື່ອງກິລາ\r\n19:00 ຮອດບ້ານ', ' ', '2021-05-10', 56, NULL, NULL, NULL),
(446, 138, 1, 'ຮ້ານຄ້າ', 6, 'ປາກທ້າງ/ສີໄຄ', '2021-05-10', '08:00:00', '17:00:00', ' ລົງຮ້ານຄ້າ ເພື່ອເອົາອໍເດີ້ ແລະເກັບເງີນ', ' ບໍ່ມີ', '2021-05-10', 139, NULL, NULL, NULL),
(447, 130, 1, 'ບໍລິສັດ ເຄພີ', 6, 'ນາແຮ່', '2021-05-10', '08:00:00', '05:10:00', ' ຫຼັງຈາກນັ້ນກັບບ້ານ', ' ເພື່ອນຮ່ວມງານ', '2021-05-10', 138, NULL, NULL, NULL),
(448, 156, 1, 'ຕະຫຼາດສວນມອນ', 7, 'ສວນມອນ', '1970-01-01', '09:00:00', '15:49:00', ' ຂາຍເຄື່ອງເກັບໜີ້', ' ', '2021-05-10', 134, NULL, NULL, NULL),
(449, 175, 1, 'ບໍລິສັດ ເຄພີ', 6, 'ນາແຮ່', '2021-05-11', '08:00:00', '18:00:00', ' ', ' ', '2021-05-11', 70, NULL, NULL, NULL),
(450, 125, 1, 'Kp', 6, 'ນາແຮ່', '2021-05-11', '08:00:00', '05:00:00', ' ບໍ່ມີ', ' ບໍ່ມີ', '2021-05-11', 136, NULL, NULL, NULL),
(451, 190, 2, 'ຕະລາດຫນອງດ້ວງ', 6, 'ບ້ານຫນອງດ້ວງ', '2021-05-11', '09:30:00', '13:03:00', ' ໄປຂາຍເຄື່ອງເກັບເງິນ', ' ມີ19ຮ້ານ', '2021-05-11', 135, NULL, NULL, NULL),
(452, 140, 1, 'ບໍລິສັດ ເຄພີ', 7, 'ບ້ານ ນາແຮ', '2021-05-11', '08:00:00', '19:00:00', ' 8:00 ຮອດຫ້ອງການ\r\n9:00 ອອກໄປຂາຍເຄື່ອງ. ບ້ານ ໂພນໄຮ່ຄຳ. ບ້ານ ທົ່ງມັງ\r\n10:30 ຮອດບ່ອນຂາຍເຄື່ອງ .ບ້ານ ໂພນໄຮ່ຄຳ\r\n12:00 ແວ່ກິນເຂົ້າ\r\n13:30 ອອກໄປຂາຍເຄື່ອງຕໍ່ ທີ່ບ້ານ ທົ່ງມັງ.\r\n3:00 ກັບບໍລິສັດ\r\n4:15 ຮອດຫ້ອງການ ຖອກເງີນ\r\n5:00 ກັບບ້ານ. ປັດຈຸບັນຢູ່ບ້ານ ບໍ່ໄດ້ໄປໃສ ກັກໂຕ', ' ບໍ່ມີ', '2021-05-11', 112, NULL, NULL, NULL),
(453, 132, 1, 'ບໍລິສັດkp', 6, 'ນາແຮ່', '1970-01-01', '08:00:00', '17:00:00', ' ອອກໄປຂາຍເຄືອ່ງແລະກັບເງີນ', ' ', '2021-05-11', 116, NULL, NULL, NULL),
(454, 183, 1, 'ທົ່ງສາາງນາງ', 1, 'ທົ່ງສາງນາງ', '2021-05-11', '09:10:00', '04:20:00', ' ໄປຂາຍເຄື່ອງ', ' ບໍ່ມີ', '2021-05-11', 124, NULL, NULL, NULL),
(455, 133, 1, 'ຮ້ານຄ້າຕາມແຜ່ນຂາຍ', 1, 'ຫນອງດ້ວງ ຮ້ອງຄ້າ ຂົວຫຼວງ', '1970-01-01', '08:00:00', '17:00:00', ' ຂາຍສິນຄ້າ ຢູນິຊາມ ເຂົ້າຮ້ານຄ້າ ແລະ ເກັບເງິນ', ' ', '2021-05-11', 132, NULL, NULL, NULL),
(456, 151, 1, 'ສີໄຄ', 6, 'ນາແຮ່', '1970-01-01', '08:00:00', '07:00:00', 'ຂາຍເຄື່ອງຕະຫຼາດສວນມວນເກັບເງີນແຄມທາງ ', ' ບໍ່ມີ', '2021-05-11', 128, NULL, NULL, NULL),
(457, 137, 1, 'ບໍລີສັດເຄພີ', 6, 'ນາແຮ່', '2021-05-11', '08:00:00', '17:00:00', ' ', ' ', '2021-05-11', 111, NULL, NULL, NULL),
(458, 157, 1, 'Kp', 6, 'ນາແຮ່', '2021-05-11', '08:00:00', '14:00:00', ' T2_ຈອມມະນີ', ' ລູກຄ້າ', '2021-05-11', 121, NULL, NULL, NULL),
(459, 156, 1, 'ຫາດຊາຍຂາວ', 7, 'ຫາດຊາຍຂາວ', '1970-01-01', '08:00:00', '16:00:00', ' ຂາຍເຄື່ອງເກັບເງິນ', ' ', '2021-05-11', 134, NULL, NULL, NULL),
(460, 136, 1, 'ບລິສັດເຄພີ', 6, 'ນາແຮ່', '1970-01-01', '08:00:00', '17:00:00', ' ໄປເຊັກເຄື່ອງຮ້ານຄ້າແລະເກັບເງີນ\r\n1 ເວີມາກ\r\n2 ເຈມາກ\r\n3 sky\r\n4 ໂຊກໄຊ\r\n5 vimart', ' ', '2021-05-11', 137, NULL, NULL, NULL),
(461, 122, 1, 'ບໍລິສັດເຄພີ', 6, 'ນາແຮ່', '2021-05-11', '08:00:00', '20:00:00', ' ເຮັດວຽກ,  ໂຫຼດເຄື່ອງສົ່ງລູກຄ້າຊີພີ', ' ', '2021-05-11', 55, NULL, NULL, NULL),
(462, 135, 1, 'KP', 6, 'ທົ່ງປົ່ງ', '2021-05-11', '08:00:00', '08:00:00', ' ວຽກ', ' ພະນັກງານເຄພິ', '2021-05-11', 133, NULL, NULL, NULL),
(463, 147, 1, 'ເຄພິ', 6, 'ນາແຮ່', '1970-01-01', '08:00:00', '17:00:00', ' ເຮັດວຽກຫ້ອງການ\r\n', ' ', '2021-05-11', 37, NULL, NULL, NULL),
(464, 153, 1, 'ບໍລິສັດkp', 6, 'ນາແຮ່', '2021-05-11', '08:00:00', '14:30:00', ' ໄປຫາລູກຄ້າ', ' ', '2021-05-11', 119, NULL, NULL, NULL),
(465, 134, 1, 'ບໍລິສັດເຄພີ', 6, 'ນາແຮ່', '2021-05-11', '08:14:00', '17:00:00', '8:14 ຮອດຫ້ອງການເຄພີ \r\n9:25 ອອກໄປຮ້ານຄ້າທາງໂນນຂີ້ເຫລັກ.ບ້ານໃໝ່.ບ້ານສຳພັນນາ.ບ້ານເພຍລາດ.ບ້ານປາກຕອນ.ບ້ານອ່າງໃຫຍ່\r\n15:30ຮອດຫ້ອງການເຄພີ\r\n17:00 ກັບບ້ານ\r\n ', ' ບໍ່ມີ', '2021-05-11', 105, NULL, NULL, NULL),
(466, 154, 1, 'ຮອງຄ້າ', 1, 'ຮອງຄ້າ', '1970-01-01', '09:00:00', '12:57:00', ' ຂາຍເຄືອງ', ' ບໍ່ມີ', '2021-05-11', 129, NULL, NULL, NULL),
(467, 139, 1, 'ບໍລິສັດkp', 6, 'ນາແຮ່', '2021-05-11', '08:00:00', '05:00:00', ' ເຮັດວຽກຫ້ອງການ', ' ທ້າວ ຄຳຮັກ', '2021-05-11', 140, NULL, NULL, NULL),
(468, 121, 1, 'ບໍລິສັດເຄພີ', 6, 'ນາແຮ່', '2021-05-11', '13:00:00', '20:00:00', 'ຊ່ວງເຊົ້າເຮັດວຽກຢູ່ບ້ານແລະຊ່ວງບ່າຍເຂົ້າບໍລິສັດເພື່ອໂຫຼດເຄື່ອງສົ່ງຊີພີ', ' ພະນັກງານຂົນສົ່ງແລະພະນັກງານໃນພະແນກ food catering ', '2021-05-11', 27, NULL, NULL, NULL),
(469, 130, 1, 'Kp', 6, 'ນາແຮ່', '2021-05-11', '08:01:00', '08:00:00', ' ຫຼັງຈາກນັ້ນກັບບ້ານ', ' ເພື່ອນຮ່ວມງານ', '2021-05-11', 138, NULL, NULL, NULL),
(470, 119, 1, 'ບໍລິສັດເຄພີ', 6, 'ນາແຮ່', '2021-05-11', '07:30:00', '08:30:00', ' 07:30 ຮອດຫ້ອງການເຄພີ\r\n10:00 ລົງຮ້ານຈັນຫອມ \r\n- ຮ້ານແພ \r\n- ເຄື່ອງຈັກສານ \r\n- ຖ້ວຍບ່ວງ\r\n - ດີມາກດົງປ່າລາານ\r\n-ຕລາດສີໄຄ\r\nຮ້ານຂາຍຫົວອາຫານ\r\n20:30 ຫລັງໂຫຼດສິນຄ້າໂຄງການຊີພີແລ້ວ ກະກັບບ້ານ\r\nອອກຈາກເຄພີ \r\nແວ່ຊື້ເເນວກິນຢູ່ສີຫອມ\r\n21:00 ຮອດບ້ານ', ' ນາງຈິນຕະນາ\r\nນາງສຸກພະໄຊ\r\nນາງບີ້\r\nທ້າວປາສິດ\r\nທີມງານຂົນສົ່ງ', '2021-05-11', 56, NULL, NULL, NULL),
(471, 149, 2, 'ໝອ້ງດວ້ງ ທົ່ງຂັນຄຳສີສະຫວາ', 1, 'ທົ່ງຂັນຄຳ', '2021-05-11', '09:00:00', '14:00:00', ' ໄປລົງຕະຫຼາດ ', ' ບໍມີ', '2021-05-11', 18, NULL, NULL, NULL),
(472, 162, 2, 'ໂພນທັນ', 7, 'ສະພານທອງ', '2021-05-11', '08:00:00', '14:00:00', ' ຂາຍເຄື່ອງ', ' ລຸກຄ້າ', '2021-05-11', 117, NULL, NULL, NULL),
(473, NULL, 1, 'Kp', 6, 'ນາແຮ່', '2021-05-11', '08:01:00', '08:00:00', ' ຫຼັງຈາກນັ້ນກັບບ້ານ', ' ເພື່ອນຮ່ວມງານ', '2021-05-11', NULL, NULL, NULL, NULL),
(474, NULL, 1, 'ບລິສັດເຄພີ', 6, 'ນາແຮ່', '1970-01-01', '08:00:00', '17:00:00', ' ໄປເຊັກເຄື່ອງຮ້ານຄ້າແລະເກັບເງີນ\r\n1 ເວີມາກ\r\n2 ເຈມາກ\r\n3 sky\r\n4 ໂຊກໄຊ\r\n5 vimart', ' ', '2021-05-12', NULL, NULL, NULL, NULL),
(475, 92, 6, 'ເຮືອນ', 5, 'ສຳພັນນາ', '2021-05-12', '00:00:00', '00:00:00', ' ', ' ຄວບຄົວ', '2021-05-12', 3, NULL, NULL, NULL),
(476, 137, 1, 'ບໍລີສັດເຄພີ', 6, 'ນາແຮ່', '2021-05-12', '08:00:00', '17:00:00', ' ', ' ', '2021-05-12', 111, NULL, NULL, NULL),
(477, 125, 1, 'Kp', 6, 'ນາແຮ່', '2021-05-12', '08:00:00', '05:00:00', ' ບໍ່ມີ', ' ບໍ່ມີ', '2021-05-12', 136, NULL, NULL, NULL),
(478, 162, 1, 'ເພຍວັດ', 7, 'ສີເມືອງ', '2021-05-12', '08:00:00', '14:00:00', ' ຂາຍເຄື່ອງ', ' ລູກຄ້າ', '2021-05-12', 117, NULL, NULL, NULL),
(479, 132, 1, 'ບໍລິສັດkp', 6, 'ນາແຮ່', '1970-01-01', '08:00:00', '17:00:00', ' ອອກໄປຂາຍເຄື່ອງແລະເກັບເງີນ ແລະເຂົ້າທະນາຄານ', ' ', '2021-05-12', 116, NULL, NULL, NULL),
(480, 190, 1, 'ແຄມທາງຫນອງພະຍາ', 6, 'ບ້ານຫນອງພະຍາ', '2021-05-12', '09:30:00', '14:25:00', ' ໄປຂາຍເຄື່ອງເກັບເງິນ', ' ມີ18ຮ້ານ', '2021-05-12', 135, NULL, NULL, NULL),
(481, 122, 8, 'ຟາມຊີພີ', 3, 'ນາຊອນ', '2021-05-12', '09:00:00', '12:00:00', ' ສົ່ງເຄື່ອງໃຊ້ຫ້ອງການ', ' ທ.ແສງປະສິດ ເບີ54864259\r\nທ.ບຸນລ້ຽງ ເບີ55468550', '2021-05-12', 55, NULL, NULL, NULL),
(482, 183, 1, 'ທົ່ງຂັນຄຳ', 1, 'ສີສະຫວາດ', '2021-05-12', '09:07:00', '16:15:00', ' ໄປຂາຍເຄື່ອງ', ' ບໍ່ມີ', '2021-05-12', 124, NULL, NULL, NULL),
(483, 157, 1, 'Kp', 6, 'ນາແຮ່', '2021-05-12', '08:00:00', '14:00:00', ' ໄປຂາຍເຄຶ່ອງແຕ່ໜອງດ້ວງ_ຄຳຮຸ່ງ', ' ລູກຄ້າ', '2021-05-12', 121, NULL, NULL, NULL),
(484, 147, 1, 'ເຄພີ', 6, 'ນາແຮ່', '2021-05-12', '08:00:00', '17:00:00', ' ເຮັດວຽກຫ້ອງການ', ' ', '2021-05-12', 37, NULL, NULL, NULL),
(485, 139, 1, 'ບໍລິສັດkp', 6, 'ນາແຮ່', '2021-05-12', '08:00:00', '05:30:00', ' ໄປຂາຍເຄື່ອງນຳເຊວ ', ' ນາງ ຕິນ່າ', '2021-05-12', 140, NULL, NULL, NULL),
(486, 151, 1, 'ສີໃຄ', 6, 'ນາແຮ່', '1970-01-01', '08:00:00', '07:00:00', 'ຂາຍເຄື່ອງຢູ່ຕະຫຼາດດອນດອຍ\r\nແຄມທາງໝອງໄຮ ', ' ບໍ່ມີ', '2021-05-12', 128, NULL, NULL, NULL),
(487, 121, 1, 'ບໍລິສົດເຄພິ', 6, 'ນາແຮ່', '2021-05-12', '13:00:00', '05:00:00', ' ຊ່ວງເຊົ້າເຮັດວຽກຢູ່ບ້ານແລະຊ່ວງບ່າຍເຂົ້າບໍລິສັດ', ' ພະນັກງານບໍລິສັດ', '2021-05-12', 27, NULL, NULL, NULL),
(488, 133, 1, 'ຮ້ານຄ້າຕາມແຜນຂາຍ', 1, 'ທົ່ງສາງນາງ ຮອງໄກ່ແກ້ວ ໂພນຕ້ອງສະຫວາດ ຕະຫຼາດໂພນຕ້ອງຈອມມະນີ ດົງປ່ແຫຼບ', '1970-01-01', '08:00:00', '17:00:00', 'ຂາຍ ແລະ ນຳສະເຫນີສິນຄ້າ ຢູນີຊາມ ເຂົ້າຮ້ານຄ້າ ເກັບເງິນນຳລູກຄ້າ ແລະຖອກເງິນຜ່ານທາງທະນາຄານ ', ' ', '2021-05-12', 132, NULL, NULL, NULL),
(489, 141, 1, 'Sikhai', 6, 'Sikhai', '2021-05-12', '08:00:00', '17:00:00', ' ', ' ', '2021-05-12', 115, NULL, NULL, NULL),
(490, 149, 2, 'ສະພານທອງ ທົ່ງຂັນຄຳ', 1, 'ທົ່ງຂັນຄຳ', '2021-05-12', '09:00:00', '14:00:00', ' ໄປເກັບເງີນ', ' ບໍມີ', '2021-05-12', 18, NULL, NULL, NULL),
(491, 134, 1, 'ບໍລິສັດເຄພີ', 6, 'ນາແຮ່', '2021-05-12', '07:55:00', '17:00:00', 'ຮອດຫ້ອງການ7:55\r\n9:33ອອກຫ້ອງການໄປຮ້ານຄ້າບ້ານນາຊອນ.ຫົວຂົວ.ໜອງຄັນຄູ.ອີໄລ.ຕະຫລາດໂຊກທະວີ.ຕະຫລາດສົງເປືອຍ.ບ້າງອ່າງນ້ຳຫຸ່ມ ', ' ບໍ່ມີ', '2021-05-12', 105, NULL, NULL, NULL),
(492, 135, 7, 'ບ້ານ', 6, 'ທົ່ງປົ່ງ', '2021-05-12', '08:00:00', '08:00:00', ' ວຽກ', ' ບໍ່ມີ', '2021-05-12', 133, NULL, NULL, NULL),
(493, 130, 1, 'Kp', 6, 'ນາແຮ່', '2021-05-12', '08:00:00', '05:00:00', ' ຫຼັງຈາກນັ້ນກັບບ້ານ', ' ເພື່ອນຮ່ວມງານ', '2021-05-12', 138, NULL, NULL, NULL),
(494, 154, 1, 'ໜອງດວ້ງ', 1, 'ໜອງດວ້ງ', '1970-01-01', '08:58:00', '12:58:00', ' ຂາຍເຄືອງ', ' ບໍ່ມີ', '2021-05-12', 129, NULL, NULL, NULL),
(495, 140, 1, 'ບໍລິສັດ ເຄພີ', 6, 'ບ້ານ ໂພສີ', '2021-05-12', '08:00:00', '20:00:00', ' 8:00 ຮອດຫ້ອງການ.ລະຂື້ນລວມຊັ້ນ 2\r\n9:00 ອອກໄປຂາຍເຄື່ອງຢູ່ . ບ້ານ ຕານມີໄຊ. ບ້ານ ດົງໂດກ. ບ້ານ ນາທົ່ມ\r\n10:30 ຮອດບ່ອນຂາຍເຄື່ອງ ບ້ານ.ຕານມີໄຊ\r\n11:20 ໄປຂາຍຕໍ່ ຢູ່ບ້ານ ດົງໂດກ\r\n12:00 ແວ່ກິນເຂົ້າ ຢູ່ດົງໂດກ\r\n13:30 ອອກໄປຂາຍເຄື່ອງຕໍ່ ບ້ານ ນາທົ່ມ\r\n15:00 ກັບບໍລິສັດ\r\nຮອດບໍ່ລິສັດ 16:15 ຖອກເງີນ ຮອດ 5 ໂມງກັບບ້ານ. ຮອດບ້ານ ກະກັກໂຕຢູ່ບ້ານ ບໍ່ໄດ້ໄປທາງໃດ ຈົນຮອດປະຈຸບັນ', ' ບໍ່ມີ', '2021-05-12', 112, NULL, NULL, NULL),
(496, 156, 1, 'ໂພນປາເປົ້າ', 7, 'ໂພນປາເປົ້າ', '1970-01-01', '09:06:00', '15:15:00', 'ຂາຍເຄື່ອງເກັບໜີ້', ' ', '2021-05-12', 134, NULL, NULL, NULL),
(497, 136, 1, 'ບໍລິສັດເຄພີ', 6, 'ນາແຮ່', '1970-01-01', '08:00:00', '17:00:00', ' 1 ຮ້ານ LDC \r\n2 ຮ້ານ ເຈມາກ\r\n3 ຮ້ານ P-mart \r\n4 ຫົວລຽນ\r\n5 ຮ້ານ ເຊີ່ງຊ່າງ\r\n6 ຮ້ານ ບຸນທະວີ', ' ', '2021-05-12', 137, NULL, NULL, NULL),
(498, 138, 1, 'ຮ້ານຄ້າ', 9, 'ດອນຫນູນ', '2021-05-12', '08:00:00', '17:00:00', ' ເຊັກສະຕອ໋ກຮ້ານ ເອົາອໍເດີ້ແລະເກັບເງີນ', ' ບໍ່ມີ', '2021-05-12', 139, NULL, NULL, NULL),
(499, 119, 7, 'ໂຊກໃຫຍ່', 9, 'ໂຊກໃຫຍ່', '2021-05-12', '07:30:00', '06:30:00', ' 07:30 -17:00 ເຮັດວຽກຢູ່ບ້ານ', ' ', '2021-05-12', 56, NULL, NULL, NULL),
(500, 175, 1, 'ບໍລິສັດ ເຄພີບ້ານນາແຮ່ ', 6, 'ບ້ານນາແຮ່ ', '2021-05-12', '08:00:00', '18:00:00', ' ', ' ', '2021-05-12', 70, NULL, NULL, NULL),
(501, NULL, 1, 'Kp', 6, 'ນາແຮ່', '2021-05-12', '08:00:00', '05:00:00', ' ຫຼັງຈາກນັ້ນກັບບ້ານ', ' ເພື່ອນຮ່ວມງານ', '2021-05-12', NULL, NULL, NULL, NULL),
(502, NULL, 6, 'ຢູ່ບ້ານ', 9, 'ພະຂາວ', '2021-04-29', '06:00:00', '19:00:00', ' ເຮັດວຽກຢູ່ບ້ານ', ' ', '2021-05-13', NULL, NULL, NULL, NULL),
(503, 92, 6, 'ເຮືອນ', 5, 'ສຳພັນນາ', '2021-05-12', '00:00:00', '00:00:00', ' ', ' ', '2021-05-13', 3, NULL, NULL, NULL),
(504, 153, 1, 'ບໍລິສັດkp', 6, 'ນາແຮ່', '2021-05-13', '08:00:00', '17:00:00', ' ຫາລູກຄ້າ', ' ', '2021-05-13', 119, NULL, NULL, NULL),
(505, 147, 6, 'ຢູ່ບ້ານ', 9, 'ຄໍາຮຸ່ງ', '1970-01-01', '08:00:00', '17:00:00', ' ເຮັດວຽກຢູ່ບ້ານ', ' ', '2021-05-13', 37, NULL, NULL, NULL),
(506, 132, 1, 'ບໍລິສັດkp', 6, 'ນາແຮ່', '1970-01-01', '08:00:00', '17:00:00', ' ອອກໄປຂາຍເຄື່ອງແລະເກັບເງີນ', ' ', '2021-05-13', 116, NULL, NULL, NULL),
(507, 121, 1, 'ບໍລິສັດເຄພີ', 6, 'ນາແຮ່', '2021-05-13', '13:00:00', '17:00:00', 'ຊ່ວງເຊົ້າເຮັດວຽກຢູ່ບ້ານແລະຊ່ວງບ່າຍເຂົ້າບໍລິສັດ', ' ພະນັກງານໃນຫ້ອງການ', '2021-05-13', 27, NULL, NULL, NULL),
(508, 122, 1, 'ບໍລິສັດເຄພີ', 6, 'ນາແຮ່', '2021-05-13', '08:00:00', '16:00:00', ' ເຮັດວຽກ', ' ', '2021-05-13', 55, NULL, NULL, NULL),
(509, 190, 1, 'ແຄມທາງຫນອງດ້ວງ', 6, 'ບ້ານຫນອງດ້ວງ', '2021-05-13', '09:30:00', '14:05:00', ' ໄປຂາຍເຄື່ອງ', ' ມີ11ຮ້ານ', '2021-05-13', 135, NULL, NULL, NULL),
(510, 183, 1, 'ທົ່ງຂັນຄຳ', 1, 'ສີສະຫວາດ', '2021-05-13', '09:10:00', '04:15:00', ' ໄປຂາຍເຄື່ອງ', ' ບໍ່ມີ', '2021-05-13', 124, NULL, NULL, NULL),
(511, 125, 1, 'Kp', 6, 'ນາແຮ່', '2021-05-13', '08:00:00', '05:00:00', ' ບໍ່ມີ', ' ບໍ່ມີ', '2021-05-13', 136, NULL, NULL, NULL),
(512, 162, 2, 'ຂົວດີນ', 7, 'ໜອງຈັນ', '2021-05-13', '80:00:00', '14:00:00', ' ຂາຍເຄື່ອງ', ' ລູກຄ້າ', '2021-05-13', 117, NULL, NULL, NULL),
(513, 137, 1, 'ບໍລີສັດເຄພີ', 6, 'ນາແຮ່', '2021-05-13', '08:00:00', '17:00:00', ' ', ' ', '2021-05-13', 111, NULL, NULL, NULL),
(514, 140, 1, 'ບໍລິສັດ ເຄພີ', 6, 'ບ້ານ ນາແຮ', '2021-05-13', '08:00:00', '19:00:00', ' 8:00 ຮອດຫ້ອງການ ຂື້ນໄປລວມຊັ້ນ 2\r\n9:00 ອອກໄປຂາຍເຄື່ອງ ຢູ່ ປາກງື່ມ\r\n11:00 ຮອດ ບ້ານ ພ້າວ ລົງຂາຍເຄື່ອງປົກກະຕິ\r\n12:00 ແວ່ກິນເຂົ້າ ຢູ່ບ້ານພ້າວ\r\n13:30 ອອກໄປເຄື່ອງຕໍ່ ບ້ານ ປາກງື່ມ\r\n15:00 ກັບບໍລິສັດ\r\n17:15 ຮອດຫ້ອງການ. ຖອກເງີນ ລະກະກັບບ້ານ. ຮອດບ້ານກະກັກໂຕ ບໍ່ໄດ້ໄປທາງໃດຕໍ່', ' ບໍ່ມີ', '2021-05-13', 112, NULL, NULL, NULL),
(515, 156, 1, 'ດອນກອຍ-ໜອງໄຮ', 7, 'ດອນກອຍ-ໜອງໄຮ', '2021-05-13', '09:00:00', '16:00:00', ' ຂາຍເຄື່ອງເກັບເງິນ', ' ', '2021-05-13', 134, NULL, NULL, NULL),
(516, 151, 1, 'ສີໄຄ', 6, 'ນາແຮ່', '1970-01-01', '08:00:00', '07:00:00', 'ໄປຂາຍເຄື່ອງຢູ່ໂພນປ່າເປົ່າເກັບເວີນຢູ່ຕະຫຼາດສວນມວນ  ', ' ບໍ່ມີ', '2021-05-13', 128, NULL, NULL, NULL),
(517, NULL, 1, 'ບໍລິສັດເຄພີ', 6, 'ນາແຮ່', '1970-01-01', '08:00:00', '17:00:00', ' 1 ຮ້ານ LDC \r\n2 ຮ້ານ ເຈມາກ\r\n3 ຮ້ານ P-mart \r\n4 ຫົວລຽນ\r\n5 ຮ້ານ ເຊີ່ງຊ່າງ\r\n6 ຮ້ານ ບຸນທະວີ', ' ', '2021-05-13', NULL, NULL, NULL, NULL),
(518, 136, 1, 'ບໍລິສັດເຄພີ', 6, 'ນາແຮ່າ', '1970-01-01', '08:00:00', '17:00:00', ' 1 ຮ້ານ CSC\r\n2 ຕະຫລາດສະບາຍດີວຽງຈັນ\r\n3 ຮ້ານ ເມກາໂຄ\r\n4 ring ping\r\n5 mpointmart\r\n6 J mart', ' ', '2021-05-13', 137, NULL, NULL, NULL),
(519, 133, 1, 'ຮ້ານຄ້າ ຕາມແຜນຂາຍ', 1, 'ຫນອງທາ ຫ້ວຍຫົງ ຕານມີໄຊ', '1970-01-01', '08:00:00', '17:00:00', 'ຂາຍ ແລະ ນຳສະເຫນີສິນຄ້າ Unicharm ເຂົ້າຮ້ານຄ້າ ເກັບເງິນນຳລູກຄ້າ ແລະຖອກເງິນຜ່ານທາງທະນາຄານ', ' ', '2021-05-13', 132, NULL, NULL, NULL),
(520, 154, 1, 'ຊຳເກດ', 9, 'ຊຳເກດ', '1970-01-01', '08:05:00', '12:58:00', ' ຂາຍເຄືອງ', ' ບໍ່ມີ', '2021-05-13', 129, NULL, NULL, NULL),
(521, 157, 1, 'Kp', 6, 'ນາແຮ່', '2021-05-13', '08:00:00', '14:00:00', ' ໄປຂາຍເຄຶ່ອງຕະຫລາດຂົວດິນ_ນາໄຊ', ' ລູກຄ້າ', '2021-05-13', 121, NULL, NULL, NULL),
(522, 134, 1, 'ບໍລິສັດເຄພີ', 6, 'ນາແຮ່', '2021-05-13', '07:44:00', '17:00:00', '+7:44ຮອດຫ້ອງການເຄພີ\r\n9:35ອອກໄປຮ້ານຄ້າມີບ້ານໂພນຄຳ.ນາຂ່າ.ໂພນມ່ວງ.ນາງາ.ບ້ານບົວ.ໜອງສະ.ນາດີ.ສີວິໄລ\r\n+15:43 ຮອດຫ້ອງການເຄພີ\r\n+17:00ກັບບ້ານ\r\n ', ' ບໍ່ມີ\r\n', '2021-05-13', 105, NULL, NULL, NULL),
(523, 135, 1, 'ເຄພິ', 6, 'ນາແຮ່', '2021-05-13', '08:00:00', '05:00:00', ' ວຽກ', ' ພະນັກງານເຄພິ', '2021-05-13', 133, NULL, NULL, NULL),
(524, 119, 7, 'ໂຊກໃຫຍ່', 9, 'ໂຊກໃຫຍ່', '2021-05-13', '19:30:00', '06:30:00', ' 07:30 -18:30 ເຮັດວຽກຢູ່ບ້ານ', ' ', '2021-05-13', 56, NULL, NULL, NULL),
(525, 138, 1, 'ຮ້ານຄ້າ', 8, 'ຫົວຂວາ', '2021-05-13', '08:00:00', '17:00:00', ' ມີໄປເອົາອໍເດີ້ ເກັບເງີນ ແລະຖອກເງີນຫອ້ງການ', ' ບໍ່ມີ', '2021-05-13', 139, NULL, NULL, NULL),
(526, 141, 1, 'Sikhai', 6, 'Sikhai', '2021-05-13', '08:00:00', '17:00:00', ' ', ' ', '2021-05-13', 115, NULL, NULL, NULL),
(527, 128, 1, 'Office kp', 6, 'ນາແຮ່', '2021-05-13', '08:00:00', '06:00:00', ' ປະຊູມອອນໄລ', ' ທ້າວ ຄຳຮັກ', '2021-05-13', 57, NULL, NULL, NULL),
(528, 141, 1, 'Sikhai', 6, 'Sikhai', '2021-05-13', '08:00:00', '17:00:00', ' ', ' ', '2021-05-13', 115, NULL, NULL, NULL),
(529, 149, 1, 'ສີສະຫວາດ ສີບຸນເຮືອງ', 1, 'ສີສະຫວາດ', '2021-05-13', '09:00:00', '04:00:00', ' ໄປເກັບເງິນຂາຍເຄື້ອງນຳເຊວ', ' ບໍມີ', '2021-05-13', 18, NULL, NULL, NULL),
(530, NULL, 1, 'ບໍລິສັດເຄພີ', 6, 'ນາແຮ່າ', '1970-01-01', '08:00:00', '17:00:00', ' 1 ຮ້ານ CSC\r\n2 ຕະຫລາດສະບາຍດີວຽງຈັນ\r\n3 ຮ້ານ ເມກາໂຄ\r\n4 ring ping\r\n5 mpointmart\r\n6 J mart', ' ', '2021-05-13', NULL, NULL, NULL, NULL),
(531, 135, 7, 'ບ້ານ', 6, 'ທົ່ງປົ່ງ', '2021-05-14', '08:00:00', '06:00:00', ' ວຽກ', ' ບໍ່ມີ', '2021-05-14', 133, NULL, NULL, NULL),
(532, 125, 1, 'Kp', 6, 'ນາແຮ່', '2021-05-14', '08:00:00', '05:00:00', ' ບໍ່ມີ', ' ບໍ່ມີ', '2021-05-14', 136, NULL, NULL, NULL),
(533, 122, 1, 'ບໍລິສັດເຄພີ', 6, 'ນາແຮ່', '2021-05-14', '08:00:00', '16:00:00', ' ເຮັດວຽກ', ' ', '2021-05-14', 55, NULL, NULL, NULL),
(534, 147, 1, 'ເຄພີ', 6, 'ນາແຮ່', '2021-05-14', '08:00:00', '17:00:00', ' ເຮັດວຽກຫ້ອງການ', ' ', '2021-05-14', 37, NULL, NULL, NULL),
(535, 132, 1, 'ບໍລະສັດkp', 6, 'ນາແຮ່', '1970-01-01', '08:00:00', '17:00:00', ' ອອກໄປຂາຍເຄືອງແລະເກັບເງີນ', ' ', '2021-05-14', 116, NULL, NULL, NULL),
(536, 183, 1, 'ທົ່ງຂັນຄຳ', 1, 'ສີສະຫວາດ', '2021-05-13', '09:15:00', '03:30:00', ' ໄປຂາຍເຄື່ອງ', ' ບໍ່ມີ', '2021-05-14', 124, NULL, NULL, NULL),
(537, 190, 1, 'ແຄມທາງຊຳເກດ', 6, 'ຊຳເກດ', '2021-05-14', '09:30:00', '14:10:00', ' ໄປຂາຍເຄື່ອງ', ' ມີ15ຮ້ານ', '2021-05-14', 135, NULL, NULL, NULL),
(538, 162, 2, 'ພະໄຊ', 7, 'ພະໄຊ', '2021-05-14', '08:00:00', '14:00:00', ' ຂາຍເຄື່ອງ', ' ລູກຄ້າ', '2021-05-14', 117, NULL, NULL, NULL),
(539, 137, 1, 'ບໍລີສັດເຄພີ', 6, 'ນາແຮ່', '2021-05-14', '08:00:00', '17:00:00', ' ', ' ', '2021-05-14', 111, NULL, NULL, NULL),
(540, 157, 1, 'Kp', 6, 'ນາແຮ່', '2021-05-13', '08:00:00', '14:00:00', ' ໄປຂາຍເຄຶ່ອງສາຍລົມ_ໂຟນປາເປົ້າ', ' ລູກຄ້າ', '2021-05-14', 121, NULL, NULL, NULL),
(541, 157, 1, 'Kp', 6, 'ນາແຮ່', '2021-05-14', '08:00:00', '14:00:00', ' ໄປຂາຍເຄຶ່ອງສາຍລົມ_ໂພນປາເປົ້າ', ' ລູກຄ້າ', '2021-05-14', 121, NULL, NULL, NULL),
(542, 133, 1, 'ຮ້ານຄ້າຕາມແຜນຂາຍປະຈຳວັນ', 1, 'ຕະຫຼາດໂພນສະຫວ່າງ  ບ.ໂພນສະຫວ່າງ ຈອມມະນີ ສີວິໄລ ຄຳຮຸ່ງ ຊ້າງຄູ ພະຂາວ', '1970-01-01', '08:00:00', '17:00:00', 'ຂາຍ ແລະ ນຳສະເຫນີສິນຄ້າ Unicharm ເຂົ້າຮ້ານຄ້າ ເກັບເງິນນຳລູກຄ້າ ແລະຖອກເງິນຜ່ານທາງທະນາຄານ', ' ', '2021-05-14', 132, NULL, NULL, NULL),
(543, 153, 1, 'ບໍລິສັດkp', 6, 'ນາແຮ່', '2021-05-14', '08:00:00', '14:50:00', ' ໄປຫາລູກຄ້າ', ' ', '2021-05-14', 119, NULL, NULL, NULL),
(544, NULL, 1, 'ຮ້ານຄ້າຕາມແຜ່ນຂາຍ', 1, 'ຫນອງດ້ວງ ຮ້ອງຄ້າ ຂົວຫຼວງ', '1970-01-01', '08:00:00', '17:00:00', ' ຂາຍສິນຄ້າ ຢູນິຊາມ ເຂົ້າຮ້ານຄ້າ ແລະ ເກັບເງິນ', ' ', '2021-05-14', NULL, NULL, NULL, NULL),
(545, 149, 2, 'ສະພານທອງ ຂົວດີນ', 7, 'ຂົວດີນ', '2021-05-14', '09:00:00', '16:01:00', ' ໄປຫາລູກຄ້າ', ' ບໍມີ', '2021-05-14', 18, NULL, NULL, NULL),
(546, 121, 1, 'ບໍລິສັດເຄພີ', 6, 'ນາແຮ່', '2021-05-14', '13:00:00', '17:00:00', ' ຊ່ວງເຊົ້າເຮັດວຽກຢຸ່ບ້ານແລະຊ່ວງບ່າຍເຂຢ້າຫ້ອງການ', ' ພະນັກງານໃນບໍລິສັດ', '2021-05-14', 27, NULL, NULL, NULL),
(547, 156, 1, 'ໍທົງກາງ-ທາພະລານໄຊ', 7, 'ທົງກາງ-ທ່າພະລານໄຊ', '2021-05-14', '09:12:00', '16:11:00', ' ຂາຍເຄື່ອງເກັບເງິນ', ' ', '2021-05-14', 134, NULL, NULL, NULL),
(548, 119, 1, 'ບໍລິສັດເຄພີ', 6, 'ນາແຮ່', '2021-05-14', '07:30:00', '05:30:00', ' 07:30 ຮອດຫ້ອງການເຄພີ\r\n10:00 ອອກໄປວຽກຮ້ານຈັນຫອມ\r\n11:00 ໄປ ທນຄ ການຄ້າສາຂາທົ່ງຂັນຄຳ\r\n12:00 ແວ່ຮ້ານສົມພອນ\r\n13:00 ແວ່ຮ້ານປາກປ່າສັກການພິມ\r\n14:00 ຮອດຫ້ອງການເຄພີ\r\n16:00 ໄປສຸວັນນີ ສາຂາສີໄຄ\r\n17:30 ອອກຈາກຫ້ອງການເຄພີ\r\nແວະຊື້ແຫນມເນື່ອງຫນອງດ້ວງ\r\n18:30 ຮອດບ້ານ', ' ', '2021-05-14', 56, NULL, NULL, NULL),
(549, 140, 1, 'ບໍລິສັດ ເຄພີ', 6, 'ບ້ານ ນາແຮ', '2021-05-14', '08:00:00', '20:00:00', ' 8:00 ຮອດຫ້ອງການ ຂື້ນລວມຊັ້ນ 2\r\n9:00 ອອກໄປຂາຍເຄື່ອງ ບ້ານເກີນ ປາກກະຍຸງ\r\n10:30 ຮອດບ້ານເກີນ ລົງຂາຍເຄື່ອງປົກກະຕິ\r\n12:00 ແວ່ກິນເຂົ້າຢູ່ຕະຫລາດບ້ານເກີນ\r\n13:30 ອອກໄປຂາຍເຄື່ອງຕໍ່ ບ້ານປາກກະຍຸງ\r\n15:15 ກັບບໍລິສັດ\r\n16:50 ຮອດຫ້ອງການ ຖອກເງີນ\r\n17:00 ກັບບ້ານ . ຮອດບ້ານກັກໂຕບໍ່ໄດ້ໄປທາງໃດ ຈົນຮອດປະຈຸບັນ', ' ບໍ່ມີ', '2021-05-14', 112, NULL, NULL, NULL),
(550, 151, 1, 'ສີໃຄ', 6, 'ນາແຮ່', '1970-01-01', '08:00:00', '07:00:00', 'ໄປຂາຍເຄື່ອງແຖວໂສກປ່າລວງ ທົ່ງກາງ ຫຼັກສີ່ ', ' ບໍ່ມີ', '2021-05-14', 128, NULL, NULL, NULL),
(551, 141, 1, 'Sikhai', 6, 'Sikhai', '2021-05-14', '08:00:00', '17:00:00', ' ', ' ', '2021-05-14', 115, NULL, NULL, NULL),
(552, 154, 1, 'ໜອງພະຍາ', 9, 'ໜອງພະຍາ', '1970-01-01', '08:05:00', '12:58:00', ' ຂາຍເຄືອງ', ' ບໍ່ມີ', '2021-05-14', 129, NULL, NULL, NULL),
(553, 134, 1, 'ບໍລິສັດເຄພີ', 6, 'ນາແຮ່', '2021-05-14', '07:54:00', '17:00:00', '7:54 ຮອດເຄພີ\r\n9:30ອອກໄປຮ້ານຄ້າມີທາງສາຍບ້ານໂນນສະອາດ.ອຸດົມ .ລາດຄວາຍ.ປາກຊາບ.ນາສາລາ.ທ່າງງອນ.ນາຄູນ.ນາຊາຍ\r\n15:30ຮອດຫ້ອງການເຄພີ\r\n17:00ກັບບ້ານ', ' ບໍ່ມີ', '2021-05-14', 105, NULL, NULL, NULL),
(554, NULL, 2, 'ຮ້ານ CSC ', 9, 'ໂຊກນ້ອຍ', '1970-01-01', '13:00:00', '05:00:00', ' ຫາລູກຄ້າ', ' ພົວພັນກັບຈັດຊື້ ລູກຄ້າ ຊາຟິດເນ່', '2021-05-14', NULL, NULL, NULL, NULL),
(555, 92, 6, 'ເຮືອນນ້ອງສາວ', 5, 'ສຳພັນນາ', '2021-05-15', '10:02:00', '17:30:00', ' ', ' ຄວບຄົວ', '2021-05-15', 3, NULL, NULL, NULL),
(556, 162, 6, 'ວຽງສະຫວັນ', 6, 'ວຽງສະຫວັນ', '2021-05-15', '08:00:00', '18:00:00', ' ຢູ່ບ້ານ', ' ບໍ່ມີ', '2021-05-15', 117, NULL, NULL, NULL),
(557, 130, 6, 'ເຮືອນ', 9, 'ໜອງພະຍາ', '2021-05-15', '08:00:00', '08:00:00', ' ຢູ່ບ້ານ', ' ພໍ່ ແລະ ແມ່', '2021-05-15', 138, NULL, NULL, NULL),
(558, 137, 6, 'ໝອງສະໂນຄຳ', 6, 'ໝອງສະໂນຄຳ', '2021-05-15', '08:00:00', '17:00:00', ' ', ' ', '2021-05-15', 111, NULL, NULL, NULL),
(559, 183, 6, 'ນາແຮ່', 6, 'ນາແຮາ', '2021-05-15', '08:05:00', '05:05:00', ' ຢູ່ບ້ານປົກກະຕິ', ' ບໍ່ມີ', '2021-05-15', 124, NULL, NULL, NULL),
(560, 122, 6, 'ເຮືອນເຈົ້າຂອງ', 6, 'ໂພນພະເນົາ', '2021-05-15', '06:00:00', '19:00:00', ' ຢູ່ບ້ານ', ' ', '2021-05-15', 55, NULL, NULL, NULL),
(561, 153, 6, 'ວຽງສະຫວັນ', 6, 'ວຽງສະຫວັນ', '2021-05-15', '08:00:00', '19:00:00', ' ຢູ່ບ້ານ', ' ບໍ່ມີ', '2021-05-15', 119, NULL, NULL, NULL),
(562, 125, 6, 'ທົ່ງປົ່ງ', 6, 'ທົ່ງປົ່ງ', '2021-05-15', '08:00:00', '05:00:00', ' ບໍ່ມີ', ' ບໍ່ມີ', '2021-05-15', 136, NULL, NULL, NULL),
(563, NULL, 6, 'ເຮືອນນ້ອງສາວ', 5, 'ສຳພັນນາ', '2021-05-15', '10:02:00', '17:30:00', ' ', ' ຄວບຄົວ', '2021-05-15', NULL, NULL, NULL, NULL),
(564, 149, 6, 'ສີໄຄທົ່ງ', 6, 'ສີໄຄທົ່ງ', '2021-05-15', '08:00:00', '06:00:00', ' ບໍໄດ້ໄປໃສ່', ' ບໍໄດ້ສຳພັດ', '2021-05-15', 18, NULL, NULL, NULL),
(565, 119, 6, 'ໂຊກໃຫຍ່', 9, 'ໂຊກໃຫຍ່', '2021-05-15', '07:30:00', '06:30:00', ' 07:30-18:30 ຢູ່ບ້ານບໍ່ໄດ້ໄປໃສ', ' ', '2021-05-15', 56, NULL, NULL, NULL),
(566, 133, 6, 'ຢູ່ບ້ານ', 6, 'ໜອງບົວທອງ', '1970-01-01', '01:00:00', '24:00:00', 'ຢູ່ບ້ານຫຼຸດເຊື້ອ ເພື່ອຊາດ', ' ', '2021-05-15', 132, NULL, NULL, NULL),
(567, 190, 6, 'ບ້ານຕາດທອງ', 6, 'ບ້ານຕາດທອງ', '2021-05-15', '06:00:00', '23:00:00', ' ນອນຢູ່ເຮືອນ', ' ຄອບຄົວມີ7ຄົນ', '2021-05-15', 135, NULL, NULL, NULL),
(568, 132, 6, 'ຮອ່ງໄກ່ແກ້ວ', 1, 'ຮອ່ງໄກ່ແກ້ວ', '1970-01-01', '08:00:00', '17:00:00', ' ຢູບ້ານບໍໄດ້ໄປໃສ', ' ', '2021-05-15', 116, NULL, NULL, NULL),
(569, 151, 6, 'ຈີ່ນາຍໂມ້', 7, 'ຈອມເພັດ', '1970-01-01', '07:00:00', '07:00:00', 'ຢູ່ບ້ານ ', ' ຄອບຄົວ', '2021-05-15', 128, NULL, NULL, NULL),
(570, 139, 6, 'ຫ້ອງຕົນເອງ', 6, 'ໜອງແຕ່ງ', '2021-05-15', '06:00:00', '06:00:00', ' ນອນ', ' ບໍ່ມີ', '2021-05-15', 140, NULL, NULL, NULL),
(571, 157, 6, 'ຈອມມະນີ', 8, 'ຈອມມະນີ', '2021-05-15', '08:00:00', '24:00:00', ' ຍູ່ບ້ານ', ' ກັບລູກ', '2021-05-15', 121, NULL, NULL, NULL),
(572, 140, 6, 'ບ້ານ ໂພສີ', 6, 'ບ້ານ ໂພສີ', '2021-05-15', '06:00:00', '20:00:00', ' ຢູ່ບ້ານ ບໍ່ໄດ້ອອກໄປທາງໃດ', ' ບໍ່ມີ', '2021-05-15', 112, NULL, NULL, NULL),
(573, 128, 7, 'ຂຸດບ່ອນເກັບນຳ້ເສຍ', 6, 'ທົ່ງປົ່ງ', '2021-05-15', '08:00:00', '08:00:00', ' ຂຸດດີນ ປະສົມສີມັງ ເທພື້ນ', ' ຄອບຄົວ', '2021-05-15', 57, NULL, NULL, NULL),
(574, 135, 6, 'ບ້ານ', 6, 'ທົ່ງປົ່ງ', '2021-05-15', '06:00:00', '08:00:00', ' ວຽກ', ' ຄອບຄົວ', '2021-05-15', 133, NULL, NULL, NULL),
(575, 121, 6, 'ເຮືນຕົວເອງ', 6, 'ໂພສີ', '2021-05-15', '08:59:00', '05:00:00', ' ຢູ່ບ້ານໝົດມື້', ' ຄົນໃນຄອບຄົວ', '2021-05-15', 27, NULL, NULL, NULL),
(576, 121, 6, 'ເຮືນຕົວເອງ', 6, 'ໂພສີ', '2021-05-15', '08:59:00', '05:00:00', ' ຢູ່ບ້ານໝົດມື້', ' ຄົນໃນຄອບຄົວ', '2021-05-15', 27, NULL, NULL, NULL),
(577, 154, 6, 'ດອນຂາຊາຍ', 2, 'ດອນຂາຊາຍ', '1970-01-01', '06:01:00', '12:55:00', ' ຢູ່ບ້ານ', ' ຄອບຄົວ', '2021-05-15', 129, NULL, NULL, NULL),
(578, 156, 7, 'ສີໄຄ', 6, 'ສີໄຄ', '1970-01-01', '09:00:00', '14:00:00', ' ເຮັດວຽກຢູ່ບ້ານ', ' ', '2021-05-15', 134, NULL, NULL, NULL),
(579, 141, 6, 'Oupmoung', 6, 'Oupmoung', '2021-05-15', '08:00:00', '00:00:00', ' ', ' ', '2021-05-15', 115, NULL, NULL, NULL),
(580, 147, 6, 'ຢູ່ບ້ານ', 9, 'ຄໍາຮຸ່ງ', '2021-05-15', '08:00:00', '17:00:00', ' ', ' ', '2021-05-15', 37, NULL, NULL, NULL),
(581, 175, 8, 'ບ້ານ', 9, 'ບ້ານຄຳຮຸ່ງ', '1970-01-01', '08:00:00', '17:00:00', ' ', ' ', '2021-05-15', 70, NULL, NULL, NULL),
(582, NULL, 6, 'ເຮືອນ', 9, 'ໜອງພະຍາ', '2021-05-15', '08:00:00', '08:00:00', ' ຢູ່ບ້ານ', ' ພໍ່ ແລະ ແມ່', '2021-05-15', NULL, NULL, NULL, NULL),
(583, 138, 6, 'ບ້ານ', 6, 'ຍາເລົ່າ', '2021-05-15', '08:00:00', '17:00:00', ' ຢູ່ບ້ານ', ' ຄອບຄົວ', '2021-05-15', 139, NULL, NULL, NULL),
(584, 157, 6, 'ຈອມມະນີ', 8, 'ຈອມມະນີ', '2021-05-16', '08:00:00', '24:00:00', ' ຍູ່ບ້ານ', ' ກັບລູກ', '2021-05-16', 121, NULL, NULL, NULL),
(585, 125, 6, 'ທົ່ງປົ່ງ', 6, 'ທົ່ງປົ່ງ', '2021-05-16', '08:00:00', '05:00:00', ' ບໍ່ມີ', ' ບໍ່ມີ', '2021-05-16', 136, NULL, NULL, NULL),
(586, 190, 6, 'ບ້ານຕາດທອງ', 6, 'ບ້ານຕາດທອງ', '2021-05-16', '06:05:00', '20:30:00', ' ນອນຢູ່ບ້ານຫມົດມື້', ' ມີ7ຄົນຄອບຄົວ', '2021-05-16', 135, NULL, NULL, NULL),
(587, 162, 6, 'ນາຊອນ', 4, 'ນາຊອນ', '2021-05-16', '10:00:00', '19:00:00', ' ບໍ່ມີ', ' ບໍ່', '2021-05-16', 117, NULL, NULL, NULL),
(588, 147, 6, 'ຢູ່ບ້ານ', 9, 'ຄໍາຮຸ່ງ', '2021-05-16', '08:00:00', '17:00:00', ' ', ' ', '2021-05-16', 37, NULL, NULL, NULL),
(589, 175, 8, 'ບ້ານ', 9, 'ຄຳຮຸ່ງ', '2021-05-16', '08:00:00', '17:00:00', ' ', ' ', '2021-05-16', 70, NULL, NULL, NULL),
(590, 183, 6, 'ນາແຮ່', 6, 'ນາແຮ່', '2021-05-16', '08:05:00', '20:30:00', ' ຢູ່ບ້ານ', ' ບໍ່ມີ', '2021-05-16', 124, NULL, NULL, NULL),
(591, 137, 6, 'ໝອງສະໂນຄຳ', 6, 'ໝອງສະໂນຄຳ', '2021-05-16', '08:00:00', '17:00:00', ' ', ' ', '2021-05-16', 111, NULL, NULL, NULL),
(592, 135, 6, 'ບ້ານ', 6, 'ທົ່ງປົ່ງ', '2021-05-16', '06:00:00', '08:52:00', ' ພັກຜ່ອນ', ' ຄອບຄົວ', '2021-05-16', 133, NULL, NULL, NULL),
(593, 153, 6, 'ວຽງສະຫວັນ', 6, 'ວຽງສຫວັນ', '2021-05-16', '08:00:00', '19:00:00', ' ຢູ່ບ້ານ', ' ບໍ່ມີ', '2021-05-16', 119, NULL, NULL, NULL),
(594, 149, 6, 'ສິໄຄທົ່ງ', 6, 'ສີໄຄທົ່ງ', '2021-05-16', '08:01:00', '17:00:00', ' ບໍໄດ້ໄປໃສ່ຢູ່ບ້ານ', ' ບໍມີ', '2021-05-16', 18, NULL, NULL, NULL),
(595, 121, 6, 'ເຮືອນຕົວເອງ', 6, 'ນາແຮ່', '2021-05-16', '08:00:00', '05:00:00', ' ຢູ່ບ້ານໝົດມື້', ' ຄອບຄົວ', '2021-05-16', 27, NULL, NULL, NULL),
(596, 140, 6, 'ບ້ານ ໂພສີ', 6, 'ບ້ານ ໂພສີ', '2021-05-16', '06:00:00', '21:00:00', ' ຢູ່ບ້ານ ກັກໂຕ ບໍ່ໄດ້ໄປທາງໃດ', ' ບໍ່ມີ', '2021-05-16', 112, NULL, NULL, NULL),
(597, 132, 6, 'ຮອ່ງໄກ່ແກ້ວ', 1, 'ບ້ານຮອ່ງໄກ່ແກ້ວ', '1970-01-01', '08:00:00', '17:00:00', ' ຢູ່ບ້ານບໍໄດ້ອອກໄປໃສ', ' ', '2021-05-16', 116, NULL, NULL, NULL),
(598, 119, 6, 'ໂຂກໃຫຍ່', 9, 'ໂຊກໃຫຍ່', '2021-05-16', '07:30:00', '07:30:00', ' 07:30-18:30 ຢູ່ບ້ານບໍ່ໄດ້ໄປໃສ', ' ', '2021-05-16', 56, NULL, NULL, NULL),
(599, 151, 6, 'ຈີ່ນາຍໂມ້', 7, 'ຈອມເພັດ', '1970-01-01', '07:00:00', '09:00:00', ' ຢູ່ບ້ານ', ' ຄອບຄົວ', '2021-05-16', 128, NULL, NULL, NULL),
(600, 122, 6, 'ເຮຶອນ', 8, 'ໂພນພະເນົາ', '2021-05-16', '06:00:00', '21:00:00', ' ຢູ່ບ້ານ', ' ', '2021-05-16', 55, NULL, NULL, NULL),
(601, 139, 6, 'ຫ້ອງຕົນເອງ', 6, 'ໜອງແຕ່ງ', '2021-05-16', '06:00:00', '06:00:00', ' ຢູ່ຫ້ອງ', ' ເອື້ອຍ', '2021-05-16', 140, NULL, NULL, NULL),
(602, 133, 6, 'ເຮືອນໂຕເອງ', 6, 'ໜອງບົວທອງ', '1970-01-01', '08:00:00', '17:00:00', ' ຢູ່ບ້ານຫຼຸດເຊື້ອ ເພື່ອຊາດ ', '', '2021-05-16', 132, NULL, NULL, NULL),
(603, 130, 6, 'ບ້ານ', 9, 'ໜອງພະຍາ', '2021-05-16', '08:00:00', '08:00:00', ' ຢູ່ບ້ານໝົດມື້', ' ພໍ່ ແລະ ແມ່', '2021-05-16', 138, NULL, NULL, NULL),
(604, 128, 7, 'ວັນຢຸດທ້າຍອາທິດ', 1, 'ສີສະຫວາດ', '2021-05-16', '00:00:00', '00:00:00', ' ພັກຜ່ອນ ແລະເຮັດວຽກເຮັດ', ' ກັບຄອບຄົວ', '2021-05-17', 57, NULL, NULL, NULL),
(605, 175, 1, 'KP CO.,LTD', 6, 'ນາແຮ່', '2021-05-17', '08:00:00', '18:00:00', ' ', ' ', '2021-05-17', 70, NULL, NULL, NULL),
(606, 132, 1, 'ນາແຮ່', 6, 'ບ້ານນາແຮ່', '1970-01-01', '08:00:00', '17:00:00', ' ອອກໄປຂາຍເຄືອ່ງແລະເກັບເງີນ ເຂົ້າທະນາຄານ', ' ', '2021-05-17', 116, NULL, NULL, NULL),
(607, 157, 1, 'Kp', 6, 'ນາແຮ່', '2021-05-17', '08:00:00', '14:00:00', ' ໄປຂາຍເຄຶ່ອງ ສີເມືອງ_ສວນມອນ', ' ກັບລູກຄ້າ', '2021-05-17', 121, NULL, NULL, NULL),
(608, 125, 1, 'Kp', 6, 'ນາແຮ່', '2021-05-17', '08:00:00', '05:00:00', ' ບໍ່ມີ', ' ບໍ່ມີ', '2021-05-17', 136, NULL, NULL, NULL),
(609, 135, 1, 'ເຄພິ', 6, 'ທົ່ງປົ່ງ', '2021-05-17', '08:00:00', '05:30:00', ' ວຽກ', 'ພະນັກງານ ເຄພິ', '2021-05-17', 133, NULL, NULL, NULL),
(610, 151, 1, 'ສີໃຄ', 6, 'ນາແຮ່', '1970-01-01', '07:00:00', '07:00:00', 'ໄປຂາຍເຄື່ອງຫຼັກ8ໝອງໄຮຫາດຊາຍຂາວ ', ' ບໍ່ມີ', '2021-05-17', 128, NULL, NULL, NULL),
(611, 137, 1, 'ບໍລີສັດເຄພີ', 6, 'ນາແຮ່', '2021-05-17', '08:00:00', '17:00:00', ' ', ' ', '2021-05-17', 111, NULL, NULL, NULL),
(612, 162, 2, 'ສະພານທອງ', 7, 'ສະພານທອງ', '2017-05-21', '08:00:00', '14:00:00', ' ຂາຍເຄື່ອງ', ' ລູກຄ້າ', '2021-05-17', 117, NULL, NULL, NULL),
(613, 183, 1, 'ທົ່ງສາງນາງ', 1, 'ທົ່ງສາງນາງ', '2021-05-17', '09:30:00', '04:20:00', ' ໄປຂາຍເຄື່ອງ', ' ບໍ່ມີ', '2021-05-17', 124, NULL, NULL, NULL),
(614, 153, 1, 'ບໍລິສັດ', 6, 'ນາແຮ່', '2021-05-17', '08:00:00', '17:00:00', ' ໄປຫາລູກຄ້າ', ' ', '2021-05-17', 119, NULL, NULL, NULL),
(615, 190, 1, 'ແຄມທາງຂົວຫລວງ', 6, 'ບ້ານຂົວຫລວງ ຫນອງບົວທອງ', '2021-05-17', '09:30:00', '14:30:00', ' ໄປຂາຍເຄື່ອງເກັບເງິນ', ' ມີ28ຮ້ານ', '2021-05-17', 135, NULL, NULL, NULL);
INSERT INTO `tbl_time_line` (`tl_id`, `staff_id`, `atv_id`, `location_name`, `district_id`, `village_name`, `date_atv`, `start_atv`, `stop_atv`, `detail_atv`, `detail_partnert`, `date_register`, `add_by`, `partner_symptom`, `own_symptom`, `partner_act`) VALUES
(616, 122, 1, 'ບໍລິສັດເຄພີ', 6, 'ນາແຮ່', '2021-05-17', '08:00:00', '17:00:00', ' ເຮັດວຽກ', ' ', '2021-05-17', 55, NULL, NULL, NULL),
(617, 138, 1, 'ຮ້ານຄ້າ', 6, 'ສີໄຄ', '2021-05-17', '08:00:00', '17:00:00', ' ລົງເຊັກສະຕອ໋ກຮ້ານຄ້າ ເອົາອໍເດີ້ ແລະເກັບເງີນ', ' ບໍ່ມີ', '2021-05-17', 139, NULL, NULL, NULL),
(618, 149, 2, 'ດອນນົກຂຸ້ມ', 7, 'ດອນນົກຂຸ້ມ', '2021-05-17', '10:00:00', '16:15:00', ' ໄປເກັບເງິນ', ' ບໍມິ', '2021-05-17', 18, NULL, NULL, NULL),
(619, 140, 1, 'ບໍລິສັດ ເຄພີ', 6, 'ບ້ານ ນາແຮ', '2021-05-17', '08:00:00', '19:00:00', ' 8:00 ຮອດຫ້ອງການ. ຂື້ນໄປລວມຊັ້ນ 2\r\n9:30 ອອກໄປຂາຍເຄື່ອງຢູ່ ບ້ານ ທ່າງອນ.ບ້ານເວີນຄຳ  ເມື່ອງໄຊທານີ\r\n10:50 ຮອດບ້ານ ທ່າງອນ ລົງຂາຍເຄື່ອງປົກກະຕິ\r\n12:00 ແວ່ກິນເຂົ້າ. ຢູ່ທ່າງອນ\r\n13:30 ອອກໄປຂາຍເຄື່ອງຕໍ່ ບ້ານ ເວີນຄຳ\r\n15:30 ກັບບໍລິສັດ \r\n16:40 ຮອດຫ້ອງການ.ຖອກເງີນ ລະກະກັບບ້ານ. \r\n17:00 ຮອດບ້ານ ກັກໂຕ ບໍ່ໄດ້ໄປທາງໃດ', ' ບໍ່ມີ', '2021-05-17', 112, NULL, NULL, NULL),
(620, 121, 6, 'ເຮືອນຕົວເອງ', 6, 'ນາແຮ່', '2021-05-17', '08:00:00', '05:00:00', ' ເຮັດວຽກຢູ່ບ້ານ', ' ຄອບຄົວ', '2021-05-17', 27, NULL, NULL, NULL),
(621, 133, 1, 'ຮ້ານຄ້າ ຕາມແຜນຂາຍ', 1, 'ສາຍລົມ ທົ່ງຂັນຄຳ ສີສະຫວາດ ຕະລາດເຊົ້າ', '1970-01-01', '08:00:00', '17:00:00', ' ຂາຍ ແລະ ນຳສະເຫນີສິນຄ້າ Unicharm ເຂົ້າຮ້ານຄ້າ ເກັບເງິນນຳລູກຄ້າ ແລະຖອກເງິນຜ່ານທາງທະນາຄານ ', ' ', '2021-05-17', 132, NULL, NULL, NULL),
(622, 139, 1, 'ບໍລິສັດkp', 6, 'ນາແຮ່', '2021-05-17', '08:00:00', '05:01:00', ' ເຮັດວຽກຫ້ອງການ', 'ທ່ານ ແສງແກ້ວ ທ່ານ ເພັດສາກົນ ທ້າວ ຄຳຮັກ', '2021-05-17', 140, NULL, NULL, NULL),
(623, 147, 1, 'ເຄພີ', 6, 'ນາແຮ່', '2021-05-17', '08:00:00', '17:00:00', ' ເຮັດວຽກຫ້ອງການ', ' ', '2021-05-17', 37, NULL, NULL, NULL),
(624, 134, 1, 'ບໍລິສັດເຄພີ', 6, 'ນາແຮ່', '2021-05-17', '07:33:00', '17:00:00', '7:33ຮອດຫ້ອງການເຄພີ\r\n9:45ອອກໄປສາຍໜອງບຶກ.ຊຳເກດ.ໜອງພະຍາ.ຕານມີໄຊ.ດົງຊຽງດີ.ສີເກີດ\r\n15:55ຮອດຫ້ອງການເຄພີ\r\n17:00ກັບບ້ານ\r\n ', ' ບໍ່ມີ', '2021-05-17', 105, NULL, NULL, NULL),
(625, 154, 1, 'ໜອງດວ້ງ', 1, 'ໜອງດວ້ງ', '1970-01-01', '08:30:00', '12:58:00', ' ຂາຍເຄືອງ', ' ບໍ່ມີ', '2021-05-17', 129, NULL, NULL, NULL),
(626, 119, 1, 'ບໍລິສັດເຄພີ', 6, 'ນາແຮ່', '2021-05-17', '07:30:00', '07:00:00', ' 07:30 ຮອດຫ້ອງການເຄພີ\r\n14:00 ໄປຕະຫລາດສີໄຄ\r\n17:30 ອອກຈາກຫ້ອງການ\r\nໄປຄູວຽງແວະຊື້ຫົວອາຫານຫມາ\r\nແວະຕະຫລາດຫົວຂົວຊື້ແນວເຮັດກິນ\r\n19:00 ຮອດບ້ານ', ' ', '2021-05-17', 56, NULL, NULL, NULL),
(627, 156, 1, 'ສວນມອນ', 7, 'ສວນມອນ', '1970-01-01', '09:08:00', '15:44:00', ' ຂາຍເຄື່ອງເກັບໜີ້', ' ', '2021-05-17', 134, NULL, NULL, NULL),
(628, 136, 1, 'ບໍລິສັດເຄພີ', 7, 'ນາແຮ່', '1970-01-01', '08:00:00', '17:00:00', ' 1 ຮ້ານ ບີມາກ\r\n2 ຮ້ານ ພີມາກ\r\n3 ຮ້ານ ພາກຊັນ\r\n4 ຮ້ານ ດີມາກ\r\n5 ໂຮມໄອເດຍ', ' ', '2021-05-17', 137, NULL, NULL, NULL),
(629, 92, 6, 'ເຮືອນ', 5, 'ສຳພັນນາ', '1970-01-01', '00:00:00', '00:00:00', ' ', ' ຄວບຄົວ ', '2021-05-18', 3, NULL, NULL, NULL),
(630, 119, 6, 'ໂຊກໄຊ', 9, 'ໂຊກໃຫຍ່', '2021-05-18', '07:30:00', '06:30:00', ' 07:30 -18:30 ຢູ່ບ້ານບໍ່ໄດ້ໄປໃສ', ' ', '2021-05-18', 56, NULL, NULL, NULL),
(631, 125, 1, 'Kp', 6, 'ນາແຮ່', '2021-05-18', '08:00:00', '05:00:00', ' ບໍ່ມີ', ' ບໍ່ມີ', '2021-05-18', 136, NULL, NULL, NULL),
(632, 132, 1, 'ບໍລະສັດkp', 6, 'ນາແຮ່', '1970-01-01', '08:00:00', '17:00:00', ' ອອກໄປຂາຍເຄື່ອງແລະເກັບເງີນ', ' ', '2021-05-18', 116, NULL, NULL, NULL),
(633, 149, 4, 'ດອນນົກຂຸ້ມ', 7, 'ດອນນົກຂຸ້ມ', '2021-05-18', '09:00:00', '15:00:00', ' ໄປຫາລູກຄ້າ', ' ບໍມີ', '2021-05-18', 18, NULL, NULL, NULL),
(634, 128, 1, 'Office kp', 6, 'ນາແຮ່', '2021-05-17', '08:00:00', '06:00:00', ' ນັ່ງເຮັດວຽກໃນຫ້ອງການ', ' ຮ່ວມພະນັກງານຫ້ອງການ', '2021-05-18', 57, NULL, NULL, NULL),
(635, 183, 1, 'ທົ່ງສາງນາງ', 1, 'ສີບຸນເຮືອງ', '2021-05-18', '09:30:00', '04:20:00', ' ໄປຂາຍເຄື່ອງ', ' ບໍ່ມີ', '2021-05-18', 124, NULL, NULL, NULL),
(636, 157, 1, 'Kp', 6, 'ນາແຮ່', '2021-05-19', '08:00:00', '14:00:00', ' ໄປຂາຍເຄຶ່ອງT2_ຈອມມະນີ', ' ລູກຄ້າ', '2021-05-18', 121, NULL, NULL, NULL),
(637, 140, 1, 'ບໍລິສັດ ເຄພີ', 6, 'ບ້ານ ນາແຮ', '2021-05-18', '08:00:00', '20:00:00', ' 8:00 ຮອດຫ້ອງການ. ຂື້ນລວມຊັ້ນ 2\r\n9:15 ອອກໄປຂາຍເຄື່ອງ ຢູ່ ບ້ານ ພູຄຳ.ບ້ານ ທົ່ງມັງ\r\n10:30 ຮອດບ້ານພູຄຳ ລົງຂາຍເຄື່ອງ\r\n12:00 ແວ່ກິນເຂົ້າຢູ່ທ່າງອນ\r\n13:30 ຂື້ນໄປຂາຍເຄື່ອງຕໍ່ຢູ່ ບ້ານ ທົ່ງມັງ\r\n15:30 ກັບບໍລິສັດ\r\n16:28 ຮອດຫ້ອງການ.ຖອກເງີນ ຮອດ\r\n17:00 ກັບບ້ານ. ຮອດບ້ານກັກໂຕບໍ່ໄດ້ໄປທາງໃດ.ຈົນຮອດປະຈຸບັນ', ' ບໍ່ມີ', '2021-05-18', 112, NULL, NULL, NULL),
(638, 190, 1, 'ຕະລາດຫນອງດ້ວງ', 6, 'ບ້ານຫນອງດ້ວງ', '2021-05-18', '09:30:00', '13:30:00', ' ໄປຂາຍເຄື່ອງເກັບເງິນ', ' ມີ19ຮ້ານ', '2021-05-18', 135, NULL, NULL, NULL),
(639, 162, 1, 'ສະພານທອງ', 7, 'ສະພານທອງ', '2021-05-18', '09:00:00', '00:00:14', ' ຂາຍເຄື່ອງ', ' ລູກຄ້າ', '2021-05-18', 117, NULL, NULL, NULL),
(640, 154, 1, 'ຮອງຄ້າ', 1, 'ຮອງຄ້າ', '1970-01-01', '08:59:00', '12:57:00', ' ຂາຍເຄືອງ', ' ບໍ່ມີ', '2021-05-18', 129, NULL, NULL, NULL),
(641, 122, 6, 'ເຮືອນຂອງຕົນ', 8, 'ໂພນພະເນົາ', '2021-05-18', '06:00:00', '20:00:00', 'ເຮັດວຽກຢູ່ບ້ານ', ' ', '2021-05-18', 55, NULL, NULL, NULL),
(642, 175, 1, 'ບໍລິສັດ ເຄພີ', 6, 'ນາແຮ່', '2021-05-18', '08:00:00', '17:00:00', ' ', ' ', '2021-05-18', 70, NULL, NULL, NULL),
(643, 138, 1, 'ຮ້ານ', 6, 'ປາກທ້າງ', '2021-05-18', '08:00:00', '17:00:00', ' ລົງຮ້ານຄ້າ ເຊັກເຄື່ອງ ເອົາອໍເດີ້ແລະເກັບເງີນ', ' ບໍ່ມີ', '2021-05-18', 139, NULL, NULL, NULL),
(644, 135, 7, 'ບ້ານ', 6, 'ທົ່ງປົ່ງ', '2021-05-18', '06:00:00', '08:18:00', ' ວຽກ', ' ບໍ່ມີ', '2021-05-18', 133, NULL, NULL, NULL),
(645, 121, 1, 'ບໍລລິສັດ', 6, 'ນາແຮ່', '2021-05-18', '13:01:00', '05:00:00', ' ຊ່ວງເຊົ້າເຮັດວຽກຢູ່ບ້ານແລະຊ່ວງບ່າຍເຂົ້າບໍລິສັດ', ' ພະນັກງານໃນຫ້ອງການ', '2021-05-18', 27, NULL, NULL, NULL),
(646, 147, 1, 'ເຄພີ', 6, 'ນາແຮ່', '2021-05-18', '08:00:00', '17:00:00', ' ເຮັດວຽກຫ້ອງການ', ' ', '2021-05-18', 37, NULL, NULL, NULL),
(647, 151, 1, 'ສີໃຄ', 6, 'ນາແຮ່', '1970-01-01', '07:00:00', '09:00:00', ' ໄປຂາຍເຄື່ອງຢູ່ຕະຫຼາດສວນມວນ\r\nເກັບເງີນແຄມທາງ', ' ບໍ່ມີ', '2021-05-18', 128, NULL, NULL, NULL),
(648, 134, 1, 'ບໍລິສັດເຄພີ', 6, 'ນາແຮ່', '2021-05-18', '07:44:00', '17:26:00', '7:34ຮອດຫ້ອງການເຄພີ\r\n\r\n9:36ອອກໄປສາຍທາງເມືອງສັງອງມີບ້ານສຳພັນນາ.ປາກຕອນ.ເພຍລາດ.ໂຄກເພີງ.ສະໄກ.ອ່າງໃຫຍ່.ບ້ານໃໝ່\r\n16:17 ຮອດຫ້ອງການເຄພີ\r\n17:26ກັບບ້ານ ', ' ບໍ່ມີ', '2021-05-18', 105, NULL, NULL, NULL),
(649, 133, 1, 'ຮ້ານຄ້າຕາມແຜນຂາຍ', 6, 'ໜອງດ້ວງ ຮ້ອງຄ້າ ຂົວຫຼວງ', '1970-01-01', '08:00:00', '17:00:00', ' ຂາຍ ແລະ ນຳສະເຫນີສິນຄ້າ Unicharm ເຂົ້າຮ້ານຄ້າ ເກັບເງິນນຳລູກຄ້າ ແລະຖອກເງິນຜ່ານທາງທະນາຄານ', ' ', '2021-05-18', 132, NULL, NULL, NULL),
(650, 153, 1, 'ບໍລິສັດkp', 6, 'ນາແຮ່', '2021-05-18', '08:00:00', '17:00:00', ' ຫາລູກຄ້າ', ' ', '2021-05-18', 119, NULL, NULL, NULL),
(651, 139, 1, 'ບໍລິສັດkp', 6, 'ນາແຮ່', '2021-05-18', '08:00:00', '05:00:00', ' ໄປຂາຍເຄື່ອງນຳເຊວ ຢູ່ເມືອງສັງທອງ', ' ທ້າວ ກ່ຳ ນາງ ຕິນ່າ', '2021-05-18', 140, NULL, NULL, NULL),
(652, NULL, 1, 'ບໍລິສັດເຄພີ', 7, 'ນາແຮ່', '1970-01-01', '08:00:00', '17:00:00', ' 1 ຮ້ານ ບີມາກ\r\n2 ຮ້ານ ພີມາກ\r\n3 ຮ້ານ ພາກຊັນ\r\n4 ຮ້ານ ດີມາກ\r\n5 ໂຮມໄອເດຍ', ' ', '2021-05-18', NULL, NULL, NULL, NULL),
(653, 130, 1, 'Kp company', 6, 'ນາແຮ່', '2021-05-18', '08:00:00', '10:10:00', 'ຫຼັງຈາກນັ້ນໄປ ມິນິບິກຊີ ', ' ເພື່ອນຮ່ວມງານ', '2021-05-18', 138, NULL, NULL, NULL),
(654, 136, 1, 'ບໍລິສັດເຄພີ', 6, 'ນາແຮ່', '1970-01-01', '08:00:00', '17:00:00', ' 1 ຮ້ານ LDC\r\n2 ໂຊກໄຊ\r\n3 ເວີມາກ\r\n4 Girafee\r\n5 vi Mart \r\n6 sky', ' ', '2021-05-18', 137, NULL, NULL, NULL),
(655, NULL, 1, 'ບໍລິສັດເຄພີ', 6, 'ນາແຮ່', '1970-01-01', '08:00:00', '17:00:00', ' 1 ຮ້ານ LDC\r\n2 ໂຊກໄຊ\r\n3 ເວີມາກ\r\n4 Girafee\r\n5 vi Mart \r\n6 sky', ' ', '2021-05-19', NULL, NULL, NULL, NULL),
(656, 92, 6, 'ເຮືອນນ້ອງສາວ', 5, 'ສຳພັນນາ', '2021-05-19', '08:00:00', '05:29:00', ' ', ' ຄວບຄົວ', '2021-05-19', 3, NULL, NULL, NULL),
(657, 125, 1, 'Kp', 6, 'ນາແຮ່', '2021-05-19', '08:00:00', '05:00:00', ' ບໍ່ມີ', ' ບໍ່ມີ', '2021-05-19', 136, NULL, NULL, NULL),
(658, 132, 1, 'ບໍລິສັດkp', 6, 'ນາແຮ່', '1970-01-01', '08:00:00', '17:00:00', ' ອອກໄປຂາຍເຄື່ອງແລະເກັບເງີນ', ' ', '2021-05-19', 116, NULL, NULL, NULL),
(659, 183, 1, 'ທົ່ງຂັນຄຳ', 1, 'ສີສະຫວາດ', '2021-05-19', '09:20:00', '11:30:00', ' ໄປຂາຍເຄື່ອງ', ' ບໍ່ມີ', '2021-05-19', 124, NULL, NULL, NULL),
(660, 140, 1, 'ບໍລິສັດ ເຄພີ', 6, 'ບ້ານ ນາແຮ', '2021-05-19', '08:00:00', '20:00:00', ' 8:00 ຮອດຫ້ອງການ. ຂື້ນລວມຊັ້ນ 2\r\n9:10 ອອກໄປຂາຍເຄື່ອງ ຢູ່ບ້ານ ດົງໂດກ.ບ້ານ ນາທົ່ມ\r\n10:25 ຮອດບ້ານ ດົງໂດກ ລົງຂາຍເຄື່ອງປົກກະຕິ\r\n12:15 ແວ່ກິນເຂົ້າ ຢູ່ດົງໂດກ\r\n13:20 ອອກໄປຂາຍເຄື່ອງຕໍ່ຢູ່ບ້ານ ນາທົ່ມ\r\n15:25 ກັບບໍລິສັດ.ເຄພີ\r\n16:30 ຮອດຫ້ອງການ ຖອກເງີນ.ລະກະກັບ້ານ. ຮອດບ້ານ ກັກໂຕ ບໍ່ໄດ້ໄປທາງໃດຕໍ່', ' ບໍ່ມີ', '2021-05-19', 112, NULL, NULL, NULL),
(661, 190, 1, 'ແຄມທາງຫນອງພະຍາ', 6, 'ບ້ານຫນອງພະຍາ', '2021-05-19', '09:30:00', '12:00:00', ' ໄປຂາຍເຄື່ອງ', ' ມີ18ຮ້ານ', '2021-05-19', 135, NULL, NULL, NULL),
(662, 121, 1, 'ບໍລິສັດເຄພີ', 6, 'ນາແຮ່', '2021-05-19', '13:00:00', '17:00:00', ' ຊ່ວງເຊົ້າເຮັດວຽກຢູ່ບ້ານແລະຊ່ວງບ່າຍເຂົ້າບໍລິສັດ', ' ພະນັກງານໃນຫ້ອງການ', '2021-05-19', 27, NULL, NULL, NULL),
(663, 119, 1, 'ບໍລິສັດເຄພີຈຳກັດ', 6, 'ນາແຮ່', '2021-05-19', '07:30:00', '04:00:00', ' 07:30 ຮອດຫ້ອງການ ແລະ  ເຮັດວຽກຢູ່ຫ້ອງການ\r\n16:00 ອອກຈາກຫ້ອງການ\r\nແວະຊື້ແນວກິນຢູ່ສີຫອມ\r\nແວະຕະຫລາດພະຂາວ\r\n17:10 ຮອດບ້ານ', ' ', '2021-05-19', 56, NULL, NULL, NULL),
(664, 147, 7, 'ຢູ່ບ້ານ', 9, 'ຄໍາຮຸ່ງ', '2021-05-19', '08:00:00', '17:00:00', '', ' ', '2021-05-19', 37, NULL, NULL, NULL),
(665, 154, 1, 'ໜອງດວ້ງ', 1, 'ໜອງດວ້ງ', '1970-01-01', '08:11:00', '15:48:00', ' ຂາຍເຄືອງ', ' ບໍ່ມີ', '2021-05-19', 129, NULL, NULL, NULL),
(666, 137, 1, 'ບໍລີສັດເຄພີ', 6, 'ນາແຮ່', '2021-05-19', '08:00:00', '17:00:00', ' ', ' ', '2021-05-19', 111, NULL, NULL, NULL),
(667, 122, 1, 'ບໍລິສັດເຄພີ', 6, 'ນາແຮ່', '2021-05-19', '08:00:00', '16:00:00', ' ເຮັດວຽກ', ' ', '2021-05-19', 55, NULL, NULL, NULL),
(668, 139, 1, 'ບໍລິສັດkp', 6, 'ນາແຮ່', '2021-05-19', '08:00:00', '05:00:00', ' ອອກໄປວຽກນອກຢູ່ເມືອງນາຊາຍທອງ', ' ທ່ານ ເພັດສາກົນ ທ່ານໄຊຍະສອນ', '2021-05-19', 140, NULL, NULL, NULL),
(669, 134, 1, 'ບໍລິສັດເຄພີ', 6, 'ນາແຮ່', '2021-05-19', '07:52:00', '17:00:00', '7:52ຮອດຫ້ອງການເຄພີ\r\n9:46ອອກໄປວຽກສາຍທາງຫົວຂົວນາຊາຍ.ນາຊອນ.ອີໄລ.ັ້ວຍນ້ຳເຢັນ.ຕະຫລາດສົງເປືອຍ. ອ່າງນ້ຳຫຸ່ມ', ' ປົກກະຕິ', '2021-05-19', 105, NULL, NULL, NULL),
(670, 151, 1, 'ສີໃຄ', 6, 'ນາແຮ່', '1970-01-01', '08:00:00', '09:00:00', 'ຂາຍເຄື່ອງຕະຫຼາດດອນດອຍແຄມທາງໝອງໄຮ  ', ' ບໍ່ມີ', '2021-05-19', 128, NULL, NULL, NULL),
(671, 175, 8, 'ບ້ານ', 9, 'ຄຳຮຸ່ງ', '2021-05-19', '08:00:00', '17:00:00', ' ', ' ', '2021-05-19', 70, NULL, NULL, NULL),
(672, 136, 1, 'ບໍລິສັດເຄພີ', 6, 'ນາແຮ່', '1970-01-01', '08:00:00', '17:00:00', ' 1 Girafee ທາດຫລວງ\r\n2 ເວີມາກ\r\n3 Girafee ວັງທອງ\r\n4 ເຈມາກ ທາດຫລວງ\r\n5 ເຈມາກ ສະພານທອງ\r\n6 ເຈມາກ ໂພນເຄັງ', ' ', '2021-05-19', 137, NULL, NULL, NULL),
(673, 162, 1, 'ເພຍວັດ', 7, 'ສີເມືອງ', '2021-05-19', '08:00:00', '14:00:00', ' ຂາຍເຄື່ອງ', ' ລູກຄ້າ', '2021-05-19', 117, NULL, NULL, NULL),
(674, 157, 1, 'Kp', 6, 'ນາແຮ່', '2021-05-19', '08:00:00', '14:00:00', ' ໄປຂາຍເຄຶ່ອງໜອງດ້ວງ_ຄຳຮຸ່ງ', ' ລູກຄ້າ', '2021-05-19', 121, NULL, NULL, NULL),
(675, 156, 1, 'ໂພນປາເປົ້າ', 7, 'ໂພນປາເປົ້າ', '1970-01-01', '09:17:00', '16:14:00', ' ໄປຂາຍເຄື່ອງເກັບເງິນ', ' ', '2021-05-19', 134, NULL, NULL, NULL),
(676, 133, 1, 'ຮ້ານຄ້າ ຕາມແຜນຂາຍ', 1, 'ທົ່ງສາງນາງ ສີດຳດວນ ຮ່ອງໄກ່ແກ້ວ ຕລາດໂພນຕ້ອງຈອມມະນີ ໂພນຕ້ອງສະຫວາດ ດົງປາແຫຼບ', '1970-01-01', '08:00:00', '17:00:00', ' ຂາຍ ແລະ ນຳສະເຫນີສິນຄ້າ Unicharm ເຂົ້າຮ້ານຄ້າ ເກັບເງິນນຳລູກຄ້າ ແລະຖອກເງິນຜ່ານທາງທະນາຄານ ', ' ', '2021-05-19', 132, NULL, NULL, NULL),
(677, 135, 1, 'ເຄພີ', 6, 'ນາແຮ່', '2021-05-19', '08:00:00', '05:00:00', ' ວຽກ', ' ພ/ງ ເຄພີ', '2021-05-19', 133, NULL, NULL, NULL),
(678, 128, 1, 'Kp office', 6, 'ນາແຮ່', '2021-05-19', '08:02:00', '10:00:00', ' ລວມທີມງານຂາຍ', ' 12ຄົນ', '2021-05-19', 57, NULL, NULL, NULL),
(679, 128, 1, 'ສຳຫລວດຮ້ານຄ້າ', 4, 'ສີເກິດ -ຫນອງສະ', '1970-01-01', '10:00:00', '05:00:00', ' ເຂົ້າກວດສີນຄ້າໃນຮ້ານຕາມສາຍທາງ ແລະ ຄວາມພໍໃຈການບໍລິການທີມ ຂອງທີມຂາຍຢູນີຊາມ', ' ສາມຄົນ', '2021-05-19', 57, NULL, NULL, NULL),
(680, 128, 1, 'ກວດຢ້ຽມຮ້ານຄ້າ', 4, 'ສີເກິດ -ຫນອງສະ', '2021-05-19', '10:02:00', '05:00:00', ' ກວດສີນຄ້າ ຄວາມການບໍລິການທີມຂາຍຢູນິຊາມ', ' ສາມຄົນ', '2021-05-19', 57, NULL, NULL, NULL),
(681, 175, 1, 'ເຄພີ', 6, 'ນາົແຮ່', '2021-05-20', '08:00:00', '17:00:00', ' ', ' ', '2021-05-20', 70, NULL, NULL, NULL),
(682, 147, 1, 'ເຄພີ', 6, 'ນາແຮ່', '2021-05-20', '08:00:00', '17:00:00', ' ', ' ', '2021-05-20', 37, NULL, NULL, NULL),
(683, 119, 7, 'ໂຊກໃຫຍ່', 9, 'ໂຊກໃຫຍ່', '2021-05-20', '07:30:00', '06:30:00', ' 70:30 ເຮັດວຽກຢູ່ບ້ານ\r\n18:30 ຢູ່ບ້ານ', ' ', '2021-05-20', 56, NULL, NULL, NULL),
(684, 183, 1, 'ທົ່ງຂັນຄຳ', 1, 'ສີສະຫວາດ', '2021-05-19', '09:10:00', '03:20:00', ' ໄປຂາຍເຄື່ອງ', ' ບໍ່ມີ', '2021-05-20', 124, NULL, NULL, NULL),
(685, 125, 1, 'Kp', 6, 'ນາແຮ່', '2021-05-20', '08:00:00', '05:00:00', ' ບໍ່ມີ', ' ບໍ່ມີ', '2021-05-20', 136, NULL, NULL, NULL),
(686, 140, 1, 'ບໍລິສັດເຄພີ', 6, 'ບ້ານ ນາແຮ', '2021-05-20', '08:00:00', '20:00:00', ' 8:00 ຮອດບໍລິສັດ.ຂື້ນລວມຊັ້ນ 2\r\n9:15 ອອກໄປຂາຍເຄື່ອງຢູ່ ປາກງື່ມ\r\n11:00 ລົງຂາຍເຄື່ອງຢູ່ບ້ານພ້າວ\r\n12:45 ແວ່ກິນເຂົ້າຢູ່ບ້ານພ້າວ\r\n13:40 ຂື້ນໄປຂາຍເຄື່ອງຕໍ່ຢູ່ບ້ານໄຮ່ປາກງື່ມ\r\n15:30 ກັບບໍລິສັດ\r\n17:00 ຮອດຫ້ອງການ. ກັບບ້ານ ກັກໂຕບໍ່ໄດ້ໄປທາງໃດ', ' ບໍ່ມີ', '2021-05-20', 112, NULL, NULL, NULL),
(687, 138, 1, 'ຮ້ານຄ້າ', 8, 'ຫນອງບອນ', '2021-05-20', '08:00:00', '17:00:00', ' ເຊັກສະຕອ໋ກຮ້ານຄ້າ ຈັດລຽງສີນຄ້າເອໄາອໍເດີ້ແລະເກັບເງີນ', ' ບໍ່ມີ', '2021-05-20', 139, NULL, NULL, NULL),
(688, 137, 1, 'ບໍລີສັດເຄພີ', 6, 'ນາແຮ່', '2021-05-20', '08:00:00', '17:00:00', ' ', ' ', '2021-05-20', 111, NULL, NULL, NULL),
(689, 190, 1, 'ແຄມທາງຫນອງດ້ວງ', 6, 'ບ້ານຫນອງດ້ວງ', '2021-05-20', '09:30:00', '13:30:00', ' ໄປເລາະຂາຍເຄື່ອງ', ' ມີ11ຮ້ານ', '2021-05-20', 135, NULL, NULL, NULL),
(690, 157, 1, 'Kp', 6, 'ນາແຮ່', '2021-05-20', '08:00:00', '14:00:00', ' ໄປຂາຍເຄຶ່ອງຕະຫລາດຂົວດິນ_ນາໄຊ', ' ລູກຄ້າ', '2021-05-20', 121, NULL, NULL, NULL),
(691, 121, 6, 'ເຮືອນຕົວເອງ', 6, 'ໂພສີ', '2021-05-20', '08:02:00', '05:00:00', ' ເຮັດວຽກຢູ່ບ້ານ', 'ຄອບຄົວ', '2021-05-20', 27, NULL, NULL, NULL),
(692, 154, 1, 'ຊຳເກດ', 9, 'ຊຳເກດ', '1970-01-01', '08:30:00', '16:55:00', ' ຂາຍເຄືອງ', ' ບໍ່ມີ', '2021-05-20', 129, NULL, NULL, NULL),
(693, 139, 1, 'ບໍລິສັດເຄພີ', 6, 'ນາແຮ່', '2021-05-20', '08:00:00', '05:01:00', ' ໄປຂາຍເຄື່ອງນຳເຊວຢູ່ເມືອງປາກງື່ມ', ' ທ້າວ ທອງຄຳ ທ້າວ ເຫຼືອ', '2021-05-20', 140, NULL, NULL, NULL),
(694, 122, 6, 'ເຮືອນຂອງຕົນ', 6, 'ໂພນພະເນົາ', '2021-05-20', '06:00:00', '20:00:00', ' ຢູ່ບ້ານ', ' ', '2021-05-20', 55, NULL, NULL, NULL),
(695, 132, 1, 'ບໍລິສັດkp', 6, 'ນາແຮ່', '1970-01-01', '08:00:00', '17:00:00', ' ອອກໄປຂາຍເຄື່ອງແລະກັບເງີນ', ' ', '2021-05-20', 116, NULL, NULL, NULL),
(696, 133, 1, 'ຮ້ານຄ້າ ຕາມແຜນຂາຍ', 1, 'ດອນແດງ ໜອງທາ ຫ້ວຍຫົງ ຕານມີໄຊ ສາຍນ້ຳເງິນ', '1970-01-01', '08:00:00', '17:00:00', 'ຂາຍ ແລະ ນຳສະເຫນີສິນຄ້າ Unicharm ເຂົ້າຮ້ານຄ້າ ເກັບເງິນນຳລູກຄ້າ ແລະຖອກເງິນຜ່ານທາງທະນາຄານ  ', ' ', '2021-05-20', 132, NULL, NULL, NULL),
(697, 162, 1, 'ຂົວດີນ', 7, 'ໜອງຈັນ', '2021-05-20', '08:00:00', '14:00:00', ' ຂາຍເຄື່ອງ', ' ລູກຄ້າ', '2021-05-20', 117, NULL, NULL, NULL),
(698, 122, 1, 'ບໍລິສັດເຄພີ', 6, 'ນາແຮ່', '2021-05-21', '08:00:00', '17:00:00', ' ເຮັດວຽກ', ' ', '2021-05-21', 55, NULL, NULL, NULL),
(699, 183, 1, 'ທົ່ງຂັນຄຳ', 1, 'ສີສະຫວາດ', '2021-05-21', '09:20:00', '04:20:00', ' ໄປຂາຍເຄື່ອງ', ' ບໍ່ມີ', '2021-05-21', 124, NULL, NULL, NULL),
(700, 125, 1, 'Kp', 6, 'ນາແຮ່', '2021-05-21', '08:00:00', '05:00:00', ' ບໍ່ມີ', ' ບໍ່ມີ', '2021-05-21', 136, NULL, NULL, NULL),
(701, 132, 1, 'ບໍລິສັດkp', 6, 'ນາແຮ່', '1970-01-01', '08:00:00', '17:00:00', ' ອອກໄປຂາຍເຄື່ອງແລະເກັບເງີນ', ' ', '2021-05-21', 116, NULL, NULL, NULL),
(702, 121, 1, 'ບໍລິສັດເຄພີ', 6, 'ນາແຮ່', '2021-05-21', '08:00:00', '05:00:00', 'ເຂົ້າບໍລິສັດ', ' ພະນັກງານບໍລິສັດ', '2021-05-21', 27, NULL, NULL, NULL),
(703, 162, 1, 'ພະໄຊ', 7, 'ພະໄຊ', '2021-05-21', '08:00:00', '14:00:00', ' ຂາຍເຄື່ອງ', ' ລຸກຄ້າ', '2021-05-21', 117, NULL, NULL, NULL),
(704, 190, 1, 'ແຄມທາງຊຳເກດ', 6, 'ບ້ານຊຳເກດ', '2021-05-21', '09:30:00', '13:30:00', ' ໄປຂາຍເຄື່ອງ', ' ມີ15', '2021-05-21', 135, NULL, NULL, NULL),
(705, 137, 1, 'ບໍລີສັດເຄພີ', 6, 'ນາແຮ່', '2021-05-21', '08:00:00', '17:00:00', ' ', ' ', '2021-05-21', 111, NULL, NULL, NULL),
(706, 140, 1, 'ບໍລິສັດເຄພີ', 6, 'ບ້ານ ນາແຮ', '2021-05-21', '08:00:00', '19:30:00', ' 8:00 ຮອດຫ້ອງການ.ຂື້ນລວມຊັ້ນ2\r\n9:15 ອອກໄປຂາຍເຄື່ອງ.ຢູ່ບ້ານເກີນ ປາກກະຫຍຸງ\r\n10:45 ຮອດບ້ານເກີນລົງຂາຍເຄື່ອງປົກກະຕິ\r\n12:30 ແວ່ກິນເຂົ້າຢູ່ຕະຫລາຍບ້ານເກີນ\r\n13:40 ຂື້ນໄປຂາຍເຄື່ອງຕໍ່ ບ້ານ ປາກກະຍຸງ\r\n15:30 ກັບບໍລິສັດ\r\n17:00 ຮອດບໍລິສັດ.ຖອກເງິນ.ລະກະກັບບ້ານ. ຮອດບ້ານກະກັກໂຕບໍ່ໄດ້ໄປທາງໃດຕໍ່. ຈົນຮອດປະຈຸບັນ', ' ບໍ່ມີ', '2021-05-21', 112, NULL, NULL, NULL),
(707, 138, 1, 'ຮ້ານຄ້າ', 6, 'ສີໄຄ/ປາກທ້າງ', '2021-05-21', '08:00:00', '17:00:00', ' ເອົາອໍເດີ້ ແລະເກັບເງີນ ', 'ບໍ່ມີ ', '2021-05-21', 139, NULL, NULL, NULL),
(708, 135, 1, 'ເຄພີ', 6, 'ທົ່ງປົ່ງ', '2021-05-21', '08:00:00', '05:00:00', ' ວຽກ', ' ພະນັກງານເຄພີ', '2021-05-21', 133, NULL, NULL, NULL),
(709, 128, 1, 'ລົງຢ້ຽມແລະເອົາອໍເດີ້ຮ້ານຄ້າ', 1, 'ທົ່ວສັງນາງ ສີວິໄລ ', '2021-05-21', '08:00:00', '05:00:00', ' ນຳຍອດຂາຍບໍ່ມາຕາມແຜນ', ' ນາງ ສຸກສັນ ທ່ານ ໄຊຍະສອນ', '2021-05-21', 57, NULL, NULL, NULL),
(710, 147, 1, 'ເຄະີ', 6, 'ນາແຮ່', '2021-05-21', '08:00:00', '17:02:00', ' ', ' ', '2021-05-21', 37, NULL, NULL, NULL),
(711, 156, 1, 'ທ່າພະລານໄຊ', 7, 'ທ່າພະລານໄຊ', '2021-05-21', '09:19:00', '16:19:00', ' ຂາຍເຄື່ອງເກັບເງິນ', ' ', '2021-05-21', 134, NULL, NULL, NULL),
(712, 157, 1, 'Kp', 6, 'ນາແຮ່', '2021-05-21', '08:00:00', '14:00:00', ' ໄປຂາຍເຄຶ່ອງແຕ່ສາຍລົມ_ໂພນປ່ເປົ້າ', ' ລູກຄ້າ', '2021-05-21', 121, NULL, NULL, NULL),
(713, 133, 1, 'ຮ້ານຄ້າ ຕາມແຜນຂາຍ', 1, 'ໂພນສະຫວ່າງ ຈອມມະນີ ສີວິໄລ ຄຳຮຸ່ງ ພະຂາວ', '1970-01-01', '08:00:00', '17:00:00', ' ຂາຍ ແລະ ນຳສະເຫນີສິນຄ້າ Unicharm ເຂົ້າຮ້ານຄ້າ ເກັບເງິນນຳລູກຄ້າ ແລະຖອກເງິນຜ່ານທາງທະນາຄານ ', ' ', '2021-05-21', 132, NULL, NULL, NULL),
(714, 139, 1, 'ບໍລິສັດເຄພີ', 6, 'ນາແຮ່', '2021-05-21', '08:00:00', '06:00:00', ' ໄປຂາຍເຄື່ອງນຳເຊວ ທ້າວທອງຄຳ', ' ທ້າວເຫຼືອ ທ້າວທອງຄຳ', '2021-05-21', 140, NULL, NULL, NULL),
(715, 119, 1, 'ບໍລິສັດເຄພີ', 6, 'ນາແຮ່', '2021-05-21', '07:30:00', '05:29:00', ' 07:30 ຮອດຫ້ອງການ\r\n17:30 ອອກຈາກຫ້ອງການ\r\nແວະຊື້ແນວກິນຢູ່ຫນອງດ້ວງ\r\n18:30 ຮອດບ້ານ\r\n', ' ', '2021-05-21', 56, NULL, NULL, NULL),
(716, 122, 8, 'ບໍລິສັດເຄພີ', 6, 'ນາແຮ່', '2021-05-22', '08:00:00', '13:00:00', ' ສັກວັກຊີນກັນໂຄວິດເຂັມທີສອງ', ' ', '2021-05-22', 55, NULL, NULL, NULL),
(717, 125, 6, 'ທົ່ງປົ່ງ', 6, 'ທົ່ງປົ່ງ', '2021-05-22', '11:00:00', '05:00:00', ' ບໍ່ມີ', ' ບໍ່ມີ', '2021-05-22', 136, NULL, NULL, NULL),
(718, 183, 6, 'ນາແຮ່', 6, 'ນາແຮ່', '2021-05-22', '08:05:00', '19:10:00', ' ຢູ່ບ້ານປົກກະຕິ', ' ບໍ່ມີ', '2021-05-22', 124, NULL, NULL, NULL),
(719, 130, 6, 'ບ້ານ', 9, 'ໜອງພະຍາ', '2021-05-22', '08:00:00', '08:00:00', ' ບໍ່ໄດ້ໄປໃສ', 'ພໍ່ ແລະ ແມ່', '2021-05-22', 138, NULL, NULL, NULL),
(720, 190, 6, 'ບ້ານຕາດທອງ', 6, 'ບ້ານຕາດທອງ', '2021-05-22', '06:00:00', '20:00:00', ' ນອນຢູ່ບ້ານ', ' ມີ7ຄົນ', '2021-05-22', 135, NULL, NULL, NULL),
(721, 154, 6, 'ດອນຂາຊາຍ', 2, 'ດອນຂາຊາຍ', '1970-01-01', '06:00:00', '22:00:00', ' ຢູ່ບ້ານ', ' ຄອບຄົວ', '2021-05-22', 129, NULL, NULL, NULL),
(722, 132, 6, 'ຮອ່ງໄກ່ແກ້ວ', 1, 'ບ້ານຮອ່ງໄກ່ແກ້ວ', '1970-01-01', '08:00:00', '17:00:00', ' ຢູເຮືອນ', ' ', '2021-05-22', 116, NULL, NULL, NULL),
(723, 157, 6, 'ອຸດົມຜົນ', 9, 'ອຸດົມຜົນ', '2021-05-22', '08:00:00', '14:00:00', ' ຍູ່ບ້ານ', ' ກັບລູກ', '2021-05-22', 121, NULL, NULL, NULL),
(724, 137, 6, 'ໝອງສະໂນຄຳ', 6, 'ໝອງສະໂນຄຳ', '2021-05-22', '08:00:00', '17:00:00', ' ', ' ', '2021-05-22', 111, NULL, NULL, NULL),
(725, 156, 6, 'ສີໄຄ', 6, 'ສີໄຄ', '2021-04-24', '08:00:00', '20:00:00', 'ເຮັດວຽກຢູ່ບ້ານ', ' ', '2021-05-22', 134, NULL, NULL, NULL),
(726, 140, 6, 'ບ້ານ ໂພສີ', 6, 'ບ້ານ ໂພສີ', '2021-05-22', '06:00:00', '20:00:00', ' 9:00 ອອກໄປສັກຢາ ຢູ່ບໍລິສັດ ເຄພີ\r\n10:30 ກັບມາບ້ານ.ກັກໂຕ ຢູ່ບ້ານ ບໍ່ໄດ້ໄປທາງໃດ.ຮອດປະຈຸບັນ', ' ບໍ່ມີ', '2021-05-22', 112, NULL, NULL, NULL),
(727, 138, 6, 'ບ້ານ', 9, 'ນາທົ່ມ', '2021-05-22', '10:00:00', '19:00:00', ' ຢູ່ບ້ານ', ' ຄອບຄົວ', '2021-05-22', 139, NULL, NULL, NULL),
(728, 133, 6, 'ເຮືອນໂຕເອງ', 6, 'ໜອງບົວທອງ', '1970-01-01', '01:00:00', '24:00:00', '10ໂມງ ໄປຮັບວັກຊິນຢູ່ບໍລິສັດ\r\nຈາກນັ້ນກັບບ້ານ ຢູ່ບ້ານປົກກະຕິ', ' ', '2021-05-22', 132, NULL, NULL, NULL),
(729, 162, 7, 'ວຽງສະຫວັນ', 7, 'ວຽງສະຫວັນ', '2021-05-22', '08:00:00', '20:00:00', ' ຢູ່ບ້ານ', ' ບໍ່ມີ', '2021-05-22', 117, NULL, NULL, NULL),
(730, NULL, 1, 'ບໍລິສັດເຄພີ', 6, 'ນາແຮ່', '1970-01-01', '08:00:00', '17:00:00', ' 1 Girafee ທາດຫລວງ\r\n2 ເວີມາກ\r\n3 Girafee ວັງທອງ\r\n4 ເຈມາກ ທາດຫລວງ\r\n5 ເຈມາກ ສະພານທອງ\r\n6 ເຈມາກ ໂພນເຄັງ', ' ', '2021-05-22', NULL, NULL, NULL, NULL),
(731, 147, 8, 'ຄໍາຮຸ່ງ', 9, 'ຄໍາຮຸ່ງ', '2021-05-22', '08:00:00', '17:00:00', ' ຕອນ12ໂມງໄດ້ໄປສົ່ງສະການແມ່ຕູ້ຢູ່ບ້ານດົງໂດກ, ໃສ່ຜ້າອັດປາກແລະລ້າງມືຕະຫຼອດ', ' ', '2021-05-22', 37, NULL, NULL, NULL),
(732, 136, 6, 'ບໍລິສັດເຄພີ', 6, 'ນາແຮ່', '1970-01-01', '09:00:00', '20:00:00', ' ໄປສັກຢາຢູ່ບໍລິສັດແລ້ວກັບມາຢູ່ບ້ານປົກກະຕິບໍ່ໄດ້ໄປໃສ', ' ', '2021-05-22', 137, NULL, NULL, NULL),
(733, 121, 6, 'ເຮືອນຕົວເອງ', 6, 'ໂພສີ', '2021-05-22', '08:00:00', '17:00:00', ' ຢູ່ບ້ານໝົດມື້', ' ຄອບຄົວ', '2021-05-22', 27, NULL, NULL, NULL),
(734, 119, 8, 'ບໍລິສັດເຄພີຈຳກັດ', 6, 'ນາແຮ່', '2021-05-22', '09:10:00', '06:30:00', ' 09:10 ຮອດ ບ/ສ ເຄພີເພື່ອສັກວັກຊີນເຂັ້ມ2\r\n11:20 ໄປ ຕ/ຫຼ ທົ່ງຂັນຄໍາ\r\n12:00 ຮ້ານຈັນຫອມ\r\n12:30 ຢາມພີ່ນ້ອງບ້ານດົງນາໂຊກ\r\n20:00 ຮອດບ້ານ', ' ', '2021-05-22', 56, NULL, NULL, NULL),
(735, 139, 6, 'ຫ້ອງຕົນເອງ', 6, 'ໜອງແຕ່ງ', '2021-05-22', '06:00:00', '06:00:00', ' ນອນ', ' ເອື້ອຍ', '2021-05-22', 140, NULL, NULL, NULL),
(736, 134, 6, 'ໜອງດາ', 6, 'ໜອງດາ', '2021-05-22', '08:00:00', '20:43:00', '11:30ອອກເມື່ອນາຢູ່ດານຊີ\r\n18:43ອອກມາເຮືອນຢູ່ໜອງດາ\r\n20:43ພັກຜ່ອນບໍ່ໄດ້ໄປໃສ\r\n ', ' ບໍ່ມີ', '2021-05-22', 105, NULL, NULL, NULL),
(737, 135, 8, 'ເຄພີ', 6, 'ນາແຮ່', '2021-05-22', '08:00:00', '11:00:00', ' ໄປສັກວັກຊິນ', ' ພະນັກງານເຄພີ', '2021-05-22', 133, NULL, NULL, NULL),
(738, 151, 3, 'ສີໃຄ', 6, 'ນາແຮ່', '1970-01-01', '11:00:00', '09:00:00', 'ຢູ່ບ້ານປົກກະຕິ ', ' ຄອບຄົວ', '2021-05-22', 128, NULL, NULL, NULL),
(739, 121, 6, 'ເຮືອນຕົວເອງ', 6, 'ໂພສີ', '2021-05-23', '08:00:00', '17:00:00', ' ຢູ່ເຮືອນໝົດມື້', ' ຄອບຄົວ', '2021-05-23', 27, NULL, NULL, NULL),
(740, 132, 6, 'ຮອ່ງໄກ່ແກ້ວ', 1, 'ຮອ່ງໄກ່ແກ້ວ', '1970-01-01', '08:00:00', '17:00:00', ' ຢູບ້ານ', ' ', '2021-05-23', 116, NULL, NULL, NULL),
(741, 190, 6, 'ບ້ານຕາດທອງ', 6, 'ບ້ານຕາດທອງ', '2021-05-23', '06:00:00', '19:30:00', ' ນອນຢູ່ບ້ານ', ' ມີ7ຄົນ', '2021-05-23', 135, NULL, NULL, NULL),
(742, 135, 6, 'ບ້ານ', 6, 'ທົ່ງປົ່ງ', '2021-05-23', '06:00:00', '19:15:00', ' ວຽກ', ' ຄອບຄົວ', '2021-05-23', 133, NULL, NULL, NULL),
(743, 130, 6, 'Home', 9, 'ໜອງພະຍາ', '2021-05-23', '08:00:00', '08:00:00', ' ', ' ພໍ່ ແລະ ແມ່', '2021-05-23', 138, NULL, NULL, NULL),
(744, 147, 6, 'ຄໍາຮຸ່ງ', 9, 'ຄໍາຮຸ່ງ', '2021-05-23', '08:00:00', '17:00:00', ' ', ' ', '2021-05-23', 37, NULL, NULL, NULL),
(745, 133, 6, 'My home', 6, 'Nongbuathong', '1970-01-01', '01:00:00', '24:00:00', ' ຢູ່ບ້ານ ຢຸດເຊື້ອ ເພື່ອຊາດ', ' ', '2021-05-23', 132, NULL, NULL, NULL),
(746, 183, 6, 'ນາແຮ່', 6, 'ນາແຮ່', '2021-05-23', '08:05:00', '07:30:00', ' ', ' ', '2021-05-23', 124, NULL, NULL, NULL),
(747, 128, 6, 'ຢູ່ບ້ານ', 1, 'ສີສະຫວາດ', '2021-05-23', '01:00:00', '00:00:00', ' ເຮັດກິດຈະກຳຢູເຮືອນ', ' ຄອບຄົວ', '2021-05-23', 57, NULL, NULL, NULL),
(748, 128, 6, 'ບ້ານ', 1, 'ສີສະຫວາດ', '2021-05-22', '01:02:00', '00:01:00', ' ພັກຜ່ອນ', ' ຄອບຄົວ', '2021-05-23', 57, NULL, NULL, NULL),
(749, 125, 6, 'ທົ່ງປົ່ງ', 6, 'ທົ່ງປົ່ງ', '2021-05-23', '08:00:00', '05:00:00', ' ບໍ່ມີ', ' ບໍ່ມີ', '2021-05-23', 136, NULL, NULL, NULL),
(750, 137, 6, 'ໝອງສະໂນຄຳ', 6, 'ໝອງສະໂນຄຳ', '2021-05-23', '08:00:00', '17:00:00', ' ', ' ', '2021-05-23', 111, NULL, NULL, NULL),
(751, 162, 6, 'ວຽງສະຫວັນ', 7, 'ວຽງສະຫວັນ', '2021-05-23', '08:00:00', '20:00:00', ' ຢູ່ບ້ານ', ' ບໍ່ມີ', '2021-05-23', 117, NULL, NULL, NULL),
(752, 140, 6, 'ບ້ານ ໂພສີ', 6, 'ບ້ານໂພສີ', '2021-05-23', '06:00:00', '20:00:00', ' ຢູ່ບ້ານ ກັກໂຕບໍ່ໄດ້ໄປທາງໃດ', ' ບໍ່ມີ', '2021-05-23', 112, NULL, NULL, NULL),
(753, 157, 6, 'ອຸດົມຜົນ', 9, 'ອຸດົມຜົນ', '2021-05-23', '08:00:00', '23:00:00', ' ຍູ່ບ້ານ', ' ກັບລູກ', '2021-05-23', 121, NULL, NULL, NULL),
(754, NULL, 6, 'ບໍລິສັດເຄພີ', 6, 'ນາແຮ່', '1970-01-01', '09:00:00', '20:00:00', ' ໄປສັກຢາຢູ່ບໍລິສັດແລ້ວກັບມາຢູ່ບ້ານປົກກະຕິບໍ່ໄດ້ໄປໃສ', ' ', '2021-05-23', NULL, NULL, NULL, NULL),
(755, 136, 6, 'ໂພນປ່າເປົ້າ', 7, 'ໂພນປ່າເປ້າ', '1970-01-01', '08:00:00', '02:00:00', ' ຢູ່ບ້ານປົກກະຕິບໍ່ໄດ້ໄປໃສ', ' ', '2021-05-23', 137, NULL, NULL, NULL),
(756, 151, 6, 'ຈີ່ນາຍໂມ້', 7, 'ຈອມເພັດ', '1970-01-01', '08:00:00', '10:00:00', 'ຢູ່ບ້ານປົກກະຕິ  ', ' ຄອບຄົວ', '2021-05-23', 128, NULL, NULL, NULL),
(757, 138, 6, 'ບ້ານ', 9, 'ນາທົ່ມ', '2021-05-23', '08:00:00', '17:00:00', ' ຢູ່ບ້ານເມິດມື້', ' ຄອບຄົວ', '2021-05-23', 139, NULL, NULL, NULL),
(758, 119, 6, 'ໂຊກໃຫຍ່', 9, 'ໂຊກໃຫຍ່', '2021-05-23', '07:30:00', '07:30:00', ' 07:30 - 19:30 ຢູ່ບ້ານ', ' ', '2021-05-23', 56, NULL, NULL, NULL),
(759, 122, 6, 'ເຮືອນຂອງຕົນ', 8, 'ໂພນພະເນົາ', '2021-05-23', '06:00:00', '21:00:00', ' ຢູ່ບ້ານ', ' ', '2021-05-23', 55, NULL, NULL, NULL),
(760, 139, 6, 'ຫ້ອງຕົນເອງ', 6, 'ໜອງແຕ່ງ', '2021-05-23', '06:00:00', '06:00:00', ' ນອນ', ' ເອື້ອຍ', '2021-05-23', 140, NULL, NULL, NULL),
(761, NULL, 6, 'ໂພນປ່າເປົ້າ', 7, 'ໂພນປ່າເປ້າ', '1970-01-01', '08:00:00', '02:00:00', ' ຢູ່ບ້ານປົກກະຕິບໍ່ໄດ້ໄປໃສ', ' ', '2021-05-23', NULL, NULL, NULL, NULL),
(762, 135, 6, 'ບ້ານ', 6, 'ທົ່ງປົ່ງ', '2021-05-24', '08:00:00', '05:00:00', ' ວຽກ', ' ບໍ່ມີ', '2021-05-24', 133, NULL, NULL, NULL),
(763, 175, 1, 'ເຄພີ', 6, 'ນາແຮ່', '2021-05-24', '08:00:00', '17:00:00', ' ', ' ', '2021-05-24', 70, NULL, NULL, NULL),
(764, 162, 2, 'ສະພານທອງ', 7, 'ສະພານທອງ', '2021-05-24', '08:00:00', '14:00:00', ' ຂາຍເຄືອງ', ' ລູກຄ້າ', '2021-05-24', 117, NULL, NULL, NULL),
(765, 125, 1, 'Kp', 6, 'ນາແຮ່', '2021-05-24', '08:00:00', '05:00:00', ' ບໍ່ມີ', ' ບໍ່ມີ', '2021-05-24', 136, NULL, NULL, NULL),
(766, 183, 1, 'ທົ່ງສາງນາງ', 1, 'ທົ່ງສາງນາງ', '2021-05-24', '09:30:00', '04:20:00', ' ໄປຂາຍເຄື່ອງ', ' ບໍ່ມີ', '2021-05-24', 124, NULL, NULL, NULL),
(767, 137, 1, 'ບໍລີສັດເຄພີ', 6, 'ນາແຮ່', '2021-05-24', '08:00:00', '17:00:00', ' ', ' ', '2021-05-24', 111, NULL, NULL, NULL),
(768, 119, 1, 'ບໍລິສັດເຄພີຈຳກັດ', 6, 'ນາແຮ່', '2021-05-24', '07:30:00', '17:10:00', ' 07:30 ຮອດຫ້ອງການ\r\n17:10 ອອກຈາກຫ້ອງການ\r\nແວະຊື້ແນວກິນຢູ່ບ້ານຮ້ອງຄ້າ\r\nແວະຕະຫລາດພະຂາວ', ' ', '2021-05-24', 56, NULL, NULL, NULL),
(769, 133, 1, 'ຮ້ານຄ້າຕາມແຜນຂາຍ', 1, 'ທົ່ງຂັນຄຳ ສີສະຫວາດ ຊຽງຢືນ ຫັດສະດີ ຕະຫຼາດເຊົ້າ', '1970-01-01', '08:00:00', '17:00:00', ' ຂາຍ ແລະ ນຳສະເຫນີສິນຄ້າ Unicharm ເຂົ້າຮ້ານຄ້າ ເກັບເງິນນຳລູກຄ້າ ແລະຖອກເງິນຜ່ານທາງທະນາຄານ', ' ', '2021-05-25', 132, NULL, NULL, NULL),
(770, 137, 1, 'ບໍລີສັດເຄພີ', 6, 'ນາແຮ່', '2021-05-25', '08:00:00', '17:00:00', ' ', ' ', '2021-05-25', 111, NULL, NULL, NULL),
(771, 122, 1, 'ບໍລິສັດເຄພີ', 6, 'ນາແຮ່', '2021-05-25', '08:00:00', '16:30:00', ' ເຮັດວຽກ', ' ', '2021-05-25', 55, NULL, NULL, NULL),
(772, 190, 2, 'ບ້ານຫນອງດ້ວງ', 6, 'ບ້ານຫນອງດ້ວງ', '2021-05-25', '09:30:00', '13:03:00', ' ໄປຂາຍເຄື່ອງ', ' ມີ20ຮ້ານ', '2021-05-25', 135, NULL, NULL, NULL),
(773, 136, 1, 'ບໍລິສັດເຄພີ', 7, 'ນາແຮ່', '1970-01-01', '08:00:00', '17:00:00', ' 1 ຮ້ານ B-mart \r\n2 ຮ້ານ Giraff\r\n3 ຮ້ານ ເວີມາກ\r\n4 ຮ້ານ D-mart\r\n5 ຮ້ານ P-mart\r\n6 ຮ້ານ Ring Ping', ' ', '2021-05-25', 137, NULL, NULL, NULL),
(774, 125, 1, 'Kp', 6, 'ນາແຮ່', '2021-05-25', '08:00:00', '05:00:00', ' ບໍ່ມີ', ' ບໍ່ມີ', '2021-05-25', 136, NULL, NULL, NULL),
(775, 132, 1, 'ບໍລິສັດkp', 6, 'ນາແຮ່', '1970-01-01', '08:00:00', '17:00:00', ' ອອກໄຂາຍເຄື່ອງແລະເກັບເງິນເຂົ້າທະນາຄານ', ' ', '2021-05-25', 116, NULL, NULL, NULL),
(776, 119, 1, 'ບໍລິສັດເຄພີຈຳກັດ', 6, 'ນາແຮ່', '2021-05-25', '07:20:00', '07:30:00', ' 07:20 ຮອດຫ້ອງການເຄພີ\r\n16:00 ໄປຕະຫລາດຫນອງຫນ້ຽວ\r\n17:10 ອອກຈາກຫ້ອງການ\r\nແວະຊື້ເຄື່ອງຢູ່ແຖວທົ່ງຂັນຄຳ\r\n18:30 ຮອດບ້ານ', ' ', '2021-05-25', 56, NULL, NULL, NULL),
(777, 162, 1, 'ສະພານທອງ', 7, 'ສະພານທອງ', '2021-05-25', '08:00:00', '14:00:00', ' ຂາຍເຄື່ອງ', ' ລູກຄ້າ', '2021-05-25', 117, NULL, NULL, NULL),
(778, 157, 1, 'Kp', 6, 'ນາແຮ່', '2021-05-25', '08:00:00', '17:00:00', ' ໄປຂາຍເຄຶ່ອງຍູ່T2_ຈອມມະນີ', ' ລູກຄ້າ', '2021-05-25', 121, NULL, NULL, NULL),
(779, 183, 1, 'ທົ່ງສາງນາງ', 1, 'ຮ່ອງໄກ່ແກ້ວ', '2021-05-25', '09:20:00', '16:20:00', ' ໄປຂາຍເຄື່ອງ', ' ບໍ່ມີ', '2021-05-25', 124, NULL, NULL, NULL),
(780, 133, 1, 'ຮ້ານຄ້າຕາມແຜນຂາຍ', 6, 'ຫນອງດ້ວງ ຂົວຫຼວງ ຮ້ອງຄ້າ', '1970-01-01', '08:00:00', '17:00:00', ' ຂາຍ ແລະ ນຳສະເຫນີສິນຄ້າ Unicharm ເຂົ້າຮ້ານຄ້າ ເກັບເງິນນຳລູກຄ້າ ແລະຖອກເງິນຜ່ານທາງທະນາຄານ ', ' ', '2021-05-25', 132, NULL, NULL, NULL),
(781, 121, 1, 'ບໍລິສັດເຄພີ', 6, 'ນາແຮ່', '1970-01-01', '08:01:00', '17:00:00', ' ໄປງຽກປົກກະຕິ', ' ພະນັກງານບໍລິສັດ', '2021-05-25', 27, NULL, NULL, NULL),
(782, 121, 1, 'ບໍລິສັດເຄພີ', 6, 'ນາແຮ່', '2021-05-24', '08:00:00', '17:00:00', ' ໄປວຽກປົກກະຕິ', ' ພະນັກງານບໍລິສັດ', '2021-05-25', 27, NULL, NULL, NULL),
(783, 121, 1, 'ບໍລິສັດເຄພີ', 6, 'ນາແຮ່', '2021-05-25', '08:01:00', '17:01:00', ' ໄປວຽກປົກກະຕິ', ' ພະນັກງານບໍລິສັດ', '2021-05-25', 27, NULL, NULL, NULL),
(784, 140, 1, 'ບໍລິສັດເຄພີ', 6, 'ບ້ານນາແຮ', '2021-05-25', '08:00:00', '20:00:00', ' 8:00 ຮອດຫ້ອງການ ຂື້ນລວມຊັ້ນ 2\r\n9:15 ອອກໄປຂາຍເຄື່ອງຢູ່ບ້ານ ທົງມັງ\r\n10:30 ຮອດບ່ອນຂາຍເຄື່ອງ ລົງຂາຍປົກກະຕິ\r\n12:00 ແວ່ກິນເຂົ້າ \r\n13:30 ອອກໄປຂາຍເຄື່ອງຕໍ່\r\n15:00 ຂາຍເຄື່ອງແລ້ວ ກັບບໍລິສັດ\r\n16:25 ຮອດຫ້ອງການ. ຖອກເງີນ\r\n17:00 ກັບບ້ານ. ຮອດບ້ານກະກັກໂຕ ບໍ່ໄດ້ໄປທາງໃດ', ' ບໍ່ມີ', '2021-05-25', 112, NULL, NULL, NULL),
(785, NULL, 1, 'ບໍລິສັດເຄພີ', 7, 'ນາແຮ່', '1970-01-01', '08:00:00', '17:00:00', ' 1 ຮ້ານ B-mart \r\n2 ຮ້ານ Giraff\r\n3 ຮ້ານ ເວີມາກ\r\n4 ຮ້ານ D-mart\r\n5 ຮ້ານ P-mart\r\n6 ຮ້ານ Ring Ping', ' ', '2021-05-25', NULL, NULL, NULL, NULL),
(786, 132, 1, 'ບໍລິສັດkp', 6, 'ນາແຮ່', '1970-01-01', '08:00:00', '17:00:00', ' ອອກໄປຂາຍເຄື່ອງແລະເກັບເງີນ ເຂົ້າທະນາຄານ', ' ', '2021-05-26', 116, NULL, NULL, NULL),
(787, 125, 1, 'Kp', 6, 'ນາແຮ່', '2021-05-26', '08:00:00', '05:00:00', ' ບໍ່ມີ', ' ບໍ່ມີ', '2021-05-26', 136, NULL, NULL, NULL),
(788, 162, 1, 'ເພຍວັດ', 7, 'ສີເມືອງ', '2021-05-26', '08:00:00', '14:00:00', ' ຂາຍເຄື່ອງ', ' ລູກຄ້າ', '2021-05-26', 117, NULL, NULL, NULL),
(789, 183, 1, 'ທົ່ງຂັນຄຳ', 1, 'ສີສະຫວາດ', '2021-05-26', '09:20:00', '16:20:00', ' ໄປຂາຍເຄື່ອງ', ' ບໍ່ມີ', '2021-05-26', 124, NULL, NULL, NULL),
(790, 122, 1, 'ບໍລິສັດເຄພີ', 6, 'ນາແຮ່', '2021-05-26', '08:00:00', '17:00:00', ' ເຮັດວຽກ', ' ', '2021-05-26', 55, NULL, NULL, NULL),
(791, 121, 1, 'ບໍລິສັດເຄພີ', 6, 'ນາແຮ່', '2021-05-26', '08:00:00', '17:00:00', ' ໄປວຽກປົກກະຕິ', ' ພະນັກງານບໍລິສັດ', '2021-05-26', 27, NULL, NULL, NULL),
(792, 147, 1, 'ເຄພີ', 6, 'ນາແຮ່', '2021-05-25', '08:00:00', '17:00:00', ' ', ' ', '2021-05-26', 37, NULL, NULL, NULL),
(793, 147, 1, 'ເຄພີ', 6, 'ນາແຮ່', '2021-05-26', '08:00:00', '17:00:00', ' ', ' ', '2021-05-26', 37, NULL, NULL, NULL),
(794, 190, 1, 'ແຄມທາງຫນອງພະຍາ', 6, 'ບ້ານຫນອງພະຍາ', '2021-05-26', '09:30:00', '14:10:00', 'ໄປຂາຍເຄື່ອງ', ' ມີ18ຮ້ານ', '2021-05-26', 135, NULL, NULL, NULL),
(795, 140, 1, 'ບໍລິສັດເຄພີ', 6, 'ບ້ານ ນາແຮ', '2021-05-26', '08:00:00', '20:00:00', ' 8:00 ຮອດຫ້ອງການ.ຂື້ນລວມຊັ້ນ 2\r\n9:20 ອອກໄປຂາຍເຄື່ອງຢູ່ ບ້ານ ດົງໂດກ.ບ້ານ ນາທົ່ມ\r\n10:40 ຮອດບ້ານ ດົງໂດກ ລົງຂາຍເຄື່ອງປົກກະຕິ\r\n12:00 ແວ່ກິນເຂົ້າຢູ່ດົງໂດກ\r\n13:20 ອອກໄປຂາຍເຄື່ອງຕໍ່ ບ້ານ ນາທົ່ມ\r\n15:30 ກັບບໍລິສັດ \r\n16:40 ຮອດຫ້ອງການ . ຖອກເງີນ\r\n17:00 ເລີກວຽກ .ກັບບ້ານ .ຮອດບ້ານ ກັກໂຕບໍ່ໄດ້ໄປທາງໃດ ຈົນຮອດປະຈຸບັນ', ' ບໍ່ມີ', '2021-05-26', 112, NULL, NULL, NULL),
(796, 133, 1, 'ຮ້ານຄ້າ', 1, 'ຂົວຫຼວງ ທົ່ງສາງນາງ ໂພນຕ້ອງຈອມມະນີ ໂພນສະຫວາດ ດົງປາແຫຼບ', '1970-01-01', '08:00:00', '17:00:00', 'ຂາຍ ແລະ ນຳສະເຫນີສິນຄ້າ Unicharm ເຂົ້າຮ້ານຄ້າ ເກັບເງິນນຳລູກຄ້າ ແລະຖອກເງິນຜ່ານທາງທະນາຄານ ', ' ', '2021-05-26', 132, NULL, NULL, NULL),
(797, 137, 1, 'ບໍລີສັດເຄພີ', 6, 'ນາແຮ່', '2021-05-26', '08:00:00', '17:00:00', ' ', ' ', '2021-05-26', 111, NULL, NULL, NULL),
(798, 125, 1, 'Kp', 6, 'ນາແຮ່', '2021-05-27', '08:00:00', '05:00:00', ' ບໍ່ມີ', ' ບໍ່ມີ', '2021-05-27', 136, NULL, NULL, NULL),
(799, 137, 1, 'ບໍລີສັດ ເຄພີ', 6, 'ນາແຮ່', '2021-05-27', '08:00:00', '17:00:00', ' ', ' ', '2021-05-27', 111, NULL, NULL, NULL),
(800, 122, 1, 'ບໍລິສັດເຄພີ', 6, 'ນາແຮ່', '2021-05-27', '08:00:00', '17:00:00', ' ເຮັດວຽກ', ' ', '2021-05-27', 55, NULL, NULL, NULL),
(801, 190, 1, 'ແຄມທາງຫນອງດ້ວງ', 6, 'ບ້ານຫນອງດ້ວງ', '2021-05-27', '09:30:00', '13:20:00', ' ໄປຂາຍເຄື່ຶອງ', ' ມີ11ຮ້ານ', '2021-05-27', 135, NULL, NULL, NULL),
(802, 157, 1, 'Kp', 6, 'ນາແຮ່', '2021-05-27', '08:00:00', '17:00:00', ' ໄປຂາຍເຄຶ່ອວຕະຫລາດຂົວດິນ_ນາໄຊ', ' ລູກຄ້າ', '2021-05-27', 121, NULL, NULL, NULL),
(803, 133, 1, 'ຮ້ານຄ້າ ຕາມແຜນຂາຍ', 1, 'ດອນແດງ ໜອງທາ ຫ້ວຍຫົງ ຕານມີໄຊ', '1970-01-01', '08:00:00', '17:00:00', ' ຂາຍ ແລະ ນຳສະເຫນີສິນຄ້າ Unicharm ເຂົ້າຮ້ານຄ້າ ເກັບເງິນນຳລູກຄ້າ ແລະຖອກເງິນຜ່ານທາງທະນາຄານ', ' ', '2021-05-27', 132, NULL, NULL, NULL),
(804, 140, 1, 'ບໍລິສັດເຄພີ', 6, 'ບ້ານ ນາແຮ', '2021-05-27', '08:00:00', '20:00:00', ' 8:00 ຮອດຫ້ອງການ ຂື້ນລວມຊັ້ນ 2\r\n9:00 ອອກໄປຂາຍເຄື່ອງ ຢູ່ບ້ານ ໄຮ່ປາກງື່ມ\r\n11:30 ຮອດບ່ອນຂາຍເຄື່ອງ\r\n12:35 ແວ່ກິນເຂົ້າ\r\n13:30 ອອກໄປຂາຍເຄື່ອງຕໍ່\r\n15:00 ກັບບໍລິສັດ\r\n16:50 ຮອດຫ້ອງການ.  ຖອກເງີນ\r\n17:20 ກັບບ້ານ ຮອດບ້ານກັກໂຕບໍ່ໄດ້ໄປທາງໃດ', ' ບໍ່ມີ', '2021-05-27', 112, NULL, NULL, NULL),
(805, 140, 1, 'ບໍລິສັດເຄພີ', 6, 'ບ້ານ ນາແຮ', '2021-05-27', '08:00:00', '17:00:00', ' 8:00 ຮອດຫ້ອງການ. ຂື້ລວມຊັ້ນ2\r\n9:00 ອອກໄປຂາຍເຄື່ອງຢູ່ບ້ານໄຮ່ປາກງື່ມ\r\n10:40 ຮອດບ່ອນຂາຍເຄື່ອງ.ລົງຂາຍເຄື່ອງປົກກະຕິ\r\n12:00 ແວ່ກິນເຂົ້າ\r\n13:30 ອອກໄປຂາຍເຄື່ອງຕໍ່\r\n15:00 ກັບບໍລິສັດ\r\n16:40 ຮອດຫ້ອງການ.ຖອກເງີນ\r\n17:20 ກັບບ້ານ.ຮອດບ້ານ ກັກໂຕບໍ່ໄດ້ໄປທາງໃດຕໍ່', ' ບໍ່ມີ', '2021-05-27', 112, NULL, NULL, NULL),
(806, 190, 1, 'ແຄມທາງຊຳເກດ', 6, 'ບ້ານຊຳເກດ', '2021-05-28', '09:30:00', '14:00:00', ' ໄປຂາຍເຄື່ອງ', ' ມີ15ຮ້ານ', '2021-05-28', 135, NULL, NULL, NULL),
(807, 125, 1, 'Kp', 6, 'ນາແຮ່', '2021-05-28', '08:00:00', '05:00:00', ' ບໍ່ມີ', ' ບໍ່ມີ', '2021-05-28', 136, NULL, NULL, NULL),
(808, 157, 1, 'Kp', 6, 'ນາແຮ່', '2021-05-28', '08:00:00', '17:00:00', ' ໄປຂາຍເຄຶ່ອງ_ສາຍລົມ_ໂພນປາເປົ້າ', ' ລູກຄ້າ', '2021-05-28', 121, NULL, NULL, NULL),
(809, 162, 1, 'ພະໄຊ', 7, 'ພະໄຊ', '2021-05-28', '08:00:00', '14:00:00', ' ຂາຍເຄື່ອງ', ' ລູກຄ້າ', '2021-05-28', 117, NULL, NULL, NULL),
(810, 140, 1, 'ບໍລິສັດເຄພີ', 6, 'ບ້ານ ນາແຮ', '2021-05-28', '08:00:00', '17:00:00', ' 8:00 ຮອດຫ້ອງການ.ຂື້ນລວມຊັ້ນ 2\r\n9:00 ອອກໄປຂາຍເຄື່ອງ.ບ້ານ ເກີນ. ບ້ານປາກກະຍຸງ\r\n10:50 ຮອດບ້ານເກີນ ລົງຂາຍເຄື່ອງປົກກະຕິ\r\n12:30 ແວ່ກິນເຂົ້າຢູ່ຕະຫລາດບ້ານເກີນ\r\n13:30 ອອກໄປຂາຍເຄື່ອງຕໍ່ປາກກະຍຸງ\r\n15:00ກັບບໍລິສັດ\r\n16:50 ຮອດຫ້ອງການ.ຖອກເງີນ\r\n17:00 ກັບບ້ານ ຮອດບ້ານກັກໂຕບໍ່ໄດ້ໄປທາງໃດ .ຮອດປະຈຸບັນ', ' ບໍ່ມີ', '2021-05-28', 112, NULL, NULL, NULL),
(811, 133, 1, 'ຮ້ານຄ້າ ຕາມແຜນຂາຍແຕ່ລະວັນ', 1, 'ໂພນສະຫວ່າງ ຈອມມະນີ ສີວິໄລ ຄຳຮຸ່ງ ພະຂາວ', '1970-01-01', '08:00:00', '17:00:00', 'ຂາຍ ແລະ ນຳສະເຫນີສິນຄ້າ Unicharm ເຂົ້າຮ້ານຄ້າ ເກັບເງິນນຳລູກຄ້າ ແລະຖອກເງິນຜ່ານທາງທະນາຄານ ', ' ', '2021-05-28', 132, NULL, NULL, NULL),
(812, 137, 1, 'ບໍລີສັດເຄພີ', 6, 'ນາແຮ່', '2021-05-28', '08:00:00', '17:00:00', ' ', ' ', '2021-05-28', 111, NULL, NULL, NULL),
(813, 183, 1, 'ທົ່ງຂັນຄຳ', 1, 'ສີສະຫວາດ', '2021-05-28', '09:20:00', '16:15:00', ' ໄປຂາຍເຄື່ອງ', ' ບໍ່ມີ', '2021-05-28', 124, NULL, NULL, NULL),
(814, 190, 1, 'ແຄມທາງນາຄຳ', 6, 'ບ້ານນາຄຳ', '2021-05-29', '09:00:00', '12:30:00', ' ໄປຂາຍເຄື່ອງ', ' ມີ5ຮ້ານ', '2021-05-29', 135, NULL, NULL, NULL),
(815, 157, 1, 'Kp', 6, 'ນາແຮ່', '2021-05-29', '08:00:00', '17:00:00', ' ໄປຂາຍ_ທ່ງຂັນຄຳ ໂພນຕ້ອງ', ' ລູກຄ້າ', '2021-05-29', 121, NULL, NULL, NULL),
(816, 140, 6, 'ບ້ານ ໂພສີ', 6, 'ບ້ານ ໂພສີ', '2021-05-30', '06:00:00', '20:00:00', ' ຢູ່ບ້ານ ກັກໂຕ ບໍ່ໄດ້ໄປທາງໃດ', ' ບໍ່ມີ', '2021-05-30', 112, NULL, NULL, NULL),
(817, 162, 6, 'Nason', 4, 'Nason', '2021-05-30', '08:00:00', '20:00:00', ' U ban', ' Br', '2021-05-30', 117, NULL, NULL, NULL),
(818, 137, 1, 'ບໍລີສັດເຄພີ', 6, 'ນາແຮ່', '2021-05-29', '08:00:00', '17:00:00', ' ', ' ', '2021-05-30', 111, NULL, NULL, NULL),
(819, 137, 6, 'ໝອງສະໂນຄຳ', 6, 'ໝອງສະໂນຄຳ', '2021-05-30', '08:00:00', '17:00:00', ' ', ' ', '2021-05-30', 111, NULL, NULL, NULL),
(820, 133, 1, 'ຮ້ານຄ້າ', 1, 'ທົ່ງສາງນາງ ຮ່ອງໄກ່ແກ້ວ ໂພນເຄັງ ໜອງສາງທໍ່', '1970-01-01', '08:00:00', '17:00:00', ' ຂາຍ ແລະ ນຳສະເຫນີສິນຄ້າ Unicharm ເຂົ້າຮ້ານຄ້າ ເກັບເງິນນຳລູກຄ້າ ແລະຖອກເງິນຜ່ານທາງທະນາຄານ', ' ', '2021-05-31', 132, NULL, NULL, NULL),
(821, 133, 6, ' My home', 6, 'Nongbuathong', '1970-01-01', '01:00:00', '24:00:00', ' ຢູ່ບ້ານ ຢຸດເຊື້ອ ເພື່ອຊາດ ', ' ', '2021-05-31', 132, NULL, NULL, NULL),
(822, 157, 1, 'Kp', 6, 'ນາແຮ່', '2021-05-31', '08:00:00', '17:00:00', ' ໄປຂາຍເຄຶ່ອງສີເມືອງ_ສວນມອນ', ' ລູກຄ້າ', '2021-05-31', 121, NULL, NULL, NULL),
(823, 162, 2, 'ສະພານທອງ', 7, 'ສະພານທອງ', '2021-05-31', '08:00:00', '14:00:00', ' ຂາຍເຄື່ອງ', ' ລູກຄ້າ', '2021-05-31', 117, NULL, NULL, NULL),
(824, 133, 1, 'ຮ້ານຄ້າ', 1, 'ທົ່ງຂັນຄຳ ຫັດສະດີ ສີສະຫວາດ ຊຽງຢືນ', '1970-01-01', '08:00:00', '17:00:00', ' ຂາຍ ແລະ ນຳສະເຫນີສິນຄ້າ Unicharm ເຂົ້າຮ້ານຄ້າ ເກັບເງິນນຳລູກຄ້າ ແລະຖອກເງິນຜ່ານທາງທະນາຄານ', ' ', '2021-05-31', 132, NULL, NULL, NULL),
(825, 133, 6, 'ຢູ່ເຮືອນ', 6, 'ໜອງບົວທອງ', '1970-01-01', '01:00:00', '24:00:00', 'ຢູ່ບ້ານ', ' ', '2021-06-01', 132, NULL, NULL, NULL),
(826, 133, 1, 'ຮ້ານຄ້າ ຕາມແຜນຂາຍ', 1, 'ທົ່ງຕູມ ທົ່ງສາງນາງ ຮ່ອງໄກ່ແກ້ວ ໂພນຕ້ອງຈອມມະນີ ດົງປາແຫຼບ', '1970-01-01', '08:00:00', '17:00:00', ' ຂາຍ ແລະ ນຳສະເຫນີສິນຄ້າ Unicharm ເຂົ້າຮ້ານຄ້າ ເກັບເງິນນຳລູກຄ້າ ແລະຖອກເງິນຜ່ານທາງທະນາຄານ ', ' ', '2021-06-02', 132, NULL, NULL, NULL),
(827, 133, 1, 'ຮ້ານຄ້າ', 1, 'ດອນແດງ ຫນອງທາ ຫ້ວຍຫົງ ຕານມີໄຊ', '1970-01-01', '08:00:00', '17:00:00', ' ຂາຍ ແລະ ນຳສະເຫນີສິນຄ້າ Unicharm ເຂົ້າຮ້ານຄ້າ ເກັບເງິນນຳລູກຄ້າ ແລະຖອກເງິນຜ່ານທາງທະນາຄານ ', ' ', '2021-06-03', 132, NULL, NULL, NULL),
(828, NULL, 6, 'ຢູ່ເຮືອນ', 6, 'ໜອງບົວທອງ', '1970-01-01', '01:00:00', '24:00:00', 'ຢູ່ບ້ານ', ' ', '2021-06-03', NULL, NULL, NULL, NULL),
(829, 133, 1, 'ຮ້ານຄ້າ', 1, 'ໂພນສະຫວ່າງ ຄຳຮຸ່ງ ພະຂາວ ສິວິໄລ ຊ້າງຄູ', '1970-01-01', '08:00:00', '17:00:00', ' ຂາຍ ແລະ ນຳສະເຫນີສິນຄ້າ ຢູນີຊາມ ເຂົ້າຮ້ານຄ້າ ເກັບເງິນນຳລູກຄ້າ ແລະຖອກເງິນຜ່ານທາງທະນາຄານ', ' ', '2021-06-04', 132, NULL, NULL, NULL),
(830, 133, 1, 'ຮ້ານຄ້າ', 1, 'ຮ່ອງໄກ່ແກ້ວ ທົ່ງສາງນາງ ໂພນສະອາດ ໂພນເຄັງ', '1970-01-01', '08:00:00', '17:00:00', 'ຂາຍ ແລະ ນຳສະເຫນີສິນຄ້າ Unicharm ເຂົ້າຮ້ານຄ້າ ເກັບເງິນນຳລູກຄ້າ ແລະຖອກເງິນ', ' ', '2021-06-05', 132, NULL, NULL, NULL),
(831, 133, 1, 'ຮ້ານຄ້າ', 1, 'ທົ່ງຂັນຄຳ ສີສະຫວາດ ຊຽງຢືນ ຕະລາດເຊົ້າ ຫັດສະດີ', '1970-01-01', '08:00:00', '17:00:00', ' ຂາຍ ແລະ ນຳສະເຫນີສິນຄ້າ Unicharm ເຂົ້າຮ້ານຄ້າ ເກັບເງິນນຳລູກຄ້າ ແລະຖອກເງິນ', ' ', '2021-06-07', 132, NULL, NULL, NULL),
(832, 3, 1, 'ບໍລິສັດ ເຄພີ ຈຳກັດ', 7, 'ນາແຮ່', '2021-06-30', '07:44:00', '11:20:00', ' ເຮັດວຽກປົກກະຕິ', ' ພະນັກງານ', '2021-06-08', 1, NULL, NULL, NULL),
(833, 3, 6, 'ບ້ານໂພສີ', 6, 'ນາແຮ່', '2021-06-30', '11:37:00', '13:01:00', ' ພັກທ່ຽງ', ' -\r\n', '2021-06-08', 1, NULL, NULL, NULL),
(834, 3, 1, 'ບໍລິສັດ ເຄພີ ຈຳກັດ', 6, 'ນາແຮ່', '2021-06-30', '13:17:00', '16:46:00', ' ເຮັດວຽກປົກກະຕິີ', ' ', '2021-06-08', 1, NULL, NULL, NULL),
(835, 3, 2, 'ຕະຫຼາດສີໄຄ', 6, 'ສີໄຄ', '2021-06-30', '17:13:00', '17:22:00', ' ຊື້ຜັກ ປາ ອາຫານ', ' ', '2021-06-08', 1, NULL, NULL, NULL),
(836, 3, 6, 'ບ້ານ', 6, 'ໂພສີ', '2021-06-30', '17:25:00', '12:51:00', ' ', ' ', '2021-06-08', 1, NULL, NULL, NULL);

-- --------------------------------------------------------

--
-- Table structure for table `tbl_total_leave`
--

CREATE TABLE `tbl_total_leave` (
  `tl_id` int(11) NOT NULL,
  `lt_id` int(11) DEFAULT NULL,
  `max_minus` int(11) DEFAULT NULL,
  `year_effect` year(4) DEFAULT NULL
) ENGINE=InnoDB DEFAULT CHARSET=utf8mb4 COLLATE=utf8mb4_unicode_ci;

--
-- Dumping data for table `tbl_total_leave`
--

INSERT INTO `tbl_total_leave` (`tl_id`, `lt_id`, `max_minus`, `year_effect`) VALUES
(1, 1, 14400, 2020),
(2, 2, 7200, 2020),
(3, 3, 50400, 2020),
(4, 4, 1440, 2020),
(5, 5, 1440, 2020),
(6, 6, 3360, 2020),
(7, 1, 14400, 2021),
(8, 2, 7200, 2021),
(9, 3, 57600, 2021),
(10, 4, 1440, 2021),
(11, 5, 1440, 2021),
(12, 6, 3360, 2021);

-- --------------------------------------------------------

--
-- Table structure for table `tbl_user`
--

CREATE TABLE `tbl_user` (
  `user_ids` int(11) NOT NULL,
  `User_names` varchar(50) COLLATE utf8mb4_unicode_ci DEFAULT NULL,
  `user_password` varchar(25) COLLATE utf8mb4_unicode_ci DEFAULT NULL,
  `staff_id` int(11) DEFAULT NULL,
  `user_status` int(11) DEFAULT NULL,
  `user_create_date` date DEFAULT NULL,
  `line_token` text COLLATE utf8mb4_unicode_ci DEFAULT NULL
) ENGINE=InnoDB DEFAULT CHARSET=utf8mb4 COLLATE=utf8mb4_unicode_ci;

--
-- Dumping data for table `tbl_user`
--

INSERT INTO `tbl_user` (`user_ids`, `User_names`, `user_password`, `staff_id`, `user_status`, `user_create_date`, `line_token`) VALUES
(0, 'hrm@kplaocompany.com', '123', 0, 1, '2020-12-07', ''),
(1, 'goong@kplaocompany.com', '123', 3, 1, '2020-10-27', 'gpZwjXUXd8uCLg1qOE41ufghFsPEBDrrvDlx8PyGHue'),
(2, 'thepphaluck@kplaocompany.com', '123', 102, 1, '2020-10-29', NULL),
(3, 'linthong@kplaocompany.com', '123', 92, 1, '2020-10-29', NULL),
(4, 'soukkittar@kplaocompany.com', '123', 91, 1, '2020-10-29', NULL),
(5, 'vanhxay@kplaocompany.com', 'nami', 109, 1, '2020-10-29', NULL),
(6, 'soukthavy@kplaocompany.com', '123', 57, 1, '2020-10-29', NULL),
(7, 'soukphasay@kplaocompany.com', '123', 150, 1, '2020-10-29', NULL),
(8, 'souksun@kplaocompany.com', '123', 129, 1, '2020-10-29', NULL),
(9, 'souknavy_p@kplaocompany.com', '123', 46, 1, '2020-10-29', NULL),
(10, 'soukthivavanh@kplaocompany.com', '123', 47, 1, '2020-10-29', 'n1SoD4vgfekL9P153zMhTOGralrMeJilKQ8ZO7T5Fnv'),
(11, 'souphasone@kplaocompany.com', '123', 178, 1, '2020-10-29', NULL),
(12, 'suny@kplaocompany.com', '123', 69, 1, '2020-10-29', NULL),
(13, 'tavan@kplaocompany.com', '123', 180, 1, '2020-10-29', NULL),
(14, 'viengmone@kplaocompany.com', '123', 67, 1, '2020-10-29', NULL),
(15, 'viengsavanhtoto@kplaocompany.com', '123', 52, 1, '2020-10-29', NULL),
(16, 'vilaphanh@kplaocompany.com', '123', 62, 1, '2020-10-29', NULL),
(17, 'vilayphone@kplaocompany.com', '123', 143, 1, '2020-10-29', NULL),
(18, 'vilaysouk@kplaocompany.com', '123', 149, 1, '2020-10-29', NULL),
(19, 'vongvichith@kplaocompany.com', '123', 85, 1, '2020-10-29', NULL),
(21, 'anoulak@kplaocompany.com', '123', 7, 1, '2020-10-29', NULL),
(22, 'anousith_f@kplaocompany.com', '123', 173, 1, '2020-10-29', NULL),
(23, 'anousone@kplaocompany.com', '123', 108, 1, '2020-10-29', NULL),
(24, 'arthit@kplaocompany.com', '123', 61, 1, '2020-10-29', NULL),
(25, 'chanthavong@kplaocompany.com', '123', 6, 1, '2020-10-29', NULL),
(26, 'channahong@kplaocompany.com', '123', 168, 1, '2020-10-29', NULL),
(27, 'chintana@kplaocompany.com', '123', 121, 1, '2020-10-29', NULL),
(28, 'chittakone@kplaocompany.com', '123', 148, 1, '2020-10-29', NULL),
(29, 'chittharath@kplaocompany.com', '123', 26, 1, '2020-10-29', NULL),
(30, 'daovone@kplaocompany.com', '123', 126, 1, '2020-10-29', NULL),
(31, 'ekalath@kplaocompany.com', '123', 51, 1, '2020-10-29', NULL),
(32, 'horlady@kplaocompany.com', '123', 78, 1, '2020-10-29', NULL),
(33, 'kaisone@kplaocompany.com', '123', 171, 1, '2020-10-29', NULL),
(34, 'kethmany@kplaocompany.com', '123', 182, 1, '2020-10-29', NULL),
(35, 'khaimouk@kplaocompany.com', '123', 9, 1, '2020-10-29', NULL),
(36, 'khambor@kplaocompany.com', '123', 59, 1, '2020-10-29', NULL),
(37, 'khamla_s@kplaocompany.com', '123', 147, 1, '2020-10-29', NULL),
(38, 'khamla@kplaocompany.com', '123', 110, 1, '2020-10-29', NULL),
(39, 'khammaiy@kplaocompany.com', '123', 131, 1, '2020-10-29', NULL),
(40, 'khammoun@kplaocompany.com', '123', 174, 1, '2020-10-29', NULL),
(41, 'khampaseuth@kplaocompany.com', '123', 115, 1, '2020-10-29', NULL),
(42, 'khamphachan@kplaocompany.com', '123', 77, 1, '2020-10-29', NULL),
(43, 'khamphout@kplaocompany.com', '123', 56, 1, '2020-10-29', NULL),
(44, 'khamsing@kplaocompany.com', '123', 45, 1, '2020-10-29', NULL),
(45, 'khanxay@kplaocompany.com', '123', 170, 1, '2020-10-29', NULL),
(46, 'khemsath@kplaocompany.com', '123', 23, 1, '2020-10-29', NULL),
(47, 'latdaphone@kplaocompany.com', '123', 146, 1, '2020-10-29', NULL),
(48, 'mina@kplaocompany.com', '123', 167, 1, '2020-10-29', NULL),
(49, 'nanthilaphone@kplaocompany.com', '123', 5, 1, '2020-10-29', NULL),
(50, 'nikone@kplaocompany.com', '123', 64, 1, '2020-10-29', NULL),
(51, 'okay@kplaocompany.com', '123', 49, 1, '2020-10-29', NULL),
(52, 'outhai@kplaocompany.com', '123', 84, 1, '2020-10-29', NULL),
(53, 'oyon@kplaocompany.com', '110198', 68, 1, '2020-10-29', NULL),
(54, 'panin@kplaocompany.com', '123', 53, 1, '2020-10-29', NULL),
(55, 'pasit@kplaocompany.com', '123', 122, 1, '2020-10-29', NULL),
(56, 'phatsalinh@kplaocompany.com', '123', 119, 1, '2020-10-29', NULL),
(57, 'phetsakonh@kplaocompany.com', '123', 128, 1, '2020-10-29', NULL),
(58, 'phetsamone_chan@kplaocompany.com', '123', 63, 1, '2020-10-29', NULL),
(59, 'phetsamone_p@kplaocompany.com', '123', 55, 1, '2020-10-29', NULL),
(60, 'phetsayvanh@kplaocompany.com', '123', 106, 1, '2020-10-29', NULL),
(61, 'phokham@kplaocompany.com', '123', 103, 1, '2020-10-29', NULL),
(62, 'phomma@kplaocompany.com', '123', 86, 1, '2020-10-29', NULL),
(63, 'phonethip@kplaocompany.com', '123', 169, 1, '2020-10-29', NULL),
(64, 'phongvady@kplaocompany.com', '123', 111, 1, '2020-10-29', NULL),
(65, 'phophet@kplaocompany.com', '123', 2, 1, '2020-10-29', 'EYIvBZUJTCfUnZ8wYowCebVWVbYy3hoHkBHwxQ5NQ14'),
(66, 'phoutha@kplaocompany.com', '123', 48, 1, '2020-10-29', NULL),
(67, 'phoutsavanh@kplaocompany.com', '123', 74, 1, '2020-10-29', NULL),
(68, 'saengdao@kplaocompany.com', '123', 75, 1, '2020-10-29', NULL),
(69, 'samlarn@kplaocompany.com', '123', 90, 1, '2020-10-29', NULL),
(70, 'saokeo@kplaocompany.com', '322', 175, 1, '2020-10-29', '322'),
(71, 'saychai@kplaocompany.com', '123', 10, 1, '2020-10-29', NULL),
(72, 'seelivanh@kplaocompany.com', '123', 117, 1, '2020-10-29', NULL),
(73, 'sengkeo@kplaocompany.com', '123', 127, 1, '2020-10-29', NULL),
(74, 'sengphet@kplaocompany.com', '123', 60, 1, '2020-10-29', NULL),
(75, 'sombath@kplaocompany.com', '123', 177, 1, '2020-10-29', NULL),
(77, 'sompong@kplaocompany.com', '123', 54, 1, '2020-10-29', NULL),
(78, 'soudavong@kplaocompany.com', '123', 4, 1, '2020-10-29', 'z6si84pATWN1vkkxDCd5YPv8UubtBkkwGthYYyTuL05'),
(79, 'sivilay@kplaocompany.com', '123', 114, 1, '2020-10-30', NULL),
(80, 'vongphouthone@kplaocompany.com', '123', 176, 1, '2020-10-30', NULL),
(81, 'rimy@kplaocompany.com', '123', 66, 1, '2020-10-30', NULL),
(82, 'phonephiloune@kplaocompany.com', '123', 172, 1, '2020-10-30', NULL),
(83, 'phonesavanh@kplaocompany.com', '123', 181, 1, '2020-10-30', NULL),
(84, 'mayeena@kplaocompany.com', '123', 101, 1, '2020-10-30', NULL),
(85, 'manivanh@kplaocompany.com', '123', 112, 1, '2020-10-30', NULL),
(86, 'vilaysack@kplaocompany.com', '123', 107, 1, '2020-10-30', NULL),
(87, 'sonethasa@kplaocompany.com', '123', 105, 1, '2020-10-30', NULL),
(88, 'touher@kplaocompany.com', '123', 113, 1, '2020-10-30', NULL),
(89, 'santhaluck@kplaocompany.com', '123', 50, 1, '2020-10-30', NULL),
(90, 'khamsamai@kplaocompany.com', '123', 100, 1, '2020-10-30', NULL),
(91, 'sriratana@kplaocompany.com', '123', 166, 1, '2020-11-24', NULL),
(92, 'shelllao-dflts@kplaocompany.com', '123', 65, 1, '2020-11-24', NULL),
(93, 'vrc@kplaocompany.com', '123', 24, 0, '2020-11-24', NULL),
(94, 'pasatxay@laotoyotaservice.com', '123', 25, 0, '2020-11-24', NULL),
(95, 'vira@kplaocompany.com', 'VRKp2020', 58, 1, '2020-11-24', NULL),
(96, 'yasuo@laotoyotaservice.com', '123', 89, 1, '2020-11-24', NULL),
(97, 'siamphone@kplaocompany.com', '123', 179, 1, '2020-11-24', NULL),
(98, 'aost@kplaocompany.com', '123', 96, 1, '2020-11-24', NULL),
(99, 'amphaiphone@kplaocompany.com', '123', 94, 1, '2020-11-24', NULL),
(100, '02054336295', '123', 12, 1, '2020-11-25', NULL),
(101, '02055553530', '123', 20, 1, '2020-11-26', NULL),
(102, '02055920636', '123', 18, 1, '2020-12-04', NULL),
(103, '0309313857', '123', 22, 1, '2020-12-04', NULL),
(105, '02077374255', '123', 134, 1, '2020-12-08', NULL),
(106, '02052524132', '4132', 72, 1, '2020-12-11', NULL),
(107, '02055801250', '123', 17, 1, '2020-12-18', NULL),
(108, '0305733192', '123', 11, 1, '2020-12-18', NULL),
(109, '02078540596', '123', 70, 1, '2020-12-19', NULL),
(110, '02055990484', '123', 19, 1, '2021-01-06', NULL),
(111, '02095332883', '95332883', 137, 1, '2021-01-15', NULL),
(112, '02056778473', '123', 140, 1, '2021-01-15', NULL),
(113, '02099273552', '123', 98, 1, '2021-01-20', NULL),
(114, '02055931329', '123', 99, 1, '2021-01-20', NULL),
(115, '02059497868', '123', 141, 1, '2021-01-20', NULL),
(116, '02078850750', '123', 132, 1, '2021-01-20', NULL),
(117, '02095252445', '123', 162, 1, '2021-01-22', NULL),
(118, '02055033031', '123', 161, 1, '2021-01-27', NULL),
(119, '02091231973', '123', 153, 1, '2021-01-27', NULL),
(120, '02052961990', '123', 14, 1, '2021-02-08', NULL),
(121, '02077772783', '123', 157, 1, '2021-02-09', NULL),
(122, '02059744441', '123', 95, 1, '2021-02-11', NULL),
(123, '02098246314', '123', 97, 1, '2021-02-11', NULL),
(124, '02059595666', '123', 183, 1, '2021-02-15', NULL),
(125, 'paviphet@kplaocompany.com', '123', 184, 1, '2021-02-16', NULL),
(126, '02099537864', '123', 160, 1, '2021-02-19', NULL),
(127, 'somphone@kplaocompany.com', '123', 145, 1, '2021-02-19', NULL),
(128, '02022565430', '123', 151, 1, '2021-03-17', NULL),
(129, '02055379748', '123', 154, 1, '2021-04-05', NULL),
(132, '02029800657', '123', 133, 1, '2021-04-28', NULL),
(133, '02076782407', '123', 135, 1, '2021-04-28', NULL),
(134, '02077663375', '123', 156, 1, '2021-04-28', NULL),
(135, '02055509345', '123', 190, 1, '2021-04-28', NULL),
(136, '02093741221', '123', 125, 1, '2021-04-28', NULL),
(137, '02077111711', '123', 136, 1, '2021-04-28', NULL),
(138, '02056598910', '123', 130, 1, '2021-04-28', NULL),
(139, '02054995897', '123', 138, 1, '2021-04-28', NULL),
(140, '02092197842', '123', 139, 1, '2021-04-28', NULL),
(141, '02099337715', '123', 155, 1, '2021-04-28', NULL),
(142, '02078201090', '123', 191, 1, '2021-04-29', NULL),
(143, '02055816300', '123', 152, 1, '2021-05-19', NULL),
(144, '02092785580', '123', 142, 1, '2021-05-28', NULL),
(145, 'sonepakaiy@kplaocompany.com', '123', 192, 1, '2021-06-11', NULL),
(146, '02077848555', '123', 193, 1, '2021-06-11', NULL);

-- --------------------------------------------------------

--
-- Stand-in structure for view `users_info`
-- (See below for the actual view)
--
CREATE TABLE `users_info` (
`user_ids` int(11)
,`staff_code` int(11)
,`staff_id` int(11)
,`user_names` varchar(50)
,`full_name` varchar(66)
,`depart_name` varchar(50)
,`unit_name` varchar(50)
,`position_name` varchar(50)
,`user_status` varchar(11)
);

-- --------------------------------------------------------

--
-- Structure for view `all_holiday`
--
DROP TABLE IF EXISTS `all_holiday`;

CREATE ALGORITHM=UNDEFINED DEFINER=`kplaocom`@`localhost` SQL SECURITY DEFINER VIEW `all_holiday`  AS SELECT `tbl_holiday`.`hd_date` AS `hd_date`, `tbl_holiday`.`hd_year` AS `hd_year` FROM `tbl_holiday` ;

-- --------------------------------------------------------

--
-- Structure for view `calculator_leave_used`
--
DROP TABLE IF EXISTS `calculator_leave_used`;

CREATE ALGORITHM=UNDEFINED DEFINER=`kplaocom`@`localhost` SQL SECURITY DEFINER VIEW `calculator_leave_used`  AS  (select `b`.`user_ids` AS `user_ids`,`b`.`leave_type` AS `leave_type`,`b`.`date_leave` * 8 * 60 + `b`.`hours_leave` * 60 + `b`.`minus_leave` AS `cal_leave`,`b`.`date_request` AS `date_request` from (`tbl_approval` `a` left join `tbl_leave_request` `b` on(`a`.`lr_id` = `b`.`lr_id`)) where `a`.`approve_level` = 3 and `a`.`approve_status` = 1) ;

-- --------------------------------------------------------

--
-- Structure for view `calculator_total_leave`
--
DROP TABLE IF EXISTS `calculator_total_leave`;

CREATE ALGORITHM=UNDEFINED DEFINER=`kplaocom`@`localhost` SQL SECURITY DEFINER VIEW `calculator_total_leave`  AS  (select `a`.`lt_id` AS `lt_id`,`b`.`leave_name` AS `leave_name`,`a`.`max_minus` AS `max_minus` from (`tbl_total_leave` `a` left join `tbl_leave_type` `b` on(`a`.`lt_id` = `b`.`lt_id`))) ;

-- --------------------------------------------------------

--
-- Structure for view `detail_leave_request`
--
DROP TABLE IF EXISTS `detail_leave_request`;

CREATE ALGORITHM=UNDEFINED DEFINER=`kplaocom`@`localhost` SQL SECURITY DEFINER VIEW `detail_leave_request`  AS  (select `a`.`lr_id` AS `lr_id`,`h`.`leave_name` AS `leave_name`,`b`.`date_leave` AS `date_leave`,`b`.`hours_leave` AS `hours_leave`,`b`.`minus_leave` AS `minus_leave`,`b`.`date_from` AS `date_from`,`b`.`time_from` AS `time_from`,`b`.`date_to` AS `date_to`,`b`.`time_to` AS `time_to`,`b`.`reason` AS `reason`,case when `b`.`attatch_file` is null then 'ບໍ່ມີເອກະສານແນບ' else 'ສະແດງເອກະສານ' end AS `attatch_status`,`b`.`attatch_file` AS `attatch_file`,`b`.`date_request` AS `date_request`,`d`.`staff_code` AS `staff_code`,`d`.`staff_first_name` AS `staff_first_name`,`d`.`staff_last_name` AS `staff_last_name`,case when `d`.`staff_gender` = '1' then 'ທ້າວ' else 'ນາງ' end AS `staff_gender`,`g`.`position_name` AS `staff_position`,`e`.`depart_name` AS `staff_depart`,`f`.`unit_name` AS `staff_unit`,`a`.`approve_status` AS `approve_status`,case when `a`.`approve_level` is null then '0' else `a`.`approve_level` end AS `approve_level`,`a`.`approve_date` AS `approve_date`,`a`.`approve_reason` AS `approve_reason`,`a`.`approve_by` AS `approve_by` from (((((((`tbl_approval` `a` left join `tbl_leave_request` `b` on(`a`.`lr_id` = `b`.`lr_id`)) left join `tbl_user` `c` on(`b`.`user_ids` = `c`.`user_ids`)) left join `tbl_staff` `d` on(`c`.`staff_id` = `d`.`staff_id`)) left join `tbl_depart` `e` on(`d`.`staff_depart` = `e`.`depart_id`)) left join `tbl_depart_unit` `f` on(`d`.`staff_unit` = `f`.`unit_id`)) left join `tbl_position` `g` on(`d`.`staff_position` = `g`.`ps_id`)) left join `tbl_leave_type` `h` on(`b`.`leave_type` = `h`.`lt_id`))) ;

-- --------------------------------------------------------

--
-- Structure for view `full_view_doc`
--
DROP TABLE IF EXISTS `full_view_doc`;

CREATE ALGORITHM=UNDEFINED DEFINER=`kplaocom`@`localhost` SQL SECURITY DEFINER VIEW `full_view_doc`  AS  (select `a`.`user_ids` AS `user_ids`,`a`.`lr_id` AS `lr_id`,`a`.`depart_id` AS `depart_id`,date_format(`a`.`date_from`,'%e-%m-%Y') AS `date_from`,date_format(`a`.`date_to`,'%e-%m-%Y') AS `date_to`,`a`.`time_from` AS `time_from`,`a`.`time_to` AS `time_to`,`a`.`date_leave` AS `date_leave`,`a`.`hours_leave` AS `hours_leave`,`a`.`minus_leave` AS `minus_leave`,`a`.`reason` AS `reason`,concat(case when `c`.`staff_gender` = 1 then 'ທ້າວ' else 'ນາງ' end,' ',`c`.`staff_first_name`,' ',`c`.`staff_last_name`) AS `requester_full_name`,`c`.`staff_code` AS `staff_code`,`d`.`depart_name` AS `depart_name`,`e`.`position_name` AS `position_name`,`f`.`unit_name` AS `unit_name`,`g`.`leave_name` AS `leave_name`,case when `a`.`attatch_file` is null then 'ບໍ່ມີເອກະສານແນບ' else 'ມີເອກະສານແນບ' end AS `attatch_file` from ((((((`tbl_leave_request` `a` left join `tbl_user` `b` on(`a`.`user_ids` = `b`.`user_ids`)) left join `tbl_staff` `c` on(`b`.`staff_id` = `c`.`staff_id`)) left join `tbl_depart` `d` on(`c`.`staff_depart` = `d`.`depart_id`)) left join `tbl_position` `e` on(`c`.`staff_position` = `e`.`ps_id`)) left join `tbl_depart_unit` `f` on(`c`.`staff_unit` = `f`.`unit_id`)) left join `tbl_leave_type` `g` on(`a`.`leave_type` = `g`.`lt_id`))) ;

-- --------------------------------------------------------

--
-- Structure for view `leave_history_view`
--
DROP TABLE IF EXISTS `leave_history_view`;

CREATE ALGORITHM=UNDEFINED DEFINER=`kplaocom`@`localhost` SQL SECURITY DEFINER VIEW `leave_history_view`  AS  (select `a`.`user_ids` AS `user_ids`,`a`.`lr_id` AS `lr_id`,`a`.`depart_id` AS `depart_id`,`a`.`reason` AS `reason`,`a`.`date_from` AS `date_from`,`a`.`date_to` AS `date_to`,concat(case when `c`.`staff_gender` = 1 then 'ທ້າວ' else 'ນາງ' end,' ',`c`.`staff_first_name`,' ',`c`.`staff_last_name`) AS `requester_full_name` from ((`tbl_leave_request` `a` left join `tbl_user` `b` on(`a`.`user_ids` = `b`.`user_ids`)) left join `tbl_staff` `c` on(`b`.`staff_id` = `c`.`staff_id`))) ;

-- --------------------------------------------------------

--
-- Structure for view `line_group_single`
--
DROP TABLE IF EXISTS `line_group_single`;

CREATE ALGORITHM=UNDEFINED DEFINER=`kplaocom`@`localhost` SQL SECURITY DEFINER VIEW `line_group_single`  AS  (select `a`.`line_token` AS `line_token`,`b`.`staff_depart` AS `staff_depart`,`c`.`role_level` AS `role_level` from ((`tbl_user` `a` left join `tbl_staff` `b` on(`a`.`staff_id` = `b`.`staff_id`)) left join `tbl_role_level` `c` on(`b`.`staff_position` = `c`.`ps_id`))) ;

-- --------------------------------------------------------

--
-- Structure for view `list_leave_view`
--
DROP TABLE IF EXISTS `list_leave_view`;

CREATE ALGORITHM=UNDEFINED DEFINER=`kplaocom`@`localhost` SQL SECURITY DEFINER VIEW `list_leave_view`  AS  (select `a`.`lr_id` AS `lr_id`,`c`.`user_ids` AS `user_ids`,case when `b`.`staff_gender` = 1 then 'ທ້າວ' else 'ນາງ' end AS `staff_gender`,`c`.`depart_id` AS `depart_id`,concat(`b`.`staff_first_name`,' ',`b`.`staff_last_name`) AS `full_name`,`d`.`leave_name` AS `leave_name`,`c`.`date_leave` AS `date_leave`,`c`.`hours_leave` AS `hours_leave`,`c`.`minus_leave` AS `minus_leave`,`c`.`date_from` AS `date_from`,`c`.`time_from` AS `time_from`,`c`.`date_to` AS `date_to`,`c`.`time_to` AS `time_to`,`c`.`reason` AS `reason`,case when `c`.`attatch_file` is null then 'ບໍ່ມີ' else 'ມີເອກະສານແນບ' end AS `attatch_file`,`a`.`approve_by` AS `approve_by`,`e`.`staff_id` AS `staff_id`,`a`.`approve_status` AS `approve_status` from ((((`tbl_approval` `a` left join `tbl_staff` `b` on(`a`.`approve_by` = `b`.`staff_code`)) left join `tbl_leave_request` `c` on(`a`.`lr_id` = `c`.`lr_id`)) left join `tbl_leave_type` `d` on(`c`.`leave_type` = `d`.`lt_id`)) left join `tbl_user` `e` on(`c`.`user_ids` = `e`.`user_ids`))) ;

-- --------------------------------------------------------

--
-- Structure for view `pre_count_leave`
--
DROP TABLE IF EXISTS `pre_count_leave`;

CREATE ALGORITHM=UNDEFINED DEFINER=`kplaocom`@`localhost` SQL SECURITY DEFINER VIEW `pre_count_leave`  AS  (select `tbl_leave_request`.`user_ids` AS `user_ids`,case when `tbl_leave_request`.`leave_type` = 1 then 1 else 0 end AS `sick_leave`,case when `tbl_leave_request`.`leave_type` = 2 then 1 else 0 end AS `anual_leave`,case when `tbl_leave_request`.`leave_type` = 3 then 1 else 0 end AS `pagneg_leave`,case when `tbl_leave_request`.`leave_type` = 4 then 1 else 0 end AS `mission_leave`,case when `tbl_leave_request`.`leave_type` = 5 then 1 else 0 end AS `married_leave`,case when `tbl_leave_request`.`leave_type` = 6 then 1 else 0 end AS `mong_leave`,case when `tbl_leave_request`.`leave_type` = 7 then 1 else 0 end AS `learn_leave`,case when `tbl_leave_request`.`leave_type` = 8 then 1 else 0 end AS `nopayment_leave`,case when `tbl_leave_request`.`leave_type` = 9 then 1 else 0 end AS `other_leave`,`tbl_leave_request`.`date_from` AS `date_from`,`tbl_leave_request`.`date_to` AS `date_to` from `tbl_leave_request`) ;

-- --------------------------------------------------------

--
-- Structure for view `pre_email_leave_id`
--
DROP TABLE IF EXISTS `pre_email_leave_id`;

CREATE ALGORITHM=UNDEFINED DEFINER=`kplaocom`@`localhost` SQL SECURITY DEFINER VIEW `pre_email_leave_id`  AS  (select `a`.`user_ids` AS `user_ids`,`a`.`lr_id` AS `lr_id`,concat(case when `d`.`staff_gender` = 1 then 'ທ້າວ' else 'ນາງ' end,' ',`d`.`staff_first_name`,' ',`d`.`staff_last_name`) AS `Full_name`,`a`.`reason` AS `reason`,`b`.`leave_name` AS `leave_name`,`c`.`User_names` AS `staff_email`,`h`.`depart_name` AS `depart_name`,`i`.`position_name` AS `position_name`,concat(date_format(`a`.`date_from`,'%e-%m-%Y'),' ',`a`.`time_from`) AS `start_date`,concat(date_format(`a`.`date_to`,'%e-%m-%Y'),' ',`a`.`time_to`) AS `to_date`,`e`.`approve_by` AS `approve_by`,`g`.`User_names` AS `app_email`,`g`.`line_token` AS `line_token`,concat(case when `f`.`staff_gender` = 1 then 'ທ້າວ' else 'ນາງ' end,' ',`f`.`staff_first_name`,' ',`f`.`staff_last_name`) AS `approval_name`,`j`.`depart_email` AS `depart_email` from (((((((((`tbl_leave_request` `a` left join `tbl_leave_type` `b` on(`a`.`leave_type` = `b`.`lt_id`)) left join `tbl_user` `c` on(`a`.`user_ids` = `c`.`user_ids`)) left join `tbl_staff` `d` on(`c`.`staff_id` = `d`.`staff_id`)) left join `tbl_approval` `e` on(`a`.`lr_id` = `e`.`lr_id`)) left join `tbl_staff` `f` on(`e`.`approve_by` = `f`.`staff_id`)) left join `tbl_user` `g` on(`f`.`staff_id` = `g`.`staff_id`)) left join `tbl_depart` `h` on(`d`.`staff_depart` = `h`.`depart_id`)) left join `tbl_position` `i` on(`d`.`staff_position` = `i`.`ps_id`)) left join `tbl_depart` `j` on(`f`.`staff_depart` = `j`.`depart_id`))) ;

-- --------------------------------------------------------

--
-- Structure for view `profile_leave_view`
--
DROP TABLE IF EXISTS `profile_leave_view`;

CREATE ALGORITHM=UNDEFINED DEFINER=`kplaocom`@`localhost` SQL SECURITY DEFINER VIEW `profile_leave_view`  AS  (select `a`.`user_ids` AS `user_ids`,`a`.`staff_id` AS `staff_id`,`b`.`staff_code` AS `staff_code`,`b`.`staff_first_name` AS `staff_first_name`,`b`.`staff_last_name` AS `staff_last_name`,case when `b`.`staff_gender` = '1' then 'ທ້າວ' else 'ນາງ' end AS `staff_gender`,`e`.`position_name` AS `staff_position`,`b`.`staff_depart` AS `depart_id`,`c`.`depart_name` AS `staff_depart`,`d`.`unit_name` AS `staff_unit` from ((((`tbl_user` `a` left join `tbl_staff` `b` on(`a`.`staff_id` = `b`.`staff_id`)) left join `tbl_depart` `c` on(`b`.`staff_depart` = `c`.`depart_id`)) left join `tbl_depart_unit` `d` on(`b`.`staff_unit` = `d`.`unit_id`)) left join `tbl_position` `e` on(`b`.`staff_position` = `e`.`ps_id`))) ;

-- --------------------------------------------------------

--
-- Structure for view `staff_email_leave`
--
DROP TABLE IF EXISTS `staff_email_leave`;

CREATE ALGORITHM=UNDEFINED DEFINER=`kplaocom`@`localhost` SQL SECURITY DEFINER VIEW `staff_email_leave`  AS  (select `a`.`user_ids` AS `user_ids`,`a`.`lr_id` AS `lr_id`,concat(case when `d`.`staff_gender` = 1 then 'ທ້າວ' else 'ນາງ' end,' ',`d`.`staff_first_name`,' ',`d`.`staff_last_name`) AS `Full_name`,`e`.`depart_name` AS `depart_name`,`f`.`position_name` AS `position_name`,`a`.`reason` AS `reason`,`b`.`leave_name` AS `leave_name`,`c`.`User_names` AS `staff_email`,`c`.`line_token` AS `line_token`,concat(`a`.`date_from`,' ',`a`.`time_from`) AS `start_date`,concat(`a`.`date_to`,' ',`a`.`time_to`) AS `to_date` from (((((`tbl_leave_request` `a` left join `tbl_leave_type` `b` on(`a`.`leave_type` = `b`.`lt_id`)) left join `tbl_user` `c` on(`a`.`user_ids` = `c`.`user_ids`)) left join `tbl_staff` `d` on(`c`.`staff_id` = `d`.`staff_id`)) left join `tbl_depart` `e` on(`d`.`staff_depart` = `e`.`depart_id`)) left join `tbl_position` `f` on(`d`.`staff_position` = `f`.`ps_id`))) ;

-- --------------------------------------------------------

--
-- Structure for view `staff_info_view`
--
DROP TABLE IF EXISTS `staff_info_view`;

CREATE ALGORITHM=UNDEFINED DEFINER=`kplaocom`@`localhost` SQL SECURITY DEFINER VIEW `staff_info_view`  AS  (select `a`.`staff_id` AS `staff_id`,`a`.`staff_code` AS `staff_code`,`a`.`staff_first_name` AS `staff_first_name`,`a`.`staff_last_name` AS `staff_last_name`,`a`.`staff_gender` AS `staff_gender`,case when `a`.`staff_gender` = 1 then 'ທ້າວ ' when `a`.`staff_gender` = 2 then 'ນາງ ' else 'ທ່ານ ' end AS `gender_name`,`c`.`depart_name` AS `depart_name`,`a`.`staff_unit` AS `staff_unit`,`d`.`unit_name` AS `unit_name`,`a`.`staff_position` AS `staff_position`,`b`.`position_name` AS `position_name`,`a`.`staff_depart` AS `staff_depart` from (((`tbl_staff` `a` left join `tbl_position` `b` on(`a`.`staff_position` = `b`.`ps_id`)) left join `tbl_depart` `c` on(`a`.`staff_depart` = `c`.`depart_id`)) left join `tbl_depart_unit` `d` on(`a`.`staff_unit` = `d`.`unit_id`))) ;

-- --------------------------------------------------------

--
-- Structure for view `users_info`
--
DROP TABLE IF EXISTS `users_info`;

CREATE ALGORITHM=UNDEFINED DEFINER=`kplaocom`@`localhost` SQL SECURITY DEFINER VIEW `users_info`  AS  (select `b`.`user_ids` AS `user_ids`,`a`.`staff_code` AS `staff_code`,`a`.`staff_id` AS `staff_id`,`b`.`User_names` AS `user_names`,concat(case when `a`.`staff_gender` = 1 then 'ທ້າວ ' when `a`.`staff_gender` = 2 then 'ນາງ ' else 'ທ່ານ ' end,`a`.`staff_first_name`,' ',`a`.`staff_last_name`) AS `full_name`,`c`.`depart_name` AS `depart_name`,`d`.`unit_name` AS `unit_name`,`e`.`position_name` AS `position_name`,case when `b`.`user_status` = 1 then 'ເປີດນຳໃຊ້' when `b`.`user_status` = 2 then 'ຢຸດນຳໃຊ້' when `b`.`user_status` = 0 then 'ກຽມນຳໃຊ້' when `b`.`user_status` = 3 then 'ປິດນຳໃຊ້' else 'ບໍ່ລົງທະບຽນ' end AS `user_status` from ((((`tbl_staff` `a` left join `tbl_user` `b` on(`a`.`staff_id` = `b`.`staff_id`)) left join `tbl_depart` `c` on(`a`.`staff_depart` = `c`.`depart_id`)) left join `tbl_depart_unit` `d` on(`a`.`staff_unit` = `d`.`unit_id`)) left join `tbl_position` `e` on(`a`.`staff_position` = `e`.`ps_id`))) ;

--
-- Indexes for dumped tables
--

--
-- Indexes for table `tbl_activity_type`
--
ALTER TABLE `tbl_activity_type`
  ADD PRIMARY KEY (`at_id`);

--
-- Indexes for table `tbl_approval`
--
ALTER TABLE `tbl_approval`
  ADD PRIMARY KEY (`la_id`);

--
-- Indexes for table `tbl_depart`
--
ALTER TABLE `tbl_depart`
  ADD PRIMARY KEY (`depart_id`);

--
-- Indexes for table `tbl_depart_unit`
--
ALTER TABLE `tbl_depart_unit`
  ADD PRIMARY KEY (`unit_id`);

--
-- Indexes for table `tbl_district`
--
ALTER TABLE `tbl_district`
  ADD PRIMARY KEY (`dt_id`);

--
-- Indexes for table `tbl_holiday`
--
ALTER TABLE `tbl_holiday`
  ADD PRIMARY KEY (`hd_id`);

--
-- Indexes for table `tbl_leave_request`
--
ALTER TABLE `tbl_leave_request`
  ADD PRIMARY KEY (`lr_id`);

--
-- Indexes for table `tbl_leave_request_document`
--
ALTER TABLE `tbl_leave_request_document`
  ADD PRIMARY KEY (`lrd_id`);

--
-- Indexes for table `tbl_leave_type`
--
ALTER TABLE `tbl_leave_type`
  ADD PRIMARY KEY (`lt_id`);

--
-- Indexes for table `tbl_position`
--
ALTER TABLE `tbl_position`
  ADD PRIMARY KEY (`ps_id`);

--
-- Indexes for table `tbl_role_level`
--
ALTER TABLE `tbl_role_level`
  ADD PRIMARY KEY (`rlv_id`);

--
-- Indexes for table `tbl_set_approval`
--
ALTER TABLE `tbl_set_approval`
  ADD PRIMARY KEY (`sa_id`);

--
-- Indexes for table `tbl_staff`
--
ALTER TABLE `tbl_staff`
  ADD PRIMARY KEY (`staff_id`);

--
-- Indexes for table `tbl_symptoms_follow`
--
ALTER TABLE `tbl_symptoms_follow`
  ADD PRIMARY KEY (`stf_id`);

--
-- Indexes for table `tbl_symptoms_type`
--
ALTER TABLE `tbl_symptoms_type`
  ADD PRIMARY KEY (`st_id`);

--
-- Indexes for table `tbl_time_line`
--
ALTER TABLE `tbl_time_line`
  ADD PRIMARY KEY (`tl_id`);

--
-- Indexes for table `tbl_total_leave`
--
ALTER TABLE `tbl_total_leave`
  ADD PRIMARY KEY (`tl_id`);

--
-- Indexes for table `tbl_user`
--
ALTER TABLE `tbl_user`
  ADD PRIMARY KEY (`user_ids`);

--
-- AUTO_INCREMENT for dumped tables
--

--
-- AUTO_INCREMENT for table `tbl_activity_type`
--
ALTER TABLE `tbl_activity_type`
  MODIFY `at_id` int(11) NOT NULL AUTO_INCREMENT, AUTO_INCREMENT=9;

--
-- AUTO_INCREMENT for table `tbl_approval`
--
ALTER TABLE `tbl_approval`
  MODIFY `la_id` int(11) NOT NULL AUTO_INCREMENT, AUTO_INCREMENT=1233;

--
-- AUTO_INCREMENT for table `tbl_depart`
--
ALTER TABLE `tbl_depart`
  MODIFY `depart_id` int(11) NOT NULL AUTO_INCREMENT, AUTO_INCREMENT=25;

--
-- AUTO_INCREMENT for table `tbl_depart_unit`
--
ALTER TABLE `tbl_depart_unit`
  MODIFY `unit_id` int(11) NOT NULL AUTO_INCREMENT, AUTO_INCREMENT=47;

--
-- AUTO_INCREMENT for table `tbl_district`
--
ALTER TABLE `tbl_district`
  MODIFY `dt_id` int(11) NOT NULL AUTO_INCREMENT, AUTO_INCREMENT=10;

--
-- AUTO_INCREMENT for table `tbl_holiday`
--
ALTER TABLE `tbl_holiday`
  MODIFY `hd_id` int(11) NOT NULL AUTO_INCREMENT;

--
-- AUTO_INCREMENT for table `tbl_leave_request`
--
ALTER TABLE `tbl_leave_request`
  MODIFY `lr_id` int(11) NOT NULL AUTO_INCREMENT, AUTO_INCREMENT=572;

--
-- AUTO_INCREMENT for table `tbl_leave_request_document`
--
ALTER TABLE `tbl_leave_request_document`
  MODIFY `lrd_id` int(11) NOT NULL AUTO_INCREMENT;

--
-- AUTO_INCREMENT for table `tbl_leave_type`
--
ALTER TABLE `tbl_leave_type`
  MODIFY `lt_id` int(11) NOT NULL AUTO_INCREMENT, AUTO_INCREMENT=10;

--
-- AUTO_INCREMENT for table `tbl_position`
--
ALTER TABLE `tbl_position`
  MODIFY `ps_id` int(11) NOT NULL AUTO_INCREMENT, AUTO_INCREMENT=221;

--
-- AUTO_INCREMENT for table `tbl_role_level`
--
ALTER TABLE `tbl_role_level`
  MODIFY `rlv_id` int(11) NOT NULL AUTO_INCREMENT, AUTO_INCREMENT=192;

--
-- AUTO_INCREMENT for table `tbl_set_approval`
--
ALTER TABLE `tbl_set_approval`
  MODIFY `sa_id` int(11) NOT NULL AUTO_INCREMENT, AUTO_INCREMENT=100;

--
-- AUTO_INCREMENT for table `tbl_staff`
--
ALTER TABLE `tbl_staff`
  MODIFY `staff_id` int(11) NOT NULL AUTO_INCREMENT, AUTO_INCREMENT=194;

--
-- AUTO_INCREMENT for table `tbl_symptoms_follow`
--
ALTER TABLE `tbl_symptoms_follow`
  MODIFY `stf_id` int(11) NOT NULL AUTO_INCREMENT, AUTO_INCREMENT=514;

--
-- AUTO_INCREMENT for table `tbl_symptoms_type`
--
ALTER TABLE `tbl_symptoms_type`
  MODIFY `st_id` int(11) NOT NULL AUTO_INCREMENT, AUTO_INCREMENT=8;

--
-- AUTO_INCREMENT for table `tbl_time_line`
--
ALTER TABLE `tbl_time_line`
  MODIFY `tl_id` int(11) NOT NULL AUTO_INCREMENT, AUTO_INCREMENT=837;

--
-- AUTO_INCREMENT for table `tbl_total_leave`
--
ALTER TABLE `tbl_total_leave`
  MODIFY `tl_id` int(11) NOT NULL AUTO_INCREMENT, AUTO_INCREMENT=13;

--
-- AUTO_INCREMENT for table `tbl_user`
--
ALTER TABLE `tbl_user`
  MODIFY `user_ids` int(11) NOT NULL AUTO_INCREMENT, AUTO_INCREMENT=147;
COMMIT;

/*!40101 SET CHARACTER_SET_CLIENT=@OLD_CHARACTER_SET_CLIENT */;
/*!40101 SET CHARACTER_SET_RESULTS=@OLD_CHARACTER_SET_RESULTS */;
/*!40101 SET COLLATION_CONNECTION=@OLD_COLLATION_CONNECTION */;
